movieId,title,genre_combo,genre_count,tmdbId,avg_rating,num_ratings,all_tags,features,poster_url
1,Toy Story (1995),"Adventure,Animation,Children,Comedy,Fantasy",5,862.0,3.9209302325581397,645,pixar fun,Adventure Animation Children Comedy Fantasy pixar fun,https://image.tmdb.org/t/p/w300/uXDfjJbdP4ijW5hWSBrPrlKpxab.jpg
2,Jumanji (1995),"Adventure,Children,Fantasy",3,8844.0,3.4318181818181817,440,fantasy magic board game Robin Williams game,Adventure Children Fantasy fantasy magic board game Robin Williams game,https://image.tmdb.org/t/p/w300/iWV47r6kFneCiApgrMII5HSkfHw.jpg
3,Grumpier Old Men (1995),"Comedy,Romance",2,15602.0,3.2596153846153846,104,moldy old,Comedy Romance moldy old,https://image.tmdb.org/t/p/w300/1FSXpj5e8l4KH6nVFO5SPUeraOt.jpg
5,Father of the Bride Part II (1995),Comedy,1,11862.0,3.0714285714285716,98,pregnancy remake,Comedy pregnancy remake,https://image.tmdb.org/t/p/w300/rj4LBtwQ0uGrpBnCELr716Qo3mw.jpg
7,Sabrina (1995),"Comedy,Romance",2,11860.0,3.185185185185185,54,remake,Comedy Romance remake,https://image.tmdb.org/t/p/w300/i8PbLJDPU7vCwwscWD625oHbJy.jpg
11,"American President, The (1995)","Comedy,Drama,Romance",3,9087.0,3.6714285714285713,140,politics president,Comedy Drama Romance politics president,https://image.tmdb.org/t/p/w300/yObOAYFIHXHkFPQ3jhgkN2ezaD.jpg
14,Nixon (1995),Drama,1,10858.0,3.8333333333333335,36,politics president,Drama politics president,https://image.tmdb.org/t/p/w300/cz2MTGr2wpDZLirgV2rGHBdA2t3.jpg
16,Casino (1995),"Crime,Drama",2,524.0,3.926829268292683,82,Mafia,Crime Drama Mafia,https://image.tmdb.org/t/p/w300/gziIkUSnYuj9ChCi8qOu2ZunpSC.jpg
17,Sense and Sensibility (1995),"Drama,Romance",2,4584.0,3.7761194029850746,67,Jane Austen,Drama Romance Jane Austen,https://image.tmdb.org/t/p/w300/cBK2yL3HqhFvIVd7lLtazWlRZPR.jpg
21,Get Shorty (1995),"Comedy,Crime,Thriller",3,8012.0,3.49438202247191,89,Hollywood,Comedy Crime Thriller Hollywood,https://image.tmdb.org/t/p/w300/r82SdPhg4fnIcLt0ogIjQxqjdcO.jpg
22,Copycat (1995),"Crime,Drama,Horror,Mystery,Thriller",5,1710.0,3.2222222222222223,36,serial killer,Crime Drama Horror Mystery Thriller serial killer,https://image.tmdb.org/t/p/w300/oMgwJb016znNZcpDR20eXxZoW8A.jpg
25,Leaving Las Vegas (1995),"Drama,Romance",2,451.0,3.625,76,alcoholism,Drama Romance alcoholism,https://image.tmdb.org/t/p/w300/wTrFpGe3U65kXTldIUxuM2hmOAK.jpg
26,Othello (1995),Drama,1,16420.0,3.5,13,Shakespeare,Drama Shakespeare,https://image.tmdb.org/t/p/w300/kyevuYzW36wKadiE8lftLac5VwQ.jpg
28,Persuasion (1995),"Drama,Romance",2,17015.0,4.2272727272727275,22,In Netflix queue Jane Austen,Drama Romance In Netflix queue Jane Austen,https://image.tmdb.org/t/p/w300/10hycdhFLq3M3y0ONxIMSiY8Mrs.jpg
29,"City of Lost Children, The (Cité des enfants perdus, La) (1995)","Adventure,Drama,Fantasy,Mystery,Sci-Fi",5,902.0,4.0131578947368425,38,kidnapping,Adventure Drama Fantasy Mystery Sci-Fi kidnapping,https://image.tmdb.org/t/p/w300/whwT3Q9JxbAYzEc3t7uYYcCbTMf.jpg
31,Dangerous Minds (1995),Drama,1,9909.0,3.1842105263157894,76,high school teacher,Drama high school teacher,https://image.tmdb.org/t/p/w300/yWHWC8fJRp2kLgiFrEa8o3krOH9.jpg
32,Twelve Monkeys (a.k.a. 12 Monkeys) (1995),"Mystery,Sci-Fi,Thriller",3,63.0,3.983050847457627,1770,time travel Brad Pitt Bruce Willis mindfuck Post apocalyptic post-apocalyptic remake twist ending,Mystery Sci-Fi Thriller time travel Brad Pitt Bruce Willis mindfuck Post apocalyptic post-apocalyptic remake twist ending,https://image.tmdb.org/t/p/w300/gt3iyguaCIw8DpQZI1LIN5TohM2.jpg
34,Babe (1995),"Children,Drama",2,9598.0,3.65234375,384,Animal movie pigs villain nonexistent or not needed for good story,Children Drama Animal movie pigs villain nonexistent or not needed for good story,https://image.tmdb.org/t/p/w300/zKuQMtnbVTz9DsOnOJmlW71v4qH.jpg
36,Dead Man Walking (1995),"Crime,Drama",2,687.0,3.8358208955223883,134,death penalty Nun,Crime Drama death penalty Nun,https://image.tmdb.org/t/p/w300/eShxyjhWoFl3BwsuEmVsr4nLaMZ.jpg
38,It Takes Two (1995),"Children,Comedy",2,33689.0,2.125,4,twins,Children Comedy twins,https://image.tmdb.org/t/p/w300/4CptjFLiIJXtjc3dykS7vkEHMbw.jpg
39,Clueless (1995),"Comedy,Romance",2,9603.0,3.293269230769231,728,chick flick funny Paul Rudd quotable seen more than once Emma Jane Austen,Comedy Romance chick flick funny Paul Rudd quotable seen more than once Emma Jane Austen,https://image.tmdb.org/t/p/w300/8AwVTcgpTnmeOs4TdTWqcFDXEsA.jpg
40,"Cry, the Beloved Country (1995)",Drama,1,34615.0,4.25,4,In Netflix queue South Africa,Drama In Netflix queue South Africa,https://image.tmdb.org/t/p/w300/96TZr6o4kuiIEryC5jkzaQoP6m5.jpg
41,Richard III (1995),"Drama,War",2,31174.0,3.7,15,Shakespeare,Drama War Shakespeare,https://image.tmdb.org/t/p/w300/cBg1AMH1ucPsDlNMfcHlrreQXQX.jpg
43,Restoration (1995),Drama,1,35196.0,3.1875,8,England,Drama England,https://image.tmdb.org/t/p/w300/z1YM3WFZnF2NwHT5IRGYUcvZBSl.jpg
45,To Die For (1995),"Comedy,Drama,Thriller",3,577.0,3.3125,32,Journalism,Comedy Drama Thriller Journalism,https://image.tmdb.org/t/p/w300/whz4bwvqE1OmQHIyqHdZD8jU9CO.jpg
46,How to Make an American Quilt (1995),"Drama,Romance",2,11861.0,3.066666666666667,15,wedding,Drama Romance wedding,https://image.tmdb.org/t/p/w300/pI9UAemlWgdrnjRgYJsbTk8BSJc.jpg
47,Seven (a.k.a. Se7en) (1995),"Mystery,Thriller",2,807.0,3.9753694581280787,609,mystery twist ending serial killer,Mystery Thriller mystery twist ending serial killer,https://image.tmdb.org/t/p/w300/191nKfP0ehp3uIvWqgPbFmI4lv9.jpg
50,"Usual Suspects, The (1995)","Crime,Mystery,Thriller",3,629.0,4.237745098039215,1224,mindfuck suspense thriller tricky twist ending heist,Crime Mystery Thriller mindfuck suspense thriller tricky twist ending heist,https://image.tmdb.org/t/p/w300/99X2SgyFunJFXGAYnDv3sb9pnUD.jpg
52,Mighty Aphrodite (1995),"Comedy,Drama,Romance",3,11448.0,3.4642857142857144,56,adoption prostitution,Comedy Drama Romance adoption prostitution,https://image.tmdb.org/t/p/w300/ice135yQZp4iX2SgCmd90nKgS5j.jpg
58,"Postman, The (Postino, Il) (1994)","Comedy,Drama,Romance",3,11010.0,4.027027027027027,37,writing,Comedy Drama Romance writing,https://image.tmdb.org/t/p/w300/cUaCpjVDefYShKyLmkcDsiPaBHn.jpg
62,Mr. Holland's Opus (1995),Drama,1,2054.0,3.70625,80,music,Drama music,https://image.tmdb.org/t/p/w300/kBmwWeSN3ajnYHZ3dSybEobxEPI.jpg
92,Mary Reilly (1996),"Drama,Horror,Thriller",3,9095.0,2.625,8,Jekyll and Hyde,Drama Horror Thriller Jekyll and Hyde,https://image.tmdb.org/t/p/w300/cW5wTiv5fdtBOd22utmAIZBCMS3.jpg
96,In the Bleak Midwinter (1995),"Comedy,Drama",2,40154.0,3.5,1,theater,Comedy Drama theater,https://image.tmdb.org/t/p/w300/eUrv3E65orbuPnFikjpjso4TVBN.jpg
101,Bottle Rocket (1996),"Adventure,Comedy,Crime,Romance",4,13685.0,3.782608695652174,69,crime off-beat comedy quirky,Adventure Comedy Crime Romance crime off-beat comedy quirky,https://image.tmdb.org/t/p/w300/wOPiNYt9V3Cbr9Izeddwj7nU8RT.jpg
104,Happy Gilmore (1996),Comedy,1,9614.0,3.4393939393939394,297,test tag golf Adam Sandler,Comedy test tag golf Adam Sandler,https://image.tmdb.org/t/p/w300/4RnCeRzvI1xk5tuNWjpDKzSnJDk.jpg
107,Muppet Treasure Island (1996),"Adventure,Children,Comedy,Musical",4,10874.0,3.326923076923077,26,muppets,Adventure Children Comedy Musical muppets,https://image.tmdb.org/t/p/w300/k4KW2CUkzDKaCy4H4cS02cO8gvV.jpg
110,Braveheart (1995),"Action,Drama,War",3,197.0,4.031645569620253,2370,beautiful scenery epic historical inspirational Medieval mel gibson Oscar (Best Cinematography) revenge sword fight Scotland,Action Drama War beautiful scenery epic historical inspirational Medieval mel gibson Oscar (Best Cinematography) revenge sword fight Scotland,https://image.tmdb.org/t/p/w300/or1gBugydmjToAEq7OZY0owwFk.jpg
111,Taxi Driver (1976),"Crime,Drama,Thriller",3,103.0,4.105769230769231,104,assassination,Crime Drama Thriller assassination,https://image.tmdb.org/t/p/w300/ekstpH614fwDX8DUln1a2Opz0N8.jpg
116,Anne Frank Remembered (1995),Documentary,1,51352.0,3.9,5,Holocaust,Documentary Holocaust,https://image.tmdb.org/t/p/w300/6nyhzrSGimCbdxiY8DEO7kI7xx4.jpg
122,Boomerang (1992),"Comedy,Romance",2,11066.0,2.65625,16,dating,Comedy Romance dating,https://image.tmdb.org/t/p/w300/apwkBVaJqLuK6mxe6sOABCeNjRw.jpg
140,Up Close and Personal (1996),"Drama,Romance",2,9302.0,3.5,16,journalism,Drama Romance journalism,https://image.tmdb.org/t/p/w300/zF67qcf7skMHLpXnifodinUqCFr.jpg
147,"Basketball Diaries, The (1995)",Drama,1,10474.0,3.466666666666667,60,addiction heroin Leonardo DiCaprio Mark Wahlberg,Drama addiction heroin Leonardo DiCaprio Mark Wahlberg,https://image.tmdb.org/t/p/w300/AhvO1GGDPIgN0hOqZEgaFCbswMK.jpg
150,Apollo 13 (1995),"Adventure,Drama,IMAX",3,568.0,3.845771144278607,603,moon NASA space,Adventure Drama IMAX moon NASA space,https://image.tmdb.org/t/p/w300/tVeKscCm2fY1xDXZk8PgnZ87h9S.jpg
153,Batman Forever (1995),"Action,Adventure,Comedy,Crime",4,414.0,2.9160583941605838,274,superhero,Action Adventure Comedy Crime superhero,https://image.tmdb.org/t/p/w300/i0fJS8M5UKoETjjJ0zwUiKaR8tr.jpg
160,Congo (1995),"Action,Adventure,Mystery,Sci-Fi",4,10329.0,2.8771929824561404,57,Michael Crichton,Action Adventure Mystery Sci-Fi Michael Crichton,https://image.tmdb.org/t/p/w300/hPNSToNIIpRO6y5Rh973leqQqNr.jpg
161,Crimson Tide (1995),"Drama,Thriller,War",3,8963.0,3.6359223300970873,103,submarine,Drama Thriller War submarine,https://image.tmdb.org/t/p/w300/21nqRJ6ofEgVvEl68J4O9V26Xzy.jpg
162,Crumb (1994),Documentary,1,26564.0,4.205882352941177,17,In Netflix queue,Documentary In Netflix queue,https://image.tmdb.org/t/p/w300/9ocTHdBCJdwJ65Tubg3lYlfMxEY.jpg
175,Kids (1995),Drama,1,9344.0,3.975,60,controversial New York City Nudity (Full Frontal),Drama controversial New York City Nudity (Full Frontal),https://image.tmdb.org/t/p/w300/8qV8hUVCUnFIQKewzlhaFWhdszK.jpg
185,"Net, The (1995)","Action,Crime,Thriller",3,1642.0,3.0401785714285716,112,computers,Action Crime Thriller computers,https://image.tmdb.org/t/p/w300/dtupntUFMD5iXBo8HLfALt2ET4R.jpg
199,"Umbrellas of Cherbourg, The (Parapluies de Cherbourg, Les) (1964)","Drama,Musical,Romance",3,5967.0,4.125,4,Made me cry,Drama Musical Romance Made me cry,https://image.tmdb.org/t/p/w300/tAgTf64XKK5ir7w5C7dnB53jWWG.jpg
215,Before Sunrise (1995),"Drama,Romance",2,76.0,4.041666666666667,24,generation X,Drama Romance generation X,https://image.tmdb.org/t/p/w300/kf1Jb1c2JAOqjuzA3H4oDM263uB.jpg
216,Billy Madison (1995),Comedy,1,11017.0,3.326530612244898,147,school Adam Sandler stop looking at me swan,Comedy school Adam Sandler stop looking at me swan,https://image.tmdb.org/t/p/w300/sOdgtJdFalL9kRKaeJItARLTAEq.jpg
222,Circle of Friends (1995),"Drama,Romance",2,22625.0,3.75,16,Ireland,Drama Romance Ireland,https://image.tmdb.org/t/p/w300/2QLTcXxrdSBrEgQZjPjpCf5QS4f.jpg
223,Clerks (1994),Comedy,1,2292.0,3.855769230769231,624,cynical hilarious independent film quirky witty generation X,Comedy cynical hilarious independent film quirky witty generation X,https://image.tmdb.org/t/p/w300/9IiSgiq4h4siTIS9H3o4nZ3h5L9.jpg
224,Don Juan DeMarco (1995),"Comedy,Drama,Romance",3,1909.0,3.6125,80,mental illness psychology,Comedy Drama Romance mental illness psychology,https://image.tmdb.org/t/p/w300/fe0TuYz9jCKUba2Omj48K8bWJ8z.jpg
230,Dolores Claiborne (1995),"Drama,Thriller",2,11929.0,3.3958333333333335,24,Stephen King,Drama Thriller Stephen King,https://image.tmdb.org/t/p/w300/iQuwx3UAyXbE9tzdM3jLqtbogc4.jpg
232,Eat Drink Man Woman (Yin shi nan nu) (1994),"Comedy,Drama,Romance",3,10451.0,3.892857142857143,14,In Netflix queue,Comedy Drama Romance In Netflix queue,https://image.tmdb.org/t/p/w300/olhIWtIBFg6VWK59DEd4lAvgVgz.jpg
235,Ed Wood (1994),"Comedy,Drama",2,522.0,3.6785714285714284,70,movie business,Comedy Drama movie business,https://image.tmdb.org/t/p/w300/n8SrO3WbyuY2b6KazogqbQF348C.jpg
237,Forget Paris (1995),"Comedy,Romance",2,10525.0,3.340909090909091,66,basketball France infertility,Comedy Romance basketball France infertility,https://image.tmdb.org/t/p/w300/c2RwGHqWwvh7nmRKpdIyYUWMEvP.jpg
246,Hoop Dreams (1994),Documentary,1,14275.0,4.293103448275862,29,basketball,Documentary basketball,https://image.tmdb.org/t/p/w300/gLzHl2XBtVwycl8DxdOXRHPm8G3.jpg
247,Heavenly Creatures (1994),"Crime,Drama",2,1024.0,3.9285714285714284,21,Australia,Crime Drama Australia,https://image.tmdb.org/t/p/w300/AsZ286PDaYy8rZTKDDEbhrWV9gq.jpg
248,Houseguest (1994),Comedy,1,17207.0,3.176470588235294,34,bad Sinbad,Comedy bad Sinbad,https://image.tmdb.org/t/p/w300/cdiHlZho11EEqD3aPanYe1rEYRB.jpg
249,Immortal Beloved (1994),"Drama,Romance",2,13701.0,3.7222222222222223,18,Beethoven,Drama Romance Beethoven,https://image.tmdb.org/t/p/w300/lkqz2R5pjXeDaiIjR3Z6JTGjtg6.jpg
252,I.Q. (1994),"Comedy,Romance",2,11777.0,3.453488372093023,43,Einstein,Comedy Romance Einstein,https://image.tmdb.org/t/p/w300/5we3ZV6yiw13b8zGk4LuacuV8n7.jpg
257,Just Cause (1995),"Mystery,Thriller",2,9061.0,3.5,14,court,Mystery Thriller court,https://image.tmdb.org/t/p/w300/hbkS4UpgHcGhLlGy9YCX4WIJ4lu.jpg
260,Star Wars: Episode IV - A New Hope (1977),"Action,Adventure,Sci-Fi",3,11.0,4.231075697211155,6526,classic space action action sci-fi EPIC great soundtrack classic sci-fi engrossing adventure Nerd space epic oldie but goodie Star Wars ROBOTS AND ANDROIDS space space adventure darth vader luke skywalker space opera,Action Adventure Sci-Fi classic space action action sci-fi EPIC great soundtrack classic sci-fi engrossing adventure Nerd space epic oldie but goodie Star Wars ROBOTS AND ANDROIDS space space adventure darth vader luke skywalker space opera,https://image.tmdb.org/t/p/w300/6FfCtAuVAW8XJjZ7eWeLibRLWTw.jpg
261,Little Women (1994),Drama,1,9587.0,3.880952380952381,42,Louisa May Alcott,Drama Louisa May Alcott,https://image.tmdb.org/t/p/w300/1ZzH1XMcKAe5NdrKL5MfcqZHHsZ.jpg
262,"Little Princess, A (1995)","Children,Drama",2,19101.0,3.9047619047619047,63,England Girl Power India,Children Drama England Girl Power India,https://image.tmdb.org/t/p/w300/9V4bAVEskSNbEqjVI0YmeuB0n8I.jpg
272,"Madness of King George, The (1994)","Comedy,Drama",2,11318.0,3.7580645161290325,62,England mental illness,Comedy Drama England mental illness,https://image.tmdb.org/t/p/w300/1dTSY023ZyBbgVSKDRuA6JLGSnZ.jpg
273,Mary Shelley's Frankenstein (Frankenstein) (1994),"Drama,Horror,Sci-Fi",3,3036.0,2.9464285714285716,28,gothic,Drama Horror Sci-Fi gothic,https://image.tmdb.org/t/p/w300/bOwCAQsZlEKrwhPi1ejY6BS8jpL.jpg
277,Miracle on 34th Street (1994),Drama,1,10510.0,3.223684210526316,38,Christmas,Drama Christmas,https://image.tmdb.org/t/p/w300/iUTPKkljdEjPlcPPYgbUz7APnHu.jpg
279,My Family (1995),Drama,1,38722.0,3.0,2,In Netflix queue,Drama In Netflix queue,https://image.tmdb.org/t/p/w300/i6t6QF5QyUd3UAQ8JM8eVU1169D.jpg
280,Murder in the First (1995),"Drama,Thriller",2,8438.0,4.076923076923077,13,prison,Drama Thriller prison,https://image.tmdb.org/t/p/w300/duUpJUmuz82OKMwGnKc8sCV7emS.jpg
282,Nell (1994),Drama,1,1945.0,3.3375,80,disability twins,Drama disability twins,https://image.tmdb.org/t/p/w300/aIDp3x2YfijtdherR28pIH6yenn.jpg
288,Natural Born Killers (1994),"Action,Crime,Thriller",3,241.0,3.233695652173913,552,brutality controversial dark comedy psychedelic satire stylized,Action Crime Thriller brutality controversial dark comedy psychedelic satire stylized,https://image.tmdb.org/t/p/w300/fEKZwT91gxvkAoyPgpNXo8W5fu0.jpg
290,Once Were Warriors (1994),"Crime,Drama",2,527.0,4.035714285714286,14,In Netflix queue,Crime Drama In Netflix queue,https://image.tmdb.org/t/p/w300/kRNANrGG50AaU2TwN0kg7tkYqlQ.jpg
293,Léon: The Professional (a.k.a. The Professional) (Léon) (1994),"Action,Crime,Drama,Thriller",4,101.0,4.018796992481203,4655,assassin Jean Reno hit men Action assassination assassins awkward romance corruption crime disturbing drama French friendship Gary Oldman great acting Guns hitman humorous imdb top 250 Lolita theme loneliness love story Luc Besson Natalie Portman organized crime police police corruption quirky sniper tense touching unique,Action Crime Drama Thriller assassin Jean Reno hit men Action assassination assassins awkward romance corruption crime disturbing drama French friendship Gary Oldman great acting Guns hitman humorous imdb top 250 Lolita theme loneliness love story Luc Besson Natalie Portman organized crime police police corruption quirky sniper tense touching unique,https://image.tmdb.org/t/p/w300/bxB2q91nKYp8JNzqE7t7TWBVupB.jpg
296,Pulp Fiction (1994),"Comedy,Crime,Drama,Thriller",4,680.0,4.197068403908795,55567,good dialogue great soundtrack non-linear cult film drugs Quentin Tarantino Tarantino hit men 1990s achronological action action packed aggressive amazing amazing dialogues anthology assassin atmospheric AWESOME bad ass bad language bad-ass bible biblical references big boys with guns big name actors Black comedy black humor black humour blood blood splatters bloody bruce willis brutality casual violence character development characters classic classic movie coke comedy conversation cool cool style crime crime scene scrubbing cult cult classic dance dancing dark dark comedy dark humor dialogue different diner disjointed timeline disturbing drama drug overdose drugs & music ensemble cast entertaining entirely dialogue episodic exciting fast paced fast-paced film noir film-noir foul language fun funny gangster gangsters genius golden watch good music gore great acting great dialogue gritty guns Harvey Keitel heroin Highly quotable hitman homosexuality humour iconic imdb top 250 innovative intellectual intelligent intense interesting intertwining storylines interwoven storylines ironic irony John Travolta killer-as-protagonist los angeles Mafia masterpiece meaningless violence milkshake mobster mobsters monologue motherfucker multiple stories multiple storylines neo-noir noir non-linear timeline nonlinear nonlinear narrative nonlinear storyline nonlinear timeline notable soundtrack offensive organised crime organized crime original original plot out of order Palme d'Or parody philosophical pop culture references psychological pulp quirky Quotable r:disturbing violent content including rape r:disturbing violent images r:graphic sexuality r:some violence r:strong bloody violence r:strong language r:sustained strong stylized violence r:violence random rape retro Roger Avary royal with cheese Samuel L. Jackson sarcasm satire sexy smart writing sophisticated soundtrack splatter Steve Buscemi storytelling stylish stylized suspense thought-provoking thriller travolta twist ending Uma Thurman unique unpredictable unusual very funny violence violent witty,Comedy Crime Drama Thriller good dialogue great soundtrack non-linear cult film drugs Quentin Tarantino Tarantino hit men 1990s achronological action action packed aggressive amazing amazing dialogues anthology assassin atmospheric AWESOME bad ass bad language bad-ass bible biblical references big boys with guns big name actors Black comedy black humor black humour blood blood splatters bloody bruce willis brutality casual violence character development characters classic classic movie coke comedy conversation cool cool style crime crime scene scrubbing cult cult classic dance dancing dark dark comedy dark humor dialogue different diner disjointed timeline disturbing drama drug overdose drugs & music ensemble cast entertaining entirely dialogue episodic exciting fast paced fast-paced film noir film-noir foul language fun funny gangster gangsters genius golden watch good music gore great acting great dialogue gritty guns Harvey Keitel heroin Highly quotable hitman homosexuality humour iconic imdb top 250 innovative intellectual intelligent intense interesting intertwining storylines interwoven storylines ironic irony John Travolta killer-as-protagonist los angeles Mafia masterpiece meaningless violence milkshake mobster mobsters monologue motherfucker multiple stories multiple storylines neo-noir noir non-linear timeline nonlinear nonlinear narrative nonlinear storyline nonlinear timeline notable soundtrack offensive organised crime organized crime original original plot out of order Palme d'Or parody philosophical pop culture references psychological pulp quirky Quotable r:disturbing violent content including rape r:disturbing violent images r:graphic sexuality r:some violence r:strong bloody violence r:strong language r:sustained strong stylized violence r:violence random rape retro Roger Avary royal with cheese Samuel L. Jackson sarcasm satire sexy smart writing sophisticated soundtrack splatter Steve Buscemi storytelling stylish stylized suspense thought-provoking thriller travolta twist ending Uma Thurman unique unpredictable unusual very funny violence violent witty,https://image.tmdb.org/t/p/w300/vQWk5YBFWF4bZaofAbv0tShwBvQ.jpg
300,Quiz Show (1994),Drama,1,11450.0,3.5185185185185186,81,TV,Drama TV,https://image.tmdb.org/t/p/w300/yoGJo1h3Hl2exXPVcG9UXWDENtX.jpg
307,Three Colors: Blue (Trois couleurs: Bleu) (1993),Drama,1,108.0,3.8958333333333335,24,Death,Drama Death,https://image.tmdb.org/t/p/w300/33wsWxzsNstI8N7dvuwzFmj1qBd.jpg
308,Three Colors: White (Trzy kolory: Bialy) (1994),"Comedy,Drama",2,109.0,4.025,40,marriage cynical,Comedy Drama marriage cynical,https://image.tmdb.org/t/p/w300/fdIet3NSa27gobMbaUml66oCQNT.jpg
316,Stargate (1994),"Action,Adventure,Sci-Fi",3,2164.0,3.375,140,time travel,Action Adventure Sci-Fi time travel,https://image.tmdb.org/t/p/w300/4T6Po0XnZlevmhfPh3ZfEs5butR.jpg
317,"Santa Clause, The (1994)","Comedy,Drama,Fantasy",3,11395.0,3.2037037037037037,81,Christmas,Comedy Drama Fantasy Christmas,https://image.tmdb.org/t/p/w300/hvV2rI60qOYELT7tHHLpxtafnBZ.jpg
318,"Shawshank Redemption, The (1994)","Crime,Drama",2,278.0,4.429022082018927,1268,prison Stephen King wrongful imprisonment Morgan Freeman,Crime Drama prison Stephen King wrongful imprisonment Morgan Freeman,https://image.tmdb.org/t/p/w300/9cqNxx0GxF0bflZmeSMuL5tnGzr.jpg
326,To Live (Huozhe) (1994),Drama,1,31439.0,4.0,3,In Netflix queue,Drama In Netflix queue,https://image.tmdb.org/t/p/w300/bv0qREWTw8TPAtgt22ELp1UlKVl.jpg
329,Star Trek: Generations (1994),"Adventure,Drama,Sci-Fi",3,193.0,3.3935185185185186,108,Enterprise,Adventure Drama Sci-Fi Enterprise,https://image.tmdb.org/t/p/w300/gh0ZZRwSmlzEZTIZee3ZCN9Jssx.jpg
337,What's Eating Gilbert Grape (1993),Drama,1,1587.0,3.7662337662337664,77,mental illness,Drama mental illness,https://image.tmdb.org/t/p/w300/8FxWgsfDNosewo7H65oE4QkOb7g.jpg
338,Virtuosity (1995),"Action,Sci-Fi,Thriller",3,9271.0,2.8421052631578947,19,serial killer,Action Sci-Fi Thriller serial killer,https://image.tmdb.org/t/p/w300/5emgnXYrXjqyiup2JsvtuENseiV.jpg
339,While You Were Sleeping (1995),"Comedy,Romance",2,2064.0,3.4693877551020407,98,coma,Comedy Romance coma,https://image.tmdb.org/t/p/w300/qNGO3ETcNwlWqK2kNRpbJSJRlos.jpg
342,Muriel's Wedding (1994),Comedy,1,236.0,3.272727272727273,66,Australia weddings,Comedy Australia weddings,https://image.tmdb.org/t/p/w300/zJyTr8Fo412a2OIfJGXTRAm4IwX.jpg
345,"Adventures of Priscilla, Queen of the Desert, The (1994)","Comedy,Drama",2,2759.0,3.5972222222222223,108,cross dressing men in drag remade,Comedy Drama cross dressing men in drag remade,https://image.tmdb.org/t/p/w300/kJ7syYXEJgSBmBfSnF3Can9cK1J.jpg
349,Clear and Present Danger (1994),"Action,Crime,Drama,Thriller",4,9331.0,3.6045454545454545,110,Tom Clancy,Action Crime Drama Thriller Tom Clancy,https://image.tmdb.org/t/p/w300/6xTM8FPxrLRYwz6I3fqtwh7xybs.jpg
350,"Client, The (1994)","Drama,Mystery,Thriller",3,10731.0,3.3859649122807016,57,John Grisham,Drama Mystery Thriller John Grisham,https://image.tmdb.org/t/p/w300/oLdkJ4ZjxPtFSUChdjDQvHM9l75.jpg
351,"Corrina, Corrina (1994)","Comedy,Drama,Romance",3,10464.0,3.176470588235294,17,interracial romance,Comedy Drama Romance interracial romance,https://image.tmdb.org/t/p/w300/xuEubxRGut2Yh118RyNa6ruXXCp.jpg
356,Forrest Gump (1994),"Comedy,Drama,Romance,War",4,13.0,4.164133738601824,2961,shrimp Vietnam bubba gump shrimp lieutenant dan stupid is as stupid does bittersweet emotional heartwarming touching,Comedy Drama Romance War shrimp Vietnam bubba gump shrimp lieutenant dan stupid is as stupid does bittersweet emotional heartwarming touching,https://image.tmdb.org/t/p/w300/Cw4hIUIAmSYfK9QfaUW5igp9La.jpg
357,Four Weddings and a Funeral (1994),"Comedy,Romance",2,712.0,3.5194174757281553,103,wedding,Comedy Romance wedding,https://image.tmdb.org/t/p/w300/qa72G2VS0bpxms6yo0tI9vsHm2e.jpg
361,It Could Happen to You (1994),"Comedy,Drama,Romance",3,10660.0,3.0588235294117645,17,gambling,Comedy Drama Romance gambling,https://image.tmdb.org/t/p/w300/6UOaeLDOdwwTMQtbl5YL6EGjqy0.jpg
363,"Wonderful, Horrible Life of Leni Riefenstahl, The (Macht der Bilder: Leni Riefenstahl, Die) (1993)",Documentary,1,41647.0,4.0,4,Holocaust In Netflix queue,Documentary Holocaust In Netflix queue,https://image.tmdb.org/t/p/w300/pZnBH4ZJnHcVFgeuK81w2tcHvRD.jpg
364,"Lion King, The (1994)","Adventure,Animation,Children,Drama,IMAX,Musical",6,8587.0,3.941860465116279,860,Disney Disney animated feature Oscar (Best Music - Original Score) soundtrack,Adventure Animation Children Drama IMAX Musical Disney Disney animated feature Oscar (Best Music - Original Score) soundtrack,https://image.tmdb.org/t/p/w300/sKCr78MXSLixwmZ8DyJLrpMsd15.jpg
371,"Paper, The (1994)","Comedy,Drama",2,12280.0,3.3095238095238093,21,journalism,Comedy Drama journalism,https://image.tmdb.org/t/p/w300/pGPrFbucRLwVtCKCeinwAklAl0l.jpg
377,Speed (1994),"Action,Romance,Thriller",3,1637.0,3.5292397660818713,171,bus,Action Romance Thriller bus,https://image.tmdb.org/t/p/w300/82PkCE4R95KhHICUDF7G4Ly2z3l.jpg
380,True Lies (1994),"Action,Adventure,Comedy,Romance,Thriller",5,36955.0,3.497191011235955,178,spies,Action Adventure Comedy Romance Thriller spies,https://image.tmdb.org/t/p/w300/pweFTnzzTfGK68woSVkiTgjLzWm.jpg
381,When a Man Loves a Woman (1994),"Drama,Romance",2,10449.0,3.8181818181818183,11,alcoholism,Drama Romance alcoholism,https://image.tmdb.org/t/p/w300/cA1uMNX3sdWAWfMZbsgm1VIJYSY.jpg
410,Addams Family Values (1993),"Children,Comedy,Fantasy",3,2758.0,3.1011904761904763,504,black comedy Christina Ricci Christopher Lloyd dark comedy family gothic,Children Comedy Fantasy black comedy Christina Ricci Christopher Lloyd dark comedy family gothic,https://image.tmdb.org/t/p/w300/sdxT2VjVSx9DRicwnuECUdBHeE7.jpg
412,"Age of Innocence, The (1993)",Drama,1,10436.0,3.5,15,Edith Wharton,Drama Edith Wharton,https://image.tmdb.org/t/p/w300/5Tuyt26v7qNR8Cl3m7ZRx36rduf.jpg
413,Airheads (1994),Comedy,1,13595.0,2.7884615384615383,26,Comedy,Comedy Comedy,https://image.tmdb.org/t/p/w300/4xPG8pPMyeoec48gKWbbC85EC8j.jpg
421,Black Beauty (1994),"Adventure,Children,Drama",3,14522.0,3.2083333333333335,12,horses,Adventure Children Drama horses,https://image.tmdb.org/t/p/w300/5uH60FBDPQoyAnc4uvU0fIB8JXv.jpg
425,Blue Sky (1994),"Drama,Romance",2,57834.0,3.75,4,mental illness Oscar (Best Actress),Drama Romance mental illness Oscar (Best Actress),https://image.tmdb.org/t/p/w300/zG40OnO4Y98lo1iDHyFo5TaZyP1.jpg
431,Carlito's Way (1993),"Crime,Drama",2,6075.0,3.738095238095238,126,Al Pacino gangster mafia,Crime Drama Al Pacino gangster mafia,https://image.tmdb.org/t/p/w300/g6D7mjQtndu768cusGmoEQY9fTB.jpg
440,Dave (1993),"Comedy,Romance",2,11566.0,3.5460526315789473,76,President,Comedy Romance President,https://image.tmdb.org/t/p/w300/n7wQlcexeER5bW7DvV8sji2vRRH.jpg
454,"Firm, The (1993)","Drama,Thriller",2,37233.0,3.5346534653465347,101,John Grisham,Drama Thriller John Grisham,https://image.tmdb.org/t/p/w300/kFexXCzidkm4LwlgZqxsJsDQB5v.jpg
457,"Fugitive, The (1993)",Thriller,1,5503.0,3.9921052631578946,190,based on a TV show,Thriller based on a TV show,https://image.tmdb.org/t/p/w300/b3rEtLKyOnF89mcK75GXDXdmOEf.jpg
471,"Hudsucker Proxy, The (1994)",Comedy,1,11934.0,3.55,40,hula hoop,Comedy hula hoop,https://image.tmdb.org/t/p/w300/bp5Kg9iT9oSXsECgDkNJVqvIrxX.jpg
474,In the Line of Fire (1993),"Action,Thriller",2,9386.0,3.692857142857143,70,assassination,Action Thriller assassination,https://image.tmdb.org/t/p/w300/3NvOFpmyECI3DNExYMtFIRcGMsu.jpg
475,In the Name of the Father (1993),Drama,1,7984.0,4.3,25,Ireland,Drama Ireland,https://image.tmdb.org/t/p/w300/3NcIkKxaO2SmRVsG1v50XhtmL0f.jpg
477,What's Love Got to Do with It? (1993),"Drama,Musical",2,15765.0,3.3823529411764706,17,biopic,Drama Musical biopic,https://image.tmdb.org/t/p/w300/btC4819GhihmkCELqO3qgepNGos.jpg
480,Jurassic Park (1993),"Action,Adventure,Sci-Fi,Thriller",4,329.0,3.75,238,Dinosaur,Action Adventure Sci-Fi Thriller Dinosaur,https://image.tmdb.org/t/p/w300/maFjKnJ62hDQ9E66dKqDZgbUy0H.jpg
488,M. Butterfly (1993),"Drama,Romance",2,1413.0,3.0,2,Japan sexuality,Drama Romance Japan sexuality,https://image.tmdb.org/t/p/w300/vfutnJ9sgpAtNuPemksd26gd5dC.jpg
497,Much Ado About Nothing (1993),"Comedy,Romance",2,11971.0,3.813953488372093,43,Shakespeare,Comedy Romance Shakespeare,https://image.tmdb.org/t/p/w300/tvltGP6vYOkHdURag0jPSjhPUAV.jpg
500,Mrs. Doubtfire (1993),"Comedy,Drama",2,788.0,3.388888888888889,432,cross dressing divorce men in drag,Comedy Drama cross dressing divorce men in drag,https://image.tmdb.org/t/p/w300/shHrSmXS5140o6sQzgzXxn3KqSm.jpg
508,Philadelphia (1993),Drama,1,9800.0,3.6136363636363638,66,AIDs,Drama AIDs,https://image.tmdb.org/t/p/w300/5RLPhlKVmoggebXqizgKqwtmRvJ.jpg
513,Radioland Murders (1994),"Comedy,Mystery,Romance",3,22588.0,3.375,8,radio show business,Comedy Mystery Romance radio show business,https://image.tmdb.org/t/p/w300/l9pvl3AH4UsUvLn4yUP0RR4pltx.jpg
515,"Remains of the Day, The (1993)","Drama,Romance",2,1245.0,3.6041666666666665,48,Butler Housekeeper,Drama Romance Butler Housekeeper,https://image.tmdb.org/t/p/w300/uDGDtqSvuch324WnM7Ukdp1bCAQ.jpg
516,Renaissance Man (1994),"Comedy,Drama",2,11858.0,3.0555555555555554,18,military,Comedy Drama military,https://image.tmdb.org/t/p/w300/iPRtaSfN8gNWFclgrcg5oD3V41i.jpg
522,Romper Stomper (1992),"Action,Drama",2,10412.0,3.2857142857142856,21,Australia racism violence,Action Drama Australia racism violence,https://image.tmdb.org/t/p/w300/urE3Jzl3zuz2XUmAq2rXubYn3SD.jpg
524,Rudy (1993),Drama,1,14534.0,3.485294117647059,34,football,Drama football,https://image.tmdb.org/t/p/w300/fAbfTCRpjHe2rprXBly55KL1dL9.jpg
527,Schindler's List (1993),"Drama,War",2,424.0,4.225,1540,moving thought-provoking Holocaust based on a true story biography disturbing holocaust,Drama War moving thought-provoking Holocaust based on a true story biography disturbing holocaust,https://image.tmdb.org/t/p/w300/sF1U4EUQS8YHUYjNl3pMGNIQyr0.jpg
529,Searching for Bobby Fischer (1993),Drama,1,14291.0,3.875,40,chess,Drama chess,https://image.tmdb.org/t/p/w300/oAJpHkMpfXiFY9F3HocIz9fhHLc.jpg
531,"Secret Garden, The (1993)","Children,Drama",2,11236.0,3.25,24,In Netflix queue,Children Drama In Netflix queue,https://image.tmdb.org/t/p/w300/zf6h5dJ7wVG7LqMO9dhHGHVejzj.jpg
534,Shadowlands (1993),"Drama,Romance",2,10445.0,3.607142857142857,14,C.S. Lewis,Drama Romance C.S. Lewis,https://image.tmdb.org/t/p/w300/5jTWY1M2O4Zhid4rLOpftzazRGn.jpg
535,Short Cuts (1993),Drama,1,695.0,3.2666666666666666,15,large cast,Drama large cast,https://image.tmdb.org/t/p/w300/mbNTvbtWfV4soyErimDTdX67OAr.jpg
538,Six Degrees of Separation (1993),Drama,1,23210.0,3.5833333333333335,12,race,Drama race,https://image.tmdb.org/t/p/w300/bROsFCnsHr0e09M7VA0aCcNF432.jpg
539,Sleepless in Seattle (1993),"Comedy,Drama,Romance",3,858.0,3.4716981132075473,106,Empire State Building,Comedy Drama Romance Empire State Building,https://image.tmdb.org/t/p/w300/jAXfku1u1uaLGh4cUmK0ESf1pPu.jpg
540,Sliver (1993),Thriller,1,867.0,2.6666666666666665,18,bad,Thriller bad,https://image.tmdb.org/t/p/w300/g7PC2e2KqDkIfOoJx9iXJJez99d.jpg
541,Blade Runner (1982),"Action,Sci-Fi,Thriller",3,78.0,4.100806451612903,1612,sci-fi robots androids artificial intelligence atmospheric cyberpunk future mindfuck Philip K. Dick dreamlike existentialism philosophical,Action Sci-Fi Thriller sci-fi robots androids artificial intelligence atmospheric cyberpunk future mindfuck Philip K. Dick dreamlike existentialism philosophical,https://image.tmdb.org/t/p/w300/63N9uy8nd9j7Eog2axPQ8lbr3Wj.jpg
543,So I Married an Axe Murderer (1993),"Comedy,Romance,Thriller",3,10442.0,3.317073170731707,41,beat poetry,Comedy Romance Thriller beat poetry,https://image.tmdb.org/t/p/w300/zQlpQDKDADKlgqfMs1E191ofDJU.jpg
551,"Nightmare Before Christmas, The (1993)","Animation,Children,Fantasy,Musical",4,9479.0,3.553763440860215,186,Christmas Halloween,Animation Children Fantasy Musical Christmas Halloween,https://image.tmdb.org/t/p/w300/oQffRNjK8e19rF7xVYEN8ew0j7b.jpg
552,"Three Musketeers, The (1993)","Action,Adventure,Comedy,Romance",4,10057.0,3.262295081967213,61,knights,Action Adventure Comedy Romance knights,https://image.tmdb.org/t/p/w300/mk8UH7JRmK8adcqJJpB1ygP7B1C.jpg
556,"War Room, The (1993)",Documentary,1,26408.0,3.3333333333333335,6,politics,Documentary politics,https://image.tmdb.org/t/p/w300/prfxsyG4SnlnqqulavCJ4RksFUA.jpg
562,Welcome to the Dollhouse (1995),"Comedy,Drama",2,11446.0,3.5434782608695654,23,adolescence,Comedy Drama adolescence,https://image.tmdb.org/t/p/w300/fsMMOVto87pvUQyozOF9CaT9aMR.jpg
586,Home Alone (1990),"Children,Comedy",2,771.0,2.9956896551724137,116,christmas,Children Comedy christmas,https://image.tmdb.org/t/p/w300/onTSipZ8R3bliBdKfPtsDuHTdlL.jpg
587,Ghost (1990),"Comedy,Drama,Fantasy,Romance,Thriller",5,251.0,3.4347826086956523,115,overrated,Comedy Drama Fantasy Romance Thriller overrated,https://image.tmdb.org/t/p/w300/w9RaPHov8oM5cnzeE27isnFMsvS.jpg
588,Aladdin (1992),"Adventure,Animation,Children,Comedy,Musical",5,812.0,3.7923497267759565,183,Disney,Adventure Animation Children Comedy Musical Disney,https://image.tmdb.org/t/p/w300/eLFfl7vS8dkeG1hKp5mwbm37V83.jpg
589,Terminator 2: Judgment Day (1991),"Action,Sci-Fi",2,280.0,3.970982142857143,1792,apocalypse Arnold Schwarzenegger nuclear war sci-fi Suspense time travel robots Scifi masterpiece,Action Sci-Fi apocalypse Arnold Schwarzenegger nuclear war sci-fi Suspense time travel robots Scifi masterpiece,https://image.tmdb.org/t/p/w300/jFTVD4XoWQTcg7wdyJKa8PEds5q.jpg
590,Dances with Wolves (1990),"Adventure,Drama,Western",3,581.0,3.8353658536585367,328,American Indians Native Americans,Adventure Drama Western American Indians Native Americans,https://image.tmdb.org/t/p/w300/hw0ZEHAaTqTxSXGVwUFX7uvanSA.jpg
592,Batman (1989),"Action,Crime,Thriller",3,268.0,3.4285714285714284,189,superhero,Action Crime Thriller superhero,https://image.tmdb.org/t/p/w300/cij4dd21v2Rk2YtUQbV5kW69WB2.jpg
593,"Silence of the Lambs, The (1991)","Crime,Horror,Thriller",3,274.0,4.161290322580645,1674,Hannibal Lector disturbing drama gothic psychology suspense,Crime Horror Thriller Hannibal Lector disturbing drama gothic psychology suspense,https://image.tmdb.org/t/p/w300/uS9m8OBk1A8eM9I042bx8XXpqAq.jpg
594,Snow White and the Seven Dwarfs (1937),"Animation,Children,Drama,Fantasy,Musical",5,408.0,3.616883116883117,77,Disney,Animation Children Drama Fantasy Musical Disney,https://image.tmdb.org/t/p/w300/3VAHfuNb6Z7UiW12iYKANSPBl8m.jpg
595,Beauty and the Beast (1991),"Animation,Children,Fantasy,IMAX,Musical,Romance",6,10020.0,3.7705479452054793,146,Disney,Animation Children Fantasy IMAX Musical Romance Disney,https://image.tmdb.org/t/p/w300/hUJ0UvQ5tgE2Z9WpfuduVSdiCiU.jpg
596,Pinocchio (1940),"Animation,Children,Fantasy,Musical",4,10895.0,3.45,60,Disney,Animation Children Fantasy Musical Disney,https://image.tmdb.org/t/p/w300/bnZJrLRnoQHpzEJdka1KYfsAF3N.jpg
597,Pretty Woman (1990),"Comedy,Romance",2,114.0,3.4851851851851854,135,prostitution,Comedy Romance prostitution,https://image.tmdb.org/t/p/w300/hVHUfT801LQATGd26VPzhorIYza.jpg
608,Fargo (1996),"Comedy,Crime,Drama,Thriller",4,275.0,4.116022099447513,905,based on a true story dark comedy KIDNAPPING Steve Buscemi Coen Brothers,Comedy Crime Drama Thriller based on a true story dark comedy KIDNAPPING Steve Buscemi Coen Brothers,https://image.tmdb.org/t/p/w300/rt7cpEr1uP6RTZykBFhBTcRaKvG.jpg
616,"Aristocats, The (1970)","Animation,Children",2,10112.0,3.411111111111111,45,Disney,Animation Children Disney,https://image.tmdb.org/t/p/w300/1BVOSmQUhphMgnTxnXyfQ9tL1Sc.jpg
628,Primal Fear (1996),"Crime,Drama,Mystery,Thriller",4,1592.0,3.642857142857143,210,edward norton psychology suspense thought-provoking twist ending priest,Crime Drama Mystery Thriller edward norton psychology suspense thought-provoking twist ending priest,https://image.tmdb.org/t/p/w300/qJf2TzE8nRTFbFMPJNW6c8mI0KU.jpg
638,Jack and Sarah (1995),Romance,1,2021.0,3.0,1,babies,Romance babies,https://image.tmdb.org/t/p/w300/yWMj1KMfnixB35qa2IZKniHF4sn.jpg
647,Courage Under Fire (1996),"Action,Crime,Drama,War",4,10684.0,3.3275862068965516,29,Gulf War,Action Crime Drama War Gulf War,https://image.tmdb.org/t/p/w300/vDJurMJkrx049AiXa3DJx5Zx7a4.jpg
648,Mission: Impossible (1996),"Action,Adventure,Mystery,Thriller",4,954.0,3.537037037037037,162,based on a TV show,Action Adventure Mystery Thriller based on a TV show,https://image.tmdb.org/t/p/w300/l5uxY5m5OInWpcExIpKG6AR3rgL.jpg
668,Song of the Little Road (Pather Panchali) (1955),Drama,1,5801.0,4.25,2,India,Drama India,https://image.tmdb.org/t/p/w300/frZj5djlU9hFEjMcL21RJZVuG5O.jpg
670,"World of Apu, The (Apur Sansar) (1959)",Drama,1,896.0,4.75,2,India,Drama India,https://image.tmdb.org/t/p/w300/6Tz1Q69o2n3Zwb0ZffzPL0nFt2T.jpg
671,Mystery Science Theater 3000: The Movie (1996),"Comedy,Sci-Fi",2,3065.0,3.486111111111111,36,spoof,Comedy Sci-Fi spoof,https://image.tmdb.org/t/p/w300/tlakU3uwNiUgd7aOlb2RoAsGTnY.jpg
673,Space Jam (1996),"Adventure,Animation,Children,Comedy,Fantasy,Sci-Fi",6,2300.0,2.707547169811321,53,Bugs Bunny,Adventure Animation Children Comedy Fantasy Sci-Fi Bugs Bunny,https://image.tmdb.org/t/p/w300/4RN5El3Pj2W4gpwgiAGLVfSJv2g.jpg
707,Mulholland Falls (1996),"Crime,Drama,Thriller",3,10990.0,2.880952380952381,21,bad,Crime Drama Thriller bad,https://image.tmdb.org/t/p/w300/tT5rYDXloX5ZxISr8HdlRC9TBcP.jpg
708,"Truth About Cats & Dogs, The (1996)","Comedy,Romance",2,8866.0,3.3879310344827585,58,Veterinarian,Comedy Romance Veterinarian,https://image.tmdb.org/t/p/w300/iECTzpGdAMrkEeoYvuYsCxdmW2G.jpg
720,Wallace & Gromit: The Best of Aardman Animation (1996),"Adventure,Animation,Comedy",3,503475.0,4.092592592592593,27,Aardman,Adventure Animation Comedy Aardman,https://image.tmdb.org/t/p/w300/tWkYclnnChwoMMBFECsEjd5hb77.jpg
728,Cold Comfort Farm (1995),Comedy,1,32513.0,3.5,10,In Netflix queue,Comedy In Netflix queue,https://image.tmdb.org/t/p/w300/fkPm7MQhn3YqcRDM9qFDKNHiw7D.jpg
733,"Rock, The (1996)","Action,Adventure,Thriller",3,9802.0,3.6404958677685952,363,Alcatraz Michael Bay terrorism,Action Adventure Thriller Alcatraz Michael Bay terrorism,https://image.tmdb.org/t/p/w300/eBcoxveWzzXQrCrwWMGAROcqgpP.jpg
736,Twister (1996),"Action,Adventure,Romance,Thriller",4,664.0,3.321138211382114,123,Disaster,Action Adventure Romance Thriller Disaster,https://image.tmdb.org/t/p/w300/d4ie3f6QTvNw40V770Uzo87SDZn.jpg
745,Wallace & Gromit: A Close Shave (1995),"Animation,Children,Comedy",3,532.0,3.8958333333333335,48,Aardman,Animation Children Comedy Aardman,https://image.tmdb.org/t/p/w300/qdIR27trLyrlJ5nmkbcG3Bomah6.jpg
748,"Arrival, The (1996)","Action,Sci-Fi,Thriller",3,10547.0,3.1136363636363638,22,aliens,Action Sci-Fi Thriller aliens,https://image.tmdb.org/t/p/w300/jgPMhzBAZSTMe5sRkNThiuR7dO0.jpg
750,Dr. Strangelove or: How I Learned to Stop Worrying and Love the Bomb (1964),"Comedy,War",2,935.0,4.268041237113402,970,dark comedy Atomic bomb black comedy satire purity of essence Slim Pickens Quirky,Comedy War dark comedy Atomic bomb black comedy satire purity of essence Slim Pickens Quirky,https://image.tmdb.org/t/p/w300/6x7MzQ6BOMlRzam1StcmPO9v61g.jpg
778,Trainspotting (1996),"Comedy,Crime,Drama",3,627.0,4.03921568627451,408,based on a book dark comedy narrated drug abuse,Comedy Crime Drama based on a book dark comedy narrated drug abuse,https://image.tmdb.org/t/p/w300/y0HmDV0bZDTtXWHqqYYbT9XoshB.jpg
780,Independence Day (a.k.a. ID4) (1996),"Action,Adventure,Sci-Fi,Thriller",4,602.0,3.4455445544554455,202,aliens,Action Adventure Sci-Fi Thriller aliens,https://image.tmdb.org/t/p/w300/p0BPQGSPoSa8Ml0DAf2mB2kCU0R.jpg
800,Lone Star (1996),"Drama,Mystery,Western",3,26748.0,4.157894736842105,19,In Netflix queue,Drama Mystery Western In Netflix queue,https://image.tmdb.org/t/p/w300/lBxY8znsRoqa9Dy2NCe8I6GPsRm.jpg
805,"Time to Kill, A (1996)","Drama,Thriller",2,1645.0,3.657142857142857,35,John Grisham,Drama Thriller John Grisham,https://image.tmdb.org/t/p/w300/w8UCke112E9jrhjKcwG32kyhTx5.jpg
818,"Very Brady Sequel, A (1996)",Comedy,1,12606.0,3.25,10,based on a TV show,Comedy based on a TV show,https://image.tmdb.org/t/p/w300/7xqOkzAQvXCLkDtmlWU6HZnOhru.jpg
830,"First Wives Club, The (1996)",Comedy,1,2925.0,3.0714285714285716,21,adultery,Comedy adultery,https://image.tmdb.org/t/p/w300/2ApifgYnfdJUSmCKzTBrWOYYWsn.jpg
832,Ransom (1996),"Crime,Thriller",2,3595.0,3.3378378378378377,148,kidnapping GIVE ME BACK MY SON! It was melodramatic and kind of dumb Mel Gibson,Crime Thriller kidnapping GIVE ME BACK MY SON! It was melodramatic and kind of dumb Mel Gibson,https://image.tmdb.org/t/p/w300/4nmOA5ZOY2VlHzwSlKY03sF2JUz.jpg
836,Chain Reaction (1996),"Action,Adventure,Thriller",3,12123.0,2.8823529411764706,17,seen at the cinema,Action Adventure Thriller seen at the cinema,https://image.tmdb.org/t/p/w300/4ahjVHwXXsq5zK57ds8FwWY73MS.jpg
838,Emma (1996),"Comedy,Drama,Romance",3,3573.0,3.9166666666666665,30,Jane Austen,Comedy Drama Romance Jane Austen,https://image.tmdb.org/t/p/w300/fM5goQ6c3uq3hzNJj3ZAFfTFkX9.jpg
852,Tin Cup (1996),"Comedy,Drama,Romance",3,10478.0,3.1744186046511627,43,golf,Comedy Drama Romance golf,https://image.tmdb.org/t/p/w300/rB7OvMmjcBFoogleORaUqrRgp8g.jpg
858,"Godfather, The (1972)","Crime,Drama",2,238.0,4.2890625,192,Mafia,Crime Drama Mafia,https://image.tmdb.org/t/p/w300/3bhkrj58Vtu7enYsRolD1fZdja1.jpg
892,Twelfth Night (1996),"Comedy,Drama,Romance",3,44705.0,3.5384615384615383,13,Shakespeare,Comedy Drama Romance Shakespeare,https://image.tmdb.org/t/p/w300/uMvHIh50LqWJxUK26eYWV10epdq.jpg
898,"Philadelphia Story, The (1940)","Comedy,Drama,Romance",3,981.0,4.310344827586207,29,divorce,Comedy Drama Romance divorce,https://image.tmdb.org/t/p/w300/dKUubjvxO78XDts6VP1Ggcp4R9O.jpg
899,Singin' in the Rain (1952),"Comedy,Musical,Romance",3,872.0,4.074468085106383,47,movie business,Comedy Musical Romance movie business,https://image.tmdb.org/t/p/w300/w03EiJVHP8Un77boQeE7hg9DVdU.jpg
900,"American in Paris, An (1951)","Musical,Romance",2,2769.0,3.7083333333333335,12,France,Musical Romance France,https://image.tmdb.org/t/p/w300/lyDXkvG53ldz6Cf7dbjJl7TaoP5.jpg
902,Breakfast at Tiffany's (1961),"Drama,Romance",2,164.0,3.8472222222222223,36,Capote,Drama Romance Capote,https://image.tmdb.org/t/p/w300/79xm4gXw4l7A5D0XukUOJRocFYQ.jpg
903,Vertigo (1958),"Drama,Mystery,Romance,Thriller",4,426.0,4.025,300,falling Alfred Hitchcock Atmospheric imdb top 250 James Stewart,Drama Mystery Romance Thriller falling Alfred Hitchcock Atmospheric imdb top 250 James Stewart,https://image.tmdb.org/t/p/w300/15uOEfqBNTVtDUT7hGBVCka0rZz.jpg
904,Rear Window (1954),"Mystery,Thriller",2,567.0,4.261904761904762,504,voyeurism imdb top 250 James Stewart mystery photographer photography,Mystery Thriller voyeurism imdb top 250 James Stewart mystery photographer photography,https://image.tmdb.org/t/p/w300/ILVF0eJxHMddjxeQhswFtpMtqx.jpg
905,It Happened One Night (1934),"Comedy,Romance",2,3078.0,4.321428571428571,14,Screwball,Comedy Romance Screwball,https://image.tmdb.org/t/p/w300/2PNUGWAflH6UUumas0POMmokHlc.jpg
906,Gaslight (1944),"Drama,Thriller",2,13528.0,4.142857142857143,7,Brooch,Drama Thriller Brooch,https://image.tmdb.org/t/p/w300/gXKszCl5Q1KrgWRWpPcqn94CP58.jpg
907,"Gay Divorcee, The (1934)","Comedy,Musical,Romance",3,28288.0,3.5,2,divorce,Comedy Musical Romance divorce,https://image.tmdb.org/t/p/w300/xD6oUOAa0Q6PppaOnY6dy6sWPLG.jpg
908,North by Northwest (1959),"Action,Adventure,Mystery,Romance,Thriller",5,213.0,4.184210526315789,171,Mount Rushmore Alfred Hitchcock imdb top 250,Action Adventure Mystery Romance Thriller Mount Rushmore Alfred Hitchcock imdb top 250,https://image.tmdb.org/t/p/w300/kNOFPQrel9YFCVzI0DF8FnCEpCw.jpg
909,"Apartment, The (1960)","Comedy,Drama,Romance",3,284.0,3.962962962962963,27,adultery,Comedy Drama Romance adultery,https://image.tmdb.org/t/p/w300/hhSRt1KKfRT0yEhEtRW3qp31JFU.jpg
910,Some Like It Hot (1959),"Comedy,Crime",2,239.0,4.01,50,men in drag,Comedy Crime men in drag,https://image.tmdb.org/t/p/w300/hVIKyTK13AvOGv7ICmJjK44DTzp.jpg
911,Charade (1963),"Comedy,Crime,Mystery,Romance,Thriller",5,4808.0,3.8076923076923075,13,heist,Comedy Crime Mystery Romance Thriller heist,https://image.tmdb.org/t/p/w300/qqaPjC5FQidtKY65jbAKZPiOTaS.jpg
912,Casablanca (1942),"Drama,Romance",2,289.0,4.24,100,start of a beautiful friendship,Drama Romance start of a beautiful friendship,https://image.tmdb.org/t/p/w300/lGCEKlJo2CnWydQj7aamY7s1S7Q.jpg
913,"Maltese Falcon, The (1941)","Film-Noir,Mystery",2,963.0,4.170454545454546,44,statue,Film-Noir Mystery statue,https://image.tmdb.org/t/p/w300/bf4o6Uzw5wqLjdKwRuiDrN1xyvl.jpg
914,My Fair Lady (1964),"Comedy,Drama,Musical,Romance",4,11113.0,4.042857142857143,35,George Bernard Shaw,Comedy Drama Musical Romance George Bernard Shaw,https://image.tmdb.org/t/p/w300/bTXVc29lGSNclf94VIZ49W4gGKl.jpg
915,Sabrina (1954),"Comedy,Romance",2,6620.0,3.7666666666666666,30,rich guy - poor girl,Comedy Romance rich guy - poor girl,https://image.tmdb.org/t/p/w300/e1Po9NDrH7IJZhv89467gJH5FS0.jpg
916,Roman Holiday (1953),"Comedy,Drama,Romance",3,804.0,4.0576923076923075,52,Italy royalty,Comedy Drama Romance Italy royalty,https://image.tmdb.org/t/p/w300/8lI9dmz1RH20FAqltkGelY1v4BE.jpg
918,Meet Me in St. Louis (1944),Musical,1,909.0,4.1,10,1900s,Musical 1900s,https://image.tmdb.org/t/p/w300/ekVeUvG81pidsv2LMtWf5yYcNbq.jpg
919,"Wizard of Oz, The (1939)","Adventure,Children,Fantasy,Musical",4,630.0,3.880434782608696,184,Dorothy Toto,Adventure Children Fantasy Musical Dorothy Toto,https://image.tmdb.org/t/p/w300/uCC3j4pV9eOZwzDUWp2ilbcTf1f.jpg
920,Gone with the Wind (1939),"Drama,Romance,War",3,770.0,3.6444444444444444,45,Civil War,Drama Romance War Civil War,https://image.tmdb.org/t/p/w300/lNz2Ow0wGCAvzckW7EOjE03KcYv.jpg
921,My Favorite Year (1982),Comedy,1,31044.0,3.388888888888889,9,television,Comedy television,https://image.tmdb.org/t/p/w300/xksAhZJx1WmHM03OaePNe9IiEBt.jpg
922,Sunset Blvd. (a.k.a. Sunset Boulevard) (1950),"Drama,Film-Noir,Romance",3,599.0,4.333333333333333,81,movies eerie movie business,Drama Film-Noir Romance movies eerie movie business,https://image.tmdb.org/t/p/w300/zt8aQ6ksqK6p1AopC5zVTDS9pKT.jpg
923,Citizen Kane (1941),"Drama,Mystery",2,15.0,4.043478260869565,69,Rosebud,Drama Mystery Rosebud,https://image.tmdb.org/t/p/w300/sav0jxhqiH0bPr2vZFU0Kjt2nZL.jpg
924,2001: A Space Odyssey (1968),"Adventure,Drama,Sci-Fi",3,62.0,3.8944954128440368,4469,Hal space aliens apes Arthur C. Clarke artificial intelligence atmospheric cinematography classic computer confusing ending cult film Dull future futuristic imdb top 250 masterpiece meditative music mystery Oscar (Best Effects - Visual Effects) overrated philosophical relaxing revolutionary robots sci-fi setting:space/space ship slow slow paced soundtrack space travel spacecraft Stanley Kubrick superb soundtrack surreal technology tedious visual visually appealing,Adventure Drama Sci-Fi Hal space aliens apes Arthur C. Clarke artificial intelligence atmospheric cinematography classic computer confusing ending cult film Dull future futuristic imdb top 250 masterpiece meditative music mystery Oscar (Best Effects - Visual Effects) overrated philosophical relaxing revolutionary robots sci-fi setting:space/space ship slow slow paced soundtrack space travel spacecraft Stanley Kubrick superb soundtrack surreal technology tedious visual visually appealing,https://image.tmdb.org/t/p/w300/ve72VxNqjGM69Uky4WTo2bK6rfq.jpg
926,All About Eve (1950),Drama,1,705.0,4.229166666666667,24,Hollywood,Drama Hollywood,https://image.tmdb.org/t/p/w300/blBzZaatPWVuWpXEnPscMA4Xp6m.jpg
927,"Women, The (1939)",Comedy,1,22490.0,4.0,3,divorce,Comedy divorce,https://image.tmdb.org/t/p/w300/wMTbDI60uvt7ecLZ301XEE8mAOo.jpg
928,Rebecca (1940),"Drama,Mystery,Romance,Thriller",4,223.0,4.166666666666667,18,Mrs. DeWinter,Drama Mystery Romance Thriller Mrs. DeWinter,https://image.tmdb.org/t/p/w300/1qz3qUOHnVy7dL7M7G8jSErxE4b.jpg
929,Foreign Correspondent (1940),"Drama,Film-Noir,Mystery,Thriller",4,25670.0,3.5,3,Europe journalism war,Drama Film-Noir Mystery Thriller Europe journalism war,https://image.tmdb.org/t/p/w300/n0WX6eIdIliKB66MI2MWZ3wHsoJ.jpg
930,Notorious (1946),"Film-Noir,Romance,Thriller",3,303.0,4.25,20,assassination,Film-Noir Romance Thriller assassination,https://image.tmdb.org/t/p/w300/4RERYb1NIQrJHYY5e8nUlYM7t2z.jpg
931,Spellbound (1945),"Mystery,Romance,Thriller",3,4174.0,3.8333333333333335,9,amnesia,Mystery Romance Thriller amnesia,https://image.tmdb.org/t/p/w300/dPAox7jGScLBvxKLeRptJIBF7v.jpg
934,Father of the Bride (1950),Comedy,1,20758.0,3.25,12,wedding,Comedy wedding,https://image.tmdb.org/t/p/w300/sygyqqXq41SBZiYjY8nuQRAcuUv.jpg
936,Ninotchka (1939),"Comedy,Romance",2,1859.0,4.0,12,Cold War Russia,Comedy Romance Cold War Russia,https://image.tmdb.org/t/p/w300/v4MkgNqZyodYwBDNbZ64MF9tVEL.jpg
938,Gigi (1958),Musical,1,17281.0,3.25,6,prostitution,Musical prostitution,https://image.tmdb.org/t/p/w300/1sF5o9Cs5GMx3cYmXD64WEQBLJn.jpg
940,"Adventures of Robin Hood, The (1938)","Action,Adventure,Romance",3,10907.0,4.0,8,swashbuckler,Action Adventure Romance swashbuckler,https://image.tmdb.org/t/p/w300/4mazyXEMkmLw5h6076yyNSm9uv0.jpg
941,"Mark of Zorro, The (1940)",Adventure,1,32093.0,3.75,2,swashbuckler,Adventure swashbuckler,https://image.tmdb.org/t/p/w300/bJDonmAPnDV8jDv9jLlsejAdAoL.jpg
943,"Ghost and Mrs. Muir, The (1947)","Drama,Fantasy,Romance",3,22292.0,3.9285714285714284,7,ghosts,Drama Fantasy Romance ghosts,https://image.tmdb.org/t/p/w300/idoD3cwfwj86BPvVoWVgWhnT2xq.jpg
944,Lost Horizon (1937),Drama,1,3598.0,4.0,3,Shangri-La,Drama Shangri-La,https://image.tmdb.org/t/p/w300/jCY8uJ80xlO2ApfrsB8s2gzyiBX.jpg
945,Top Hat (1935),"Comedy,Musical,Romance",3,3080.0,4.071428571428571,7,Astaire and Rogers,Comedy Musical Romance Astaire and Rogers,https://image.tmdb.org/t/p/w300/qoPBiN6PBs2NsP7BNOJGCnmwruG.jpg
947,My Man Godfrey (1936),"Comedy,Romance",2,13562.0,3.75,12,butler homeless screwball,Comedy Romance butler homeless screwball,https://image.tmdb.org/t/p/w300/wtfOW7fIxBZWY78rvUoPpWhMSiR.jpg
948,Giant (1956),"Drama,Romance,Western",3,1712.0,3.9166666666666665,6,oil,Drama Romance Western oil,https://image.tmdb.org/t/p/w300/h5RRYPVVuHzd7QOJyP5Dsi8J9XZ.jpg
950,"Thin Man, The (1934)","Comedy,Crime",2,3529.0,3.857142857142857,7,Nick and Nora Charles,Comedy Crime Nick and Nora Charles,https://image.tmdb.org/t/p/w300/6cL89ok9t8xEKboOjOVga2W66jj.jpg
951,His Girl Friday (1940),"Comedy,Romance",2,3085.0,4.392857142857143,14,Screwball,Comedy Romance Screwball,https://image.tmdb.org/t/p/w300/lu86Y9zTPH3neCiUzLzHCEFHf7f.jpg
952,Around the World in 80 Days (1956),"Adventure,Comedy",2,2897.0,3.625,12,race,Adventure Comedy race,https://image.tmdb.org/t/p/w300/kk6Rrwh0toMz9tjuUHdS4O3v2Rk.jpg
953,It's a Wonderful Life (1946),"Children,Drama,Fantasy,Romance",4,1585.0,4.0344827586206895,58,Christmas,Children Drama Fantasy Romance Christmas,https://image.tmdb.org/t/p/w300/bSqt9rhDZx1Q7UZ86dBPKdNomp2.jpg
954,Mr. Smith Goes to Washington (1939),Drama,1,3083.0,4.083333333333333,18,Politics,Drama Politics,https://image.tmdb.org/t/p/w300/nDjg1fbNyq15excNDl3acd2IqAk.jpg
955,Bringing Up Baby (1938),"Comedy,Romance",2,900.0,3.861111111111111,36,leopard screwball,Comedy Romance leopard screwball,https://image.tmdb.org/t/p/w300/vTNNOtemaYmtx3k2NpsLMRJKEwZ.jpg
956,Penny Serenade (1941),"Drama,Romance",2,43795.0,4.0,1,adoption,Drama Romance adoption,https://image.tmdb.org/t/p/w300/7MC1fE5FSEIP9xf0N2VD68zRKv2.jpg
965,"39 Steps, The (1935)","Drama,Mystery,Thriller",3,260.0,4.045454545454546,11,fugitive,Drama Mystery Thriller fugitive,https://image.tmdb.org/t/p/w300/oC81jK6aAug4MA0xzYVngHmjsZS.jpg
968,Night of the Living Dead (1968),"Horror,Sci-Fi,Thriller",3,10331.0,3.75,28,zombies,Horror Sci-Fi Thriller zombies,https://image.tmdb.org/t/p/w300/rb2NWyb008u1EcKCOyXs2Nmj0ra.jpg
969,"African Queen, The (1951)","Adventure,Comedy,Romance,War",4,488.0,3.9705882352941178,34,missionary,Adventure Comedy Romance War missionary,https://image.tmdb.org/t/p/w300/2Ypg0KhQfFYWILelvHGtSHHR0dk.jpg
970,Beat the Devil (1953),"Adventure,Comedy,Crime,Drama,Romance",5,22733.0,3.5,1,crime,Adventure Comedy Crime Drama Romance crime,https://image.tmdb.org/t/p/w300/yBg55pY6WYPqzZuQ1rJ4Cjj5nOG.jpg
971,Cat on a Hot Tin Roof (1958),Drama,1,261.0,4.1,10,Tennessee Williams,Drama Tennessee Williams,https://image.tmdb.org/t/p/w300/5djZZECgqDGuSI1INmrdAcGRBb0.jpg
973,Meet John Doe (1941),"Comedy,Drama",2,32574.0,3.9,5,journalism,Comedy Drama journalism,https://image.tmdb.org/t/p/w300/dnBZbFE2OGlTGNGBVTn6t83tJtd.jpg
976,"Farewell to Arms, A (1932)","Romance,War",2,22649.0,3.0,1,Hemingway,Romance War Hemingway,https://image.tmdb.org/t/p/w300/eNmPByGZJqlp60nCZRhsAlVAb3F.jpg
986,Fly Away Home (1996),"Adventure,Children",2,11076.0,3.5384615384615383,13,Animal movie,Adventure Children Animal movie,https://image.tmdb.org/t/p/w300/obcQJkZB2OsRxd5GWIcQ5Qjv4YW.jpg
991,Michael Collins (1996),Drama,1,1770.0,3.3181818181818183,11,Ireland,Drama Ireland,https://image.tmdb.org/t/p/w300/brIBbU6t9glEGAKRTJ4PMj9OiDC.jpg
994,Big Night (1996),"Comedy,Drama",2,18203.0,4.181818181818182,11,food,Comedy Drama food,https://image.tmdb.org/t/p/w300/8AJGSDyrj3Dz2B57n1ZB4qNPbmJ.jpg
1006,"Chamber, The (1996)",Drama,1,6346.0,3.5,10,death penalty John Grisham,Drama death penalty John Grisham,https://image.tmdb.org/t/p/w300/dHwB9Fn2uBEkxkMZZxWpxMGrhL3.jpg
1010,"Love Bug, The (1969)","Children,Comedy",2,14136.0,3.0555555555555554,18,Disney race,Children Comedy Disney race,https://image.tmdb.org/t/p/w300/9Lc1efdYZUZia2zsRWcUkiD1KdN.jpg
1013,"Parent Trap, The (1961)","Children,Comedy,Romance",3,19186.0,3.2083333333333335,12,twins,Children Comedy Romance twins,https://image.tmdb.org/t/p/w300/jaZFWy6ZAvQoMW2mo9xP5gx4URo.jpg
1022,Cinderella (1950),"Animation,Children,Fantasy,Musical,Romance",5,11224.0,3.488095238095238,42,Disney,Animation Children Fantasy Musical Romance Disney,https://image.tmdb.org/t/p/w300/ug3ndicuPM1V07vhVFGLMsd4AZl.jpg
1025,"Sword in the Stone, The (1963)","Animation,Children,Fantasy,Musical",4,9078.0,3.58,50,Disney King Arthur,Animation Children Fantasy Musical Disney King Arthur,https://image.tmdb.org/t/p/w300/7lyeeuhGAJSNXYEW34S8mJ1bwI8.jpg
1028,Mary Poppins (1964),"Children,Comedy,Fantasy,Musical",4,433.0,3.887323943661972,142,Disney nanny,Children Comedy Fantasy Musical Disney nanny,https://image.tmdb.org/t/p/w300/pHyWpWn2pRIfhS3Arcn4SKtKKW4.jpg
1029,Dumbo (1941),"Animation,Children,Drama,Musical",4,11360.0,3.3857142857142857,35,Disney,Animation Children Drama Musical Disney,https://image.tmdb.org/t/p/w300/4x9FmvdJ464Fg7A9XcbYSmxfVw3.jpg
1030,Pete's Dragon (1977),"Adventure,Animation,Children,Musical",4,11114.0,2.7666666666666666,15,Disney,Adventure Animation Children Musical Disney,https://image.tmdb.org/t/p/w300/noShGNQKAgMqNanJL5EiZlf6LCp.jpg
1032,Alice in Wonderland (1951),"Adventure,Animation,Children,Fantasy,Musical",5,12092.0,3.375,40,Disney,Adventure Animation Children Fantasy Musical Disney,https://image.tmdb.org/t/p/w300/20cvfwfaFqNbe9Fc3VEHJuPRxmn.jpg
1033,"Fox and the Hound, The (1981)","Animation,Children,Drama",3,10948.0,3.575,20,Disney,Animation Children Drama Disney,https://image.tmdb.org/t/p/w300/aC3k6XBaYnulGSkK8263ABjU3Md.jpg
1035,"Sound of Music, The (1965)","Musical,Romance",2,15121.0,3.9375,64,Rogers and Hammerstein,Musical Romance Rogers and Hammerstein,https://image.tmdb.org/t/p/w300/c6CrUZypAsBCaRWX0M3RVRDbhNS.jpg
1041,Secrets & Lies (1996),Drama,1,11159.0,4.590909090909091,11,In Netflix queue,Drama In Netflix queue,https://image.tmdb.org/t/p/w300/zQBuRQ3hrLhkEsXcxteUxuxLrvs.jpg
1042,That Thing You Do! (1996),"Comedy,Drama",2,9591.0,3.2738095238095237,42,Music,Comedy Drama Music,https://image.tmdb.org/t/p/w300/9RmZu33qHdyZFGLfhEOmkTjdNEu.jpg
1059,William Shakespeare's Romeo + Juliet (1996),"Drama,Romance",2,454.0,3.7222222222222223,180,Amazing Cinematography Leonardo DiCaprio shakespeare updated classics Shakespeare,Drama Romance Amazing Cinematography Leonardo DiCaprio shakespeare updated classics Shakespeare,https://image.tmdb.org/t/p/w300/eLf4jclPijOqfEp6bDAmezRFxk5.jpg
1066,Shall We Dance (1937),"Comedy,Musical,Romance",3,31530.0,4.5,4,Astaire and Rogers,Comedy Musical Romance Astaire and Rogers,https://image.tmdb.org/t/p/w300/6anwn2NxTw7NwVEEU4qhVwN3Exi.jpg
1068,Crossfire (1947),"Crime,Film-Noir",2,28120.0,3.5,1,anti-Semitism,Crime Film-Noir anti-Semitism,https://image.tmdb.org/t/p/w300/s3EFBiCsc4Ckc1tntoHAEnhZtSO.jpg
1079,"Fish Called Wanda, A (1988)","Comedy,Crime",2,623.0,3.9225352112676055,71,fish,Comedy Crime fish,https://image.tmdb.org/t/p/w300/hkSGFNVfEEUXFCxRZDITFHVhUlu.jpg
1080,Monty Python's Life of Brian (1979),Comedy,1,583.0,3.9269662921348316,267,Bible parody religion,Comedy Bible parody religion,https://image.tmdb.org/t/p/w300/lSSA64WF0M0BXnjwr2quMh6shCl.jpg
1081,Victor/Victoria (1982),"Comedy,Musical,Romance",3,12614.0,3.5416666666666665,12,cross dressing,Comedy Musical Romance cross dressing,https://image.tmdb.org/t/p/w300/mCjXcPRM3Rc7gOCGeVrBdPvF2bk.jpg
1082,"Candidate, The (1972)",Drama,1,21711.0,3.5833333333333335,6,politics,Drama politics,https://image.tmdb.org/t/p/w300/6zcDSOe1akUXsc2Q1APfchKcVaI.jpg
1084,Bonnie and Clyde (1967),"Crime,Drama",2,475.0,4.071428571428571,70,1920s gangsters,Crime Drama 1920s gangsters,https://image.tmdb.org/t/p/w300/psITX0BMm6BTKMZZjpcXO93yjbb.jpg
1088,Dirty Dancing (1987),"Drama,Musical,Romance",3,88.0,3.369047619047619,84,dance music,Drama Musical Romance dance music,https://image.tmdb.org/t/p/w300/9Jw6jys7q9gjzVX5zm1z0gC8gY9.jpg
1089,Reservoir Dogs (1992),"Crime,Mystery,Thriller",3,500.0,4.202290076335878,1441,ensemble cast nonlinear Quentin Tarantino stylized heist violence humorous neo-noir religion Tarantino,Crime Mystery Thriller ensemble cast nonlinear Quentin Tarantino stylized heist violence humorous neo-noir religion Tarantino,https://image.tmdb.org/t/p/w300/xi8Iu6qyTfyZVDVy60raIOYJJmk.jpg
1090,Platoon (1986),"Drama,War",2,792.0,3.984126984126984,63,Vietnam,Drama War Vietnam,https://image.tmdb.org/t/p/w300/m3mmFkPQKvPZq5exmh0bDuXlD9T.jpg
1093,"Doors, The (1991)",Drama,1,10537.0,3.4054054054054053,111,1960s Jim Morrison music,Drama 1960s Jim Morrison music,https://image.tmdb.org/t/p/w300/x1LM3dzGuG6xOz0aT2e71o11vhu.jpg
1096,Sophie's Choice (1982),Drama,1,15764.0,4.05,10,Holocaust,Drama Holocaust,https://image.tmdb.org/t/p/w300/rZDPbPTFwuKgr5b9jixGFNYkGYt.jpg
1097,E.T. the Extra-Terrestrial (1982),"Children,Drama,Sci-Fi",3,601.0,3.7663934426229506,122,aliens,Children Drama Sci-Fi aliens,https://image.tmdb.org/t/p/w300/an0nD6uq6byfxXCfk6lQBzdL2J1.jpg
1101,Top Gun (1986),"Action,Romance",2,744.0,3.3012048192771086,166,predictable Navy,Action Romance predictable Navy,https://image.tmdb.org/t/p/w300/xUuHj3CgmZQ9P2cMaqQs4J0d4Zc.jpg
1103,Rebel Without a Cause (1955),Drama,1,221.0,4.1,30,1950s adolescence,Drama 1950s adolescence,https://image.tmdb.org/t/p/w300/yHStsC8rRRfIjqRN38BQsLh6S7k.jpg
1104,"Streetcar Named Desire, A (1951)",Drama,1,702.0,4.475,20,Tennessee Williams,Drama Tennessee Williams,https://image.tmdb.org/t/p/w300/aicdlO5vt7z2ARm279eGzJeYCLQ.jpg
1120,"People vs. Larry Flynt, The (1996)","Comedy,Drama",2,1630.0,3.537037037037037,27,freedom of expression,Comedy Drama freedom of expression,https://image.tmdb.org/t/p/w300/sAgHn7ys6TiVXBDTZ0UBEjinIUk.jpg
1124,On Golden Pond (1981),Drama,1,11816.0,3.6538461538461537,13,aging,Drama aging,https://image.tmdb.org/t/p/w300/ic4f03J6pnf9cpQmVDABFhUpbCU.jpg
1125,"Return of the Pink Panther, The (1975)","Comedy,Crime",2,11843.0,3.6875,24,Clousseau,Comedy Crime Clousseau,https://image.tmdb.org/t/p/w300/vMyjHGfCT89RpwLeN7ofmfgDru7.jpg
1135,Private Benjamin (1980),Comedy,1,10765.0,3.1153846153846154,13,military,Comedy military,https://image.tmdb.org/t/p/w300/maIiPNXddZXKHQCi0HyULd5kces.jpg
1136,Monty Python and the Holy Grail (1975),"Adventure,Comedy,Fantasy",3,762.0,4.161764705882353,544,british comedy Monty Python England King Arthur,Adventure Comedy Fantasy british comedy Monty Python England King Arthur,https://image.tmdb.org/t/p/w300/h3rksLHevpCbHfSoaUXm85nt2CH.jpg
1147,When We Were Kings (1996),Documentary,1,10548.0,3.9,20,boxing In Netflix queue,Documentary boxing In Netflix queue,https://image.tmdb.org/t/p/w300/yBkZK1JZOOJ3q5Jj1H9UP9T8YuV.jpg
1148,Wallace & Gromit: The Wrong Trousers (1993),"Animation,Children,Comedy,Crime",4,531.0,4.035714285714286,56,Aardman,Animation Children Comedy Crime Aardman,https://image.tmdb.org/t/p/w300/mV8SDTjkxrDxu0a0egvFz1lRPU7.jpg
1171,Bob Roberts (1992),Comedy,1,10608.0,3.3529411764705883,17,politics,Comedy politics,https://image.tmdb.org/t/p/w300/j4PokuSIrmbN5oCR54D8kiI0U6a.jpg
1177,Enchanted April (1992),"Drama,Romance",2,26561.0,4.0,6,Italy,Drama Romance Italy,https://image.tmdb.org/t/p/w300/b4Jrg23Q3y7p8GS7aMnPdFiEcnP.jpg
1178,Paths of Glory (1957),"Drama,War",2,975.0,4.541666666666667,24,court military,Drama War court military,https://image.tmdb.org/t/p/w300/p7OHwomA8UOhe3EhckF2IetBTh9.jpg
1179,"Grifters, The (1990)","Crime,Drama,Film-Noir",3,18129.0,3.6296296296296298,27,crime,Crime Drama Film-Noir crime,https://image.tmdb.org/t/p/w300/zMpGfkiDIdg5bB7WGcAT3Fdrfpt.jpg
1183,"English Patient, The (1996)","Drama,Romance,War",3,409.0,3.7111111111111112,45,adultery,Drama Romance War adultery,https://image.tmdb.org/t/p/w300/8eHHqMg8qEYtVw8LQLygsHXSR2q.jpg
1185,My Left Foot (1989),Drama,1,10161.0,3.95,10,In Netflix queue,Drama In Netflix queue,https://image.tmdb.org/t/p/w300/zk9AMxji8j32UoCgLVZ6omDRekU.jpg
1187,Passion Fish (1992),Drama,1,41768.0,3.6,5,disability,Drama disability,https://image.tmdb.org/t/p/w300/g60GELLr2oGnlJX5Yidkl9ufFYv.jpg
1188,Strictly Ballroom (1992),"Comedy,Romance",2,10409.0,3.659090909090909,44,Australia dance,Comedy Romance Australia dance,https://image.tmdb.org/t/p/w300/f6vs4DQGuNpLuA5Z7k69uuKpbVG.jpg
1189,"Thin Blue Line, The (1988)",Documentary,1,14285.0,4.0,22,In Netflix queue police,Documentary In Netflix queue police,https://image.tmdb.org/t/p/w300/4w4BJk3l8y9gYwPPLRs6uPHOmGL.jpg
1193,One Flew Over the Cuckoo's Nest (1975),Drama,1,510.0,4.203007518796992,399,emotional jack nicholson mental illness,Drama emotional jack nicholson mental illness,https://image.tmdb.org/t/p/w300/kjWsMh72V6d8KRLV4EOoSJLT1H7.jpg
1196,Star Wars: Episode V - The Empire Strikes Back (1980),"Action,Adventure,Sci-Fi",3,1891.0,4.2156398104265405,2110,I am your father space space opera classic George Lucas Harrison Ford music original plot sci-fi sequel,Action Adventure Sci-Fi I am your father space space opera classic George Lucas Harrison Ford music original plot sci-fi sequel,https://image.tmdb.org/t/p/w300/nNAeTmF4CtdSgMDplXTDPOpYzsX.jpg
1197,"Princess Bride, The (1987)","Action,Adventure,Comedy,Fantasy,Romance",5,2493.0,4.232394366197183,284,Inigo Montoya six-fingered man,Action Adventure Comedy Fantasy Romance Inigo Montoya six-fingered man,https://image.tmdb.org/t/p/w300/2FC9L9MrjBoGHYjYZjdWQdopVYb.jpg
1198,Raiders of the Lost Ark (Indiana Jones and the Raiders of the Lost Ark) (1981),"Action,Adventure",2,85.0,4.2075,1600,adventure archaeology indiana jones Steven Spielberg treasure hunt ark of the covenant,Action Adventure adventure archaeology indiana jones Steven Spielberg treasure hunt ark of the covenant,https://image.tmdb.org/t/p/w300/ceG9VzoRAVGwivFU403Wc3AHRys.jpg
1200,Aliens (1986),"Action,Adventure,Horror,Sci-Fi",4,679.0,3.9642857142857144,1134,action aliens horror sci-fi space space craft SPACE TRAVEL suspense,Action Adventure Horror Sci-Fi action aliens horror sci-fi space space craft SPACE TRAVEL suspense,https://image.tmdb.org/t/p/w300/r1x5JGpyqZU8PYhbs4UcrO1Xb6x.jpg
1201,"Good, the Bad and the Ugly, The (Buono, il brutto, il cattivo, Il) (1966)","Action,Adventure,Western",3,429.0,4.145833333333333,72,spaghetti western,Action Adventure Western spaghetti western,https://image.tmdb.org/t/p/w300/bX2xnavhMYjWDoZp1VM6VnU1xwe.jpg
1203,12 Angry Men (1957),Drama,1,389.0,4.149122807017544,513,court claustrophobic confrontational earnest good dialogue great screenplay gritty Motivational thought-provoking,Drama court claustrophobic confrontational earnest good dialogue great screenplay gritty Motivational thought-provoking,https://image.tmdb.org/t/p/w300/zhG3vKWyDRaZYoaww1UVAi29T9h.jpg
1204,Lawrence of Arabia (1962),"Adventure,Drama,War",3,947.0,4.3,45,Middle East,Adventure Drama War Middle East,https://image.tmdb.org/t/p/w300/AiAm0EtDvyGqNpVoieRw4u65vD1.jpg
1206,"Clockwork Orange, A (1971)","Crime,Drama,Sci-Fi,Thriller",4,185.0,3.995833333333333,120,brainwashing,Crime Drama Sci-Fi Thriller brainwashing,https://image.tmdb.org/t/p/w300/4sHeTAp65WrSSuc05nRBKddhBxO.jpg
1207,To Kill a Mockingbird (1962),Drama,1,595.0,4.120689655172414,116,Harper Lee racism,Drama Harper Lee racism,https://image.tmdb.org/t/p/w300/gZycFUMLx2110dzK3nBNai7gfpM.jpg
1208,Apocalypse Now (1979),"Action,Drama,War",3,28.0,4.219626168224299,107,Vietnam,Action Drama War Vietnam,https://image.tmdb.org/t/p/w300/gQB8Y5RCMkv2zwzFHbUJX3kAhvA.jpg
1209,Once Upon a Time in the West (C'era una volta il West) (1968),"Action,Drama,Western",3,335.0,4.305555555555555,18,spaghetti western,Action Drama Western spaghetti western,https://image.tmdb.org/t/p/w300/qbYgqOczabWNn2XKwgMtVrntD6P.jpg
1210,Star Wars: Episode VI - Return of the Jedi (1983),"Action,Adventure,Sci-Fi",3,1892.0,4.137755102040816,588,darth vader luke skywalker space opera,Action Adventure Sci-Fi darth vader luke skywalker space opera,https://image.tmdb.org/t/p/w300/jQYlydvHm3kUix1f8prMucrplhm.jpg
1212,"Third Man, The (1949)","Film-Noir,Mystery,Thriller",3,1092.0,4.229166666666667,72,ferris wheel Venice zither,Film-Noir Mystery Thriller ferris wheel Venice zither,https://image.tmdb.org/t/p/w300/rO2Fq0AZZx9obs52KJdx4mRE8p5.jpg
1213,Goodfellas (1990),"Crime,Drama",2,769.0,4.25,126,Mafia,Crime Drama Mafia,https://image.tmdb.org/t/p/w300/9OkCLM73MIU2CrKZbqiT8Ln1wY2.jpg
1214,Alien (1979),"Horror,Sci-Fi",2,348.0,3.969178082191781,146,aliens,Horror Sci-Fi aliens,https://image.tmdb.org/t/p/w300/vfrQk5IPloGg1v9Rzbh2Eg3VGyM.jpg
1217,Ran (1985),"Drama,War",2,11645.0,4.433333333333334,15,samurai,Drama War samurai,https://image.tmdb.org/t/p/w300/dGgiXMWDcS5aJTBEFu7bmaQPNox.jpg
1219,Psycho (1960),"Crime,Horror",2,539.0,4.036144578313253,747,Alfred Hitchcock psychology suspenseful tense Norman Bates black and white imdb top 250 remade,Crime Horror Alfred Hitchcock psychology suspenseful tense Norman Bates black and white imdb top 250 remade,https://image.tmdb.org/t/p/w300/yz4QVqPx3h1hD1DfqqQkCq3rmxW.jpg
1220,"Blues Brothers, The (1980)","Action,Comedy,Musical",3,525.0,3.8095238095238093,84,Saturday Night Live,Action Comedy Musical Saturday Night Live,https://image.tmdb.org/t/p/w300/rhYJKOt6UrQq7JQgLyQcSWW5R86.jpg
1221,"Godfather: Part II, The (1974)","Crime,Drama",2,240.0,4.25968992248062,387,Al Pacino Mafia,Crime Drama Al Pacino Mafia,https://image.tmdb.org/t/p/w300/hek3koDUyRQk7FIhPXsa6mT2Zc3.jpg
1222,Full Metal Jacket (1987),"Drama,War",2,600.0,4.098039215686274,204,Vietnam anti-war,Drama War Vietnam anti-war,https://image.tmdb.org/t/p/w300/kMKyx1k8hWWscYFnPbnxxN4Eqo4.jpg
1223,"Grand Day Out with Wallace and Gromit, A (1989)","Adventure,Animation,Children,Comedy,Sci-Fi",5,530.0,4.089285714285714,28,moon,Adventure Animation Children Comedy Sci-Fi moon,https://image.tmdb.org/t/p/w300/h5e3r12VwfUotN36fBr1DNeCD4n.jpg
1224,Henry V (1989),"Action,Drama,Romance,War",4,10705.0,4.0,19,Shakespeare,Action Drama Romance War Shakespeare,https://image.tmdb.org/t/p/w300/w9R2HsYNnfF3m9uEo2UAmPNJr8a.jpg
1225,Amadeus (1984),Drama,1,279.0,4.184210526315789,152,Mozart Salieri,Drama Mozart Salieri,https://image.tmdb.org/t/p/w300/gQRfiyfGvr1az0quaYyMram3Aqt.jpg
1228,Raging Bull (1980),Drama,1,1578.0,4.1875,40,boxing,Drama boxing,https://image.tmdb.org/t/p/w300/1WV7WlTS8LI1L5NkCgjWT9GSW3O.jpg
1230,Annie Hall (1977),"Comedy,Romance",2,703.0,3.8706896551724137,58,New York,Comedy Romance New York,https://image.tmdb.org/t/p/w300/dEtjPywhDbAXYjoFfhBC4U9unU7.jpg
1231,"Right Stuff, The (1983)",Drama,1,9549.0,3.8636363636363638,44,NASA space,Drama NASA space,https://image.tmdb.org/t/p/w300/kFR1p46HXJVVMpmOil8bNWnAQ50.jpg
1233,"Boot, Das (Boat, The) (1981)","Action,Drama,War",3,387.0,4.2125,40,submarine,Action Drama War submarine,https://image.tmdb.org/t/p/w300/u8FhQPncOAkwcei2OI9orPWhV6K.jpg
1234,"Sting, The (1973)","Comedy,Crime",2,9277.0,3.9765625,64,The Entertainer,Comedy Crime The Entertainer,https://image.tmdb.org/t/p/w300/ckmYng37zey8INYf6d10cVgIG93.jpg
1235,Harold and Maude (1971),"Comedy,Drama,Romance",3,343.0,4.288461538461538,26,May-December romance,Comedy Drama Romance May-December romance,https://image.tmdb.org/t/p/w300/t7qEuGwDjcYu8ajaKZ68DeDnOxw.jpg
1237,"Seventh Seal, The (Sjunde inseglet, Det) (1957)",Drama,1,490.0,4.222222222222222,126,chess death atmospheric cerebral existentialism philosophical reflective,Drama chess death atmospheric cerebral existentialism philosophical reflective,https://image.tmdb.org/t/p/w300/wcZ21zrOsy0b52AfAF50XpTiv75.jpg
1240,"Terminator, The (1984)","Action,Sci-Fi,Thriller",3,218.0,3.8969465648854964,1048,Action artificial intelligence robots Sci-Fi special effects tense time travel,Action Sci-Fi Thriller Action artificial intelligence robots Sci-Fi special effects tense time travel,https://image.tmdb.org/t/p/w300/qvktm0BHcnmDpul4Hz01GIazWPr.jpg
1242,Glory (1989),"Drama,War",2,9665.0,4.170731707317073,41,Civil War,Drama War Civil War,https://image.tmdb.org/t/p/w300/pGDzBjZvzmSCIEduQBfESLMiwtp.jpg
1243,Rosencrantz and Guildenstern Are Dead (1990),"Comedy,Drama",2,18971.0,3.96875,16,Shakespeare sort of,Comedy Drama Shakespeare sort of,https://image.tmdb.org/t/p/w300/6RI9sYpRxIdqlmsF6kBOiF7Bxug.jpg
1244,Manhattan (1979),"Comedy,Drama,Romance",3,696.0,4.106060606060606,33,black and white,Comedy Drama Romance black and white,https://image.tmdb.org/t/p/w300/k4eT3EvfxW1L9Wmt04UqJqCvCR6.jpg
1245,Miller's Crossing (1990),"Crime,Drama,Film-Noir,Thriller",4,379.0,4.225,20,Mafia,Crime Drama Film-Noir Thriller Mafia,https://image.tmdb.org/t/p/w300/i83gYdglRCjCRLSsmCk5nRWRmDM.jpg
1246,Dead Poets Society (1989),Drama,1,207.0,3.9593023255813953,172,highschool High School,Drama highschool High School,https://image.tmdb.org/t/p/w300/erzbMlcNHOdx24AXOcn2ZKA7R1q.jpg
1247,"Graduate, The (1967)","Comedy,Drama,Romance",3,37247.0,4.063291139240507,79,Simon and Garfunkel,Comedy Drama Romance Simon and Garfunkel,https://image.tmdb.org/t/p/w300/z1Z1tZMR66RxcNeHbwoEhYeqOlP.jpg
1249,"Femme Nikita, La (Nikita) (1990)","Action,Crime,Romance,Thriller",4,9322.0,4.071428571428571,35,hit men,Action Crime Romance Thriller hit men,https://image.tmdb.org/t/p/w300/1ulQDewUG4KKHOhpXdGKm3GdLFq.jpg
1250,"Bridge on the River Kwai, The (1957)","Adventure,Drama,War",3,826.0,4.122222222222222,45,POW,Adventure Drama War POW,https://image.tmdb.org/t/p/w300/7paXMt2e3Tr5dLmEZOGgFEn2Vo7.jpg
1252,Chinatown (1974),"Crime,Film-Noir,Mystery,Thriller",4,829.0,4.211864406779661,59,incest,Crime Film-Noir Mystery Thriller incest,https://image.tmdb.org/t/p/w300/kZRSP3FmOcq0xnBulqpUQngJUXY.jpg
1253,"Day the Earth Stood Still, The (1951)","Drama,Sci-Fi,Thriller",3,828.0,3.82,25,aliens,Drama Sci-Fi Thriller aliens,https://image.tmdb.org/t/p/w300/eslDNzf0LF1m9GsgUXlmyfTcC6Y.jpg
1254,"Treasure of the Sierra Madre, The (1948)","Action,Adventure,Drama,Western",4,3090.0,3.65625,16,Cold,Action Adventure Drama Western Cold,https://image.tmdb.org/t/p/w300/pWcst7zVbi8Z8W6GFrdNE7HHRxL.jpg
1257,Better Off Dead... (1985),"Comedy,Romance",2,13667.0,3.685185185185185,27,skiing,Comedy Romance skiing,https://image.tmdb.org/t/p/w300/pHmbSkpxdB7jXozrovEfacArtW0.jpg
1258,"Shining, The (1980)",Horror,1,694.0,4.08256880733945,981,atmospheric disturbing Horror jack nicholson masterpiece psychological Stanley Kubrick suspense Stephen King,Horror atmospheric disturbing Horror jack nicholson masterpiece psychological Stanley Kubrick suspense Stephen King,https://image.tmdb.org/t/p/w300/uAR0AWqhQL1hQa69UDEbb2rE5Wx.jpg
1259,Stand by Me (1986),"Adventure,Drama",2,235.0,4.0054945054945055,91,Stephen King,Adventure Drama Stephen King,https://image.tmdb.org/t/p/w300/vz0w9BSehcqjDcJOjRaCk7fgJe7.jpg
1260,M (1931),"Crime,Film-Noir,Thriller",3,832.0,3.7333333333333334,105,serial killer atmospheric chilly creepy menacing mental illness oninous,Crime Film-Noir Thriller serial killer atmospheric chilly creepy menacing mental illness oninous,https://image.tmdb.org/t/p/w300/bTdZk3q2DWpBRnLiaaItKFWOVhI.jpg
1262,"Great Escape, The (1963)","Action,Adventure,Drama,War",4,5925.0,4.127906976744186,43,POW,Action Adventure Drama War POW,https://image.tmdb.org/t/p/w300/gBH4H8UMFxl139HaLz6lRuvsel8.jpg
1263,"Deer Hunter, The (1978)","Drama,War",2,11778.0,3.8255813953488373,43,Vietnam,Drama War Vietnam,https://image.tmdb.org/t/p/w300/bbGtogDZOg09bm42KIpCXUXICkh.jpg
1266,Unforgiven (1992),"Drama,Western",2,33.0,4.111111111111111,45,revenge,Drama Western revenge,https://image.tmdb.org/t/p/w300/54roTwbX9fltg85zjsmrooXAs12.jpg
1267,"Manchurian Candidate, The (1962)","Crime,Thriller,War",3,982.0,4.25,60,assassination brainwashing,Crime Thriller War assassination brainwashing,https://image.tmdb.org/t/p/w300/2xQ856kd9hw6bB3OnusGyTvvkwB.jpg
1269,Arsenic and Old Lace (1944),"Comedy,Mystery,Thriller",3,212.0,3.8793103448275863,29,murder,Comedy Mystery Thriller murder,https://image.tmdb.org/t/p/w300/xG1GEEQGgExKl0WT5sRo1Arst5D.jpg
1270,Back to the Future (1985),"Adventure,Comedy,Sci-Fi",3,105.0,4.038011695906433,171,time travel,Adventure Comedy Sci-Fi time travel,https://image.tmdb.org/t/p/w300/vN5B5WgYscRGcQpVhHl6p9DDTP0.jpg
1272,Patton (1970),"Drama,War",2,11202.0,4.121212121212121,33,World War II,Drama War World War II,https://image.tmdb.org/t/p/w300/rLM7jIEPTjj4CF7F1IrzzNjLUCu.jpg
1274,Akira (1988),"Action,Adventure,Animation,Sci-Fi",4,149.0,3.7435897435897436,117,animation anime visually stunning,Action Adventure Animation Sci-Fi animation anime visually stunning,https://image.tmdb.org/t/p/w300/neZ0ykEsPqxamsX6o5QNUFILQrz.jpg
1276,Cool Hand Luke (1967),Drama,1,903.0,4.271929824561403,57,prison,Drama prison,https://image.tmdb.org/t/p/w300/4ykzTiHKLamh3eZJ8orVICtU2Jp.jpg
1277,Cyrano de Bergerac (1990),"Comedy,Drama,Romance",3,11673.0,4.125,12,In Netflix queue,Comedy Drama Romance In Netflix queue,https://image.tmdb.org/t/p/w300/80XJ5UkGuYTKDuALeG03BLk1OT1.jpg
1278,Young Frankenstein (1974),"Comedy,Fantasy",2,3034.0,3.9927536231884058,69,spoof,Comedy Fantasy spoof,https://image.tmdb.org/t/p/w300/3BvvVKPg9yucChlSvQtJxAbLmj9.jpg
1280,Raise the Red Lantern (Da hong deng long gao gao gua) (1991),Drama,1,10404.0,4.333333333333333,9,In Netflix queue,Drama In Netflix queue,https://image.tmdb.org/t/p/w300/j6MGZpg55cTqlHHwahBtzI2qQg1.jpg
1281,"Great Dictator, The (1940)","Comedy,Drama,War",3,914.0,4.133333333333334,15,Nazis,Comedy Drama War Nazis,https://image.tmdb.org/t/p/w300/1QpO9wo7JWecZ4NiBuu625FiY1j.jpg
1282,Fantasia (1940),"Animation,Children,Fantasy,Musical",4,756.0,3.7830188679245285,53,Disney,Animation Children Fantasy Musical Disney,https://image.tmdb.org/t/p/w300/5m9njnidjR0syG2gpVPVgcEMB2X.jpg
1283,High Noon (1952),"Drama,Western",2,288.0,4.2105263157894735,19,gunfight,Drama Western gunfight,https://image.tmdb.org/t/p/w300/qETSMQ4IXBSAS409Z9OL0ppXWTW.jpg
1284,"Big Sleep, The (1946)","Crime,Film-Noir,Mystery",3,910.0,4.142857142857143,14,Hammett,Crime Film-Noir Mystery Hammett,https://image.tmdb.org/t/p/w300/lraHo9D8c0YWfxsKqT5P5sVqMKN.jpg
1285,Heathers (1989),Comedy,1,2640.0,3.731707317073171,41,high school,Comedy high school,https://image.tmdb.org/t/p/w300/dGbVfM4WlM7uvIbyRehfPZUIgp2.jpg
1288,This Is Spinal Tap (1984),Comedy,1,11031.0,4.015151515151516,264,music heavy metal mockumentary,Comedy music heavy metal mockumentary,https://image.tmdb.org/t/p/w300/b3lllDltoBws5uKZzBYVSjpjjJx.jpg
1291,Indiana Jones and the Last Crusade (1989),"Action,Adventure",2,89.0,4.046428571428572,280,archaeology Holy Grail,Action Adventure archaeology Holy Grail,https://image.tmdb.org/t/p/w300/sizg1AU8f8JDZX4QIgE4pjUMBvx.jpg
1292,Being There (1979),"Comedy,Drama",2,10322.0,3.95,20,television,Comedy Drama television,https://image.tmdb.org/t/p/w300/3RO3jbCKEey2T9bYFkYt9xpwen9.jpg
1293,Gandhi (1982),Drama,1,783.0,3.8333333333333335,27,India,Drama India,https://image.tmdb.org/t/p/w300/rOXftt7SluxskrFrvU7qFJa5zeN.jpg
1296,"Room with a View, A (1986)","Drama,Romance",2,11257.0,3.7058823529411766,17,E. M. Forster,Drama Romance E. M. Forster,https://image.tmdb.org/t/p/w300/5xRAqywVo6tNUNQbAESGVP930la.jpg
1299,"Killing Fields, The (1984)","Drama,War",2,625.0,4.017857142857143,56,Cambodia Vietnam,Drama War Cambodia Vietnam,https://image.tmdb.org/t/p/w300/cX6Bv7natnZwQjsV9bLL8mmWjkS.jpg
1301,Forbidden Planet (1956),"Drama,Sci-Fi",2,830.0,3.8076923076923075,26,Shakespeare sort of space,Drama Sci-Fi Shakespeare sort of space,https://image.tmdb.org/t/p/w300/aq0OQfRS7hDDI8vyD0ICbH9eguC.jpg
1302,Field of Dreams (1989),"Children,Drama,Fantasy",3,2323.0,3.517857142857143,56,baseball,Children Drama Fantasy baseball,https://image.tmdb.org/t/p/w300/oeM7nAw6FVFICwUaXKCRkDsKjqO.jpg
1303,"Man Who Would Be King, The (1975)","Adventure,Drama",2,983.0,4.029411764705882,17,India,Adventure Drama India,https://image.tmdb.org/t/p/w300/xnEhm0CtgJoM9Z1dGGSQAwxU7oJ.jpg
1304,Butch Cassidy and the Sundance Kid (1969),"Action,Western",2,642.0,3.943548387096774,62,crime,Action Western crime,https://image.tmdb.org/t/p/w300/gFmmykF1Ym3OGzENo50nZQaD1dx.jpg
1307,When Harry Met Sally... (1989),"Comedy,Romance",2,639.0,3.8588235294117648,85,New York,Comedy Romance New York,https://image.tmdb.org/t/p/w300/rFOiFUhTMtDetqCGClC9PIgnC1P.jpg
1333,"Birds, The (1963)","Horror,Thriller",2,571.0,3.602272727272727,44,birds,Horror Thriller birds,https://image.tmdb.org/t/p/w300/eClg8QPg8mwB6INIC4pyR5pAbDr.jpg
1343,Cape Fear (1991),Thriller,1,1598.0,3.78,125,horror Juliette Lewis Martin Scorsese Robert De Niro remake,Thriller horror Juliette Lewis Martin Scorsese Robert De Niro remake,https://image.tmdb.org/t/p/w300/meJZAAuVcjic2ipvbOPz5UlE4P9.jpg
1344,Cape Fear (1962),"Crime,Drama,Thriller",3,11349.0,3.9642857142857144,14,lawyer,Crime Drama Thriller lawyer,https://image.tmdb.org/t/p/w300/xDqaHjMbnebtB05QWgAR8wW86sb.jpg
1345,Carrie (1976),"Drama,Fantasy,Horror,Thriller",4,7340.0,3.3472222222222223,108,high school prom Stephen King,Drama Fantasy Horror Thriller high school prom Stephen King,https://image.tmdb.org/t/p/w300/8tT1rqlsTguyfUBMrbHR9cv1rxM.jpg
1348,"Nosferatu (Nosferatu, eine Symphonie des Grauens) (1922)",Horror,1,653.0,3.53125,16,vampires,Horror vampires,https://image.tmdb.org/t/p/w300/zv7J85D8CC9qYagAEhPM63CIG6j.jpg
1350,"Omen, The (1976)","Horror,Mystery,Thriller",3,794.0,3.8181818181818183,22,demons,Horror Mystery Thriller demons,https://image.tmdb.org/t/p/w300/mDcjjEu1fMNmsXi4l4D8IftlTix.jpg
1353,"Mirror Has Two Faces, The (1996)","Comedy,Drama,Romance",3,25189.0,3.375,4,personals ads,Comedy Drama Romance personals ads,https://image.tmdb.org/t/p/w300/ekk8MKMp3tlJjcMuhOgKsMCRrvR.jpg
1354,Breaking the Waves (1996),"Drama,Mystery",2,145.0,4.071428571428571,7,religion,Drama Mystery religion,https://image.tmdb.org/t/p/w300/dQWMcdHXUOSHtr7ypOCa5T79JMS.jpg
1356,Star Trek: First Contact (1996),"Action,Adventure,Sci-Fi,Thriller",4,199.0,3.879120879120879,91,Borg,Action Adventure Sci-Fi Thriller Borg,https://image.tmdb.org/t/p/w300/iqhHe893Vcf07jNkNQ31tu85dKG.jpg
1357,Shine (1996),"Drama,Romance",2,7863.0,4.0,24,music,Drama Romance music,https://image.tmdb.org/t/p/w300/cbmThowj2XAW7lKlMAXmnhZvjGI.jpg
1358,Sling Blade (1996),Drama,1,12498.0,3.8404255319148937,47,ex-con,Drama ex-con,https://image.tmdb.org/t/p/w300/ivBIBd1LNaozcmytZUyE1yIXZms.jpg
1361,Paradise Lost: The Child Murders at Robin Hood Hills (1996),Documentary,1,17204.0,4.083333333333333,6,In Netflix queue,Documentary In Netflix queue,https://image.tmdb.org/t/p/w300/h65fwEQTv9zRNyEuExE1wAk5CQ2.jpg
1363,"Preacher's Wife, The (1996)",Drama,1,21539.0,3.5,5,religion,Drama religion,https://image.tmdb.org/t/p/w300/z1mU4g9poAgoDQRNLcfNdj3iiMs.jpg
1366,"Crucible, The (1996)",Drama,1,20539.0,3.9,5,Arthur Miller,Drama Arthur Miller,https://image.tmdb.org/t/p/w300/zv69Rev43me5gQ68x7fk1mQzhHn.jpg
1367,101 Dalmatians (1996),"Adventure,Children,Comedy",3,11674.0,3.074468085106383,94,dogs remake,Adventure Children Comedy dogs remake,https://image.tmdb.org/t/p/w300/8o2ADoAyG796UwTjwBFjPyBz0yG.jpg
1372,Star Trek VI: The Undiscovered Country (1991),"Action,Mystery,Sci-Fi",3,174.0,3.3452380952380953,42,Klingons,Action Mystery Sci-Fi Klingons,https://image.tmdb.org/t/p/w300/tvTOJD7Gz668GLy2nNdLRQvpPsv.jpg
1374,Star Trek II: The Wrath of Khan (1982),"Action,Adventure,Sci-Fi,Thriller",4,154.0,3.7661290322580645,62,Captain Kirk,Action Adventure Sci-Fi Thriller Captain Kirk,https://image.tmdb.org/t/p/w300/uPyLsKl8Z0LOoxeaFXsY5MxhR5s.jpg
1376,Star Trek IV: The Voyage Home (1986),"Adventure,Comedy,Sci-Fi",3,168.0,3.4767441860465116,43,whales,Adventure Comedy Sci-Fi whales,https://image.tmdb.org/t/p/w300/xY5TzGXJOB3L9rhZ1MbbPyVlW5J.jpg
1377,Batman Returns (1992),"Action,Crime",2,364.0,3.025,60,superhero,Action Crime superhero,https://image.tmdb.org/t/p/w300/jKBjeXM7iBBV9UkUcOXx3m7FSHY.jpg
1380,Grease (1978),"Comedy,Musical,Romance",3,621.0,3.139705882352941,68,high school,Comedy Musical Romance high school,https://image.tmdb.org/t/p/w300/2rM7fQKpb7cs1Iq7IBqub9LFDzJ.jpg
1381,Grease 2 (1982),"Comedy,Musical,Romance",3,9037.0,2.0789473684210527,19,high school,Comedy Musical Romance high school,https://image.tmdb.org/t/p/w300/ufWc8AR5D66lwB2UZvZ9xvGcDSD.jpg
1387,Jaws (1975),"Action,Horror",2,578.0,4.0054945054945055,91,Shark,Action Horror Shark,https://image.tmdb.org/t/p/w300/lxM6kqilAdpdhqUl2biYp5frUxE.jpg
1389,Jaws 3-D (1983),"Action,Horror",2,17692.0,1.4166666666666667,6,shark,Action Horror shark,https://image.tmdb.org/t/p/w300/kqDXj53F9paqVGJLGfHtz7giJ3s.jpg
1393,Jerry Maguire (1996),"Drama,Romance",2,9390.0,3.5941176470588236,85,sports,Drama Romance sports,https://image.tmdb.org/t/p/w300/lABvGN7fDk5ifnwZoxij6G96t2w.jpg
1394,Raising Arizona (1987),Comedy,1,378.0,3.9913793103448274,58,Coen Brothers,Comedy Coen Brothers,https://image.tmdb.org/t/p/w300/niKyjOqiB4XVl0BqgKTHIlHOCeF.jpg
1396,Sneakers (1992),"Action,Comedy,Crime,Drama,Sci-Fi",5,2322.0,3.4782608695652173,46,spying,Action Comedy Crime Drama Sci-Fi spying,https://image.tmdb.org/t/p/w300/l2pIGwCvpZEpBuMb55YBl6A04Jv.jpg
1398,In Love and War (1996),"Romance,War",2,26949.0,2.5,1,Hemingway,Romance War Hemingway,https://image.tmdb.org/t/p/w300/rjRu7HOjXNVflUrR40eMKhvmQps.jpg
1407,Scream (1996),"Comedy,Horror,Mystery,Thriller",4,4232.0,3.2,140,slasher spoof,Comedy Horror Mystery Thriller slasher spoof,https://image.tmdb.org/t/p/w300/lr9ZIrmuwVmZhpZuTCW8D9g0ZJe.jpg
1408,"Last of the Mohicans, The (1992)","Action,Romance,War,Western",4,9361.0,3.8333333333333335,78,Hawkeye James Fennimore Cooper,Action Romance War Western Hawkeye James Fennimore Cooper,https://image.tmdb.org/t/p/w300/qzJMPWRtZveBkxXOv3ucWhoJuyj.jpg
1411,Hamlet (1996),"Crime,Drama,Romance",3,10549.0,4.0,16,Shakespeare,Crime Drama Romance Shakespeare,https://image.tmdb.org/t/p/w300/ilurgUOp6SCl4cuhfjctj1qxlfZ.jpg
1413,"Whole Wide World, The (1996)",Drama,1,18451.0,4.25,2,Conan,Drama Conan,https://image.tmdb.org/t/p/w300/ajMk4ueXcOCbxwJjJecltiGhYrn.jpg
1416,Evita (1996),"Drama,Musical",2,8818.0,3.4166666666666665,12,Andrew Lloyd Weber,Drama Musical Andrew Lloyd Weber,https://image.tmdb.org/t/p/w300/mVdQatilUGMtB6sV4FXA7O473UD.jpg
1423,Hearts and Minds (1996),Drama,1,55146.0,4.0,2,In Netflix queue Vietnam,Drama In Netflix queue Vietnam,https://image.tmdb.org/t/p/w300/74CK1qibFcIR45SAwLZ32cQjAZ6.jpg
1441,Benny & Joon (1993),"Comedy,Romance",2,4104.0,3.473684210526316,38,mental illness Not Seen,Comedy Romance mental illness Not Seen,https://image.tmdb.org/t/p/w300/7g7qYdUN9wDXJGIOj6U67RPIBHO.jpg
1446,Kolya (Kolja) (1996),"Comedy,Drama",2,784.0,4.428571428571429,7,In Netflix queue,Comedy Drama In Netflix queue,https://image.tmdb.org/t/p/w300/fB0cGiEOngfsfyDHXIpFOmEwFgi.jpg
1449,Waiting for Guffman (1996),Comedy,1,16448.0,3.875,24,mockumentary,Comedy mockumentary,https://image.tmdb.org/t/p/w300/zuArI6EBpV6mExrvfnyidoOtzdf.jpg
1466,Donnie Brasco (1997),"Crime,Drama",2,9366.0,3.7403846153846154,52,Mafia,Crime Drama Mafia,https://image.tmdb.org/t/p/w300/xtKLvpOfARi1XVm8u2FTdhY5Piq.jpg
1474,Jungle2Jungle (a.k.a. Jungle 2 Jungle) (1997),"Children,Comedy",2,9446.0,2.1363636363636362,11,jungle,Children Comedy jungle,https://image.tmdb.org/t/p/w300/xRKfvheWRfkirm0kzdBAydUjiK5.jpg
1485,Liar Liar (1997),Comedy,1,1624.0,3.0337837837837838,74,lawyer,Comedy lawyer,https://image.tmdb.org/t/p/w300/p1habYSdC7oD3WygQ5lynU5G5rV.jpg
1496,Anna Karenina (1997),"Drama,Romance",2,50512.0,4.0,1,Tolstoy,Drama Romance Tolstoy,https://image.tmdb.org/t/p/w300/6YWh035E2jhiWs57A2LMg1c9mv4.jpg
1500,Grosse Pointe Blank (1997),"Comedy,Crime,Romance",3,9434.0,3.610169491525424,118,hit men reunion,Comedy Crime Romance hit men reunion,https://image.tmdb.org/t/p/w300/7lQ0MSNQqBTYpXTTZL82u1n95Z3.jpg
1513,Romy and Michele's High School Reunion (1997),Comedy,1,9611.0,2.9655172413793105,29,reunion,Comedy reunion,https://image.tmdb.org/t/p/w300/yLxgglhaP2QfWVZTdrv7mZgvuHL.jpg
1537,Shall We Dance? (Shall We Dansu?) (1996),"Comedy,Drama,Romance",3,11239.0,3.8076923076923075,13,ballroom dance,Comedy Drama Romance ballroom dance,https://image.tmdb.org/t/p/w300/a3HQNANsAZ3zhKpHeWdznwBmJPF.jpg
1542,Brassed Off (1996),"Comedy,Drama,Romance",3,9450.0,3.7142857142857144,7,In Netflix queue,Comedy Drama Romance In Netflix queue,https://image.tmdb.org/t/p/w300/qS2cZYWn2jlQs4Ej5O42LVIANQB.jpg
1544,"Lost World: Jurassic Park, The (1997)","Action,Adventure,Sci-Fi,Thriller",4,330.0,2.753731343283582,67,dinosaurs,Action Adventure Sci-Fi Thriller dinosaurs,https://image.tmdb.org/t/p/w300/6fSkhv35nPSw9hwPVCMINQFG1WD.jpg
1545,Ponette (1996),Drama,1,38523.0,4.5,2,death,Drama death,https://image.tmdb.org/t/p/w300/p6ZlnYATJvYZtcQr6RDmzplq3hX.jpg
1569,My Best Friend's Wedding (1997),"Comedy,Romance",2,8874.0,3.5,120,romantic comedy wedding weddings,Comedy Romance romantic comedy wedding weddings,https://image.tmdb.org/t/p/w300/b5g4bp8gS5ovMyR5439AII6zQ3n.jpg
1573,Face/Off (1997),"Action,Crime,Drama,Thriller",4,754.0,3.3701298701298703,77,transplants,Action Crime Drama Thriller transplants,https://image.tmdb.org/t/p/w300/69Xzn8UdPbVnmqSChKz2RTpoNfB.jpg
1580,Men in Black (a.k.a. MIB) (1997),"Action,Comedy,Sci-Fi",3,607.0,3.487878787878788,165,aliens,Action Comedy Sci-Fi aliens,https://image.tmdb.org/t/p/w300/uLOmOF5IzWoyrgIF5MfUnh5pa1X.jpg
1586,G.I. Jane (1997),"Action,Drama",2,4421.0,2.7954545454545454,22,military,Action Drama military,https://image.tmdb.org/t/p/w300/6yBgZJYqaR4XkxwjsB9tS4GK1ZN.jpg
1608,Air Force One (1997),"Action,Thriller",2,9772.0,3.3448275862068964,58,president,Action Thriller president,https://image.tmdb.org/t/p/w300/evO1iENjLpUnbwjnt5XK85jRYob.jpg
1610,"Hunt for Red October, The (1990)","Action,Adventure,Thriller",3,1669.0,3.8722222222222222,90,Tom Clancy,Action Adventure Thriller Tom Clancy,https://image.tmdb.org/t/p/w300/yVl7zidse4KiWtGMqHFtZCx4X3N.jpg
1617,L.A. Confidential (1997),"Crime,Film-Noir,Mystery,Thriller",4,2118.0,4.061855670103093,97,Police,Crime Film-Noir Mystery Thriller Police,https://image.tmdb.org/t/p/w300/lWCgf5sD5FpMljjpkRhcC8pXcch.jpg
1625,"Game, The (1997)","Drama,Mystery,Thriller",3,2649.0,3.7012987012987013,616,mindfuck Mystery plot twist psychological suspense twist ending,Drama Mystery Thriller mindfuck Mystery plot twist psychological suspense twist ending,https://image.tmdb.org/t/p/w300/4UOa079915QjiTA2u5hT2yKVgUu.jpg
1635,"Ice Storm, The (1997)",Drama,1,68924.0,3.8823529411764706,17,1970s,Drama 1970s,https://image.tmdb.org/t/p/w300/3a6uLta7K8Dzojps4RoJAPHD0km.jpg
1643,"Mrs. Brown (a.k.a. Her Majesty, Mrs. Brown) (1997)","Drama,Romance",2,17589.0,3.8,10,England Queen Victoria,Drama Romance England Queen Victoria,https://image.tmdb.org/t/p/w300/swVtcQj7AW2SaIcgThgw2i4fXN9.jpg
1645,The Devil's Advocate (1997),"Drama,Mystery,Thriller",3,1813.0,3.411764705882353,51,lawyers,Drama Mystery Thriller lawyers,https://image.tmdb.org/t/p/w300/5ZzBGpxy55OQzHxKVY11IpY6a0o.jpg
1650,Washington Square (1997),Drama,1,45019.0,3.75,2,Henry James,Drama Henry James,https://image.tmdb.org/t/p/w300/3LIn7bskDwsmyxMWTNWRIPSCm2X.jpg
1653,Gattaca (1997),"Drama,Sci-Fi,Thriller",3,782.0,3.953488372093023,258,future intelligent thought-provoking,Drama Sci-Fi Thriller future intelligent thought-provoking,https://image.tmdb.org/t/p/w300/eSKr5Fl1MEC7zpAXaLWBWSBjgJq.jpg
1663,Stripes (1981),"Comedy,War",2,10890.0,3.7941176470588234,34,military,Comedy War military,https://image.tmdb.org/t/p/w300/vP8tPOgmJSNOh4bpOv1bFjid3rZ.jpg
1672,"Rainmaker, The (1997)",Drama,1,11975.0,3.375,12,In Netflix queue,Drama In Netflix queue,https://image.tmdb.org/t/p/w300/twLGHXPjQtS8UyVGp5GXmhJiTM7.jpg
1674,Witness (1985),"Drama,Romance,Thriller",3,9281.0,3.65,40,Amish,Drama Romance Thriller Amish,https://image.tmdb.org/t/p/w300/kOymD1rChAMykmDVEzJpIh4OYS7.jpg
1680,Sliding Doors (1998),"Drama,Romance",2,10215.0,3.6,25,alternate universe,Drama Romance alternate universe,https://image.tmdb.org/t/p/w300/s8VOVTywXZIIHqdEjkCZziH0ebq.jpg
1682,"Truman Show, The (1998)","Comedy,Drama,Sci-Fi",3,37165.0,3.812,125,TV,Comedy Drama Sci-Fi TV,https://image.tmdb.org/t/p/w300/vuza0WqY239yBXOadKlGwJsZJFE.jpg
1683,"Wings of the Dove, The (1997)","Drama,Romance",2,45609.0,4.416666666666667,6,Henry James,Drama Romance Henry James,https://image.tmdb.org/t/p/w300/eb1ZnIEC8LMmMgwD2fIAmQOkcd.jpg
1704,Good Will Hunting (1997),"Drama,Romance",2,489.0,4.078014184397163,423,inspirational heartwarming,Drama Romance inspirational heartwarming,https://image.tmdb.org/t/p/w300/z2FnLKpFi1HPO7BEJxdkv6hpJSU.jpg
1711,Midnight in the Garden of Good and Evil (1997),"Crime,Drama,Mystery",3,8197.0,3.1041666666666665,24,Savannah,Crime Drama Mystery Savannah,https://image.tmdb.org/t/p/w300/cXS5o6RIp8m1epBm5I7cX49bfFd.jpg
1717,Scream 2 (1997),"Comedy,Horror,Mystery,Thriller",4,4233.0,2.9193548387096775,93,sequel slasher spoof,Comedy Horror Mystery Thriller sequel slasher spoof,https://image.tmdb.org/t/p/w300/dORlVasiaDkJXTqt9bdH7nFNs6C.jpg
1719,"Sweet Hereafter, The (1997)",Drama,1,10217.0,4.25,32,Canada death,Drama Canada death,https://image.tmdb.org/t/p/w300/gJy7LMq4b5qO5fsSUSoBgm24BHf.jpg
1721,Titanic (1997),"Drama,Romance",2,597.0,3.414285714285714,280,shipwreck romance,Drama Romance shipwreck romance,https://image.tmdb.org/t/p/w300/9xjZS2rlVxm8SFx8kPC3aIGCOYQ.jpg
1726,"Postman, The (1997)","Action,Adventure,Drama,Sci-Fi",4,9922.0,2.6923076923076925,26,Kevin Costner Post apocalyptic,Action Adventure Drama Sci-Fi Kevin Costner Post apocalyptic,https://image.tmdb.org/t/p/w300/piVzOuKFLHNGLxnjwNtibC26lTy.jpg
1732,"Big Lebowski, The (1998)","Comedy,Crime",2,115.0,3.9245283018867925,3392,Coen Brothers black comedy bowling classic coen brothers comedy crime Cult classic cult film dark comedy deadpan drugs funny great dialogue great soundtrack Highly quotable imdb top 250 Jeff Bridges John Goodman Julianne Moore kidnapping marijuana Nudity (Full Frontal) off-beat comedy Philip Seymour Hoffman quirky ransom rug sarcasm satirical Steve Buscemi violence,Comedy Crime Coen Brothers black comedy bowling classic coen brothers comedy crime Cult classic cult film dark comedy deadpan drugs funny great dialogue great soundtrack Highly quotable imdb top 250 Jeff Bridges John Goodman Julianne Moore kidnapping marijuana Nudity (Full Frontal) off-beat comedy Philip Seymour Hoffman quirky ransom rug sarcasm satirical Steve Buscemi violence,https://image.tmdb.org/t/p/w300/3bv6WAp6BSxxYvB5ozKFUYuRA8C.jpg
1735,Great Expectations (1998),"Drama,Romance",2,9410.0,3.3181818181818183,11,Charles Dickens,Drama Romance Charles Dickens,https://image.tmdb.org/t/p/w300/djLsfl3lm7BZKWsKfVZ2wM1ZMrP.jpg
1748,Dark City (1998),"Adventure,Film-Noir,Sci-Fi,Thriller",4,2666.0,3.8229166666666665,48,amnesia,Adventure Film-Noir Sci-Fi Thriller amnesia,https://image.tmdb.org/t/p/w300/tNPEGju4DpTdbhBphNmZoEi9Bd3.jpg
1777,"Wedding Singer, The (1998)","Comedy,Romance",2,11003.0,3.419642857142857,56,1980s,Comedy Romance 1980s,https://image.tmdb.org/t/p/w300/zVvyTrcZQb7kC2DPDzyo25WcxXp.jpg
1779,Sphere (1998),"Sci-Fi,Thriller",2,10153.0,2.760869565217391,23,good,Sci-Fi Thriller good,https://image.tmdb.org/t/p/w300/reR7C7EYe3DiHm5OYpA0ACUMDld.jpg
1797,Everest (1998),"Documentary,IMAX",2,21736.0,4.25,6,In Netflix queue,Documentary IMAX In Netflix queue,https://image.tmdb.org/t/p/w300/a104Pkm7cHsztZK2wGiZFJmMqDs.jpg
1801,"Man in the Iron Mask, The (1998)","Action,Adventure,Drama",3,9313.0,3.5,25,seen more than once,Action Adventure Drama seen more than once,https://image.tmdb.org/t/p/w300/tSLWIX3NzqFPWNMNX7FfeExHCRk.jpg
1810,Primary Colors (1998),"Comedy,Drama",2,9440.0,3.5,11,politics,Comedy Drama politics,https://image.tmdb.org/t/p/w300/RXEgVSEBkMnV8LkEGkBpuz3mkD.jpg
1834,"Spanish Prisoner, The (1997)","Crime,Drama,Mystery,Thriller",4,29193.0,4.0,11,twist ending,Crime Drama Mystery Thriller twist ending,https://image.tmdb.org/t/p/w300/cwkWlWfFrvH6WW6ovX5gfGHo7ks.jpg
1836,"Last Days of Disco, The (1998)","Comedy,Drama",2,16980.0,4.5,3,No DVD at Netflix,Comedy Drama No DVD at Netflix,https://image.tmdb.org/t/p/w300/lReaAZCsA0GXvJrxzSMsFxwgh6F.jpg
1893,Beyond Silence (Jenseits der Stille) (1996),Drama,1,312.0,4.5,1,In Netflix queue,Drama In Netflix queue,https://image.tmdb.org/t/p/w300/bfNOcXDcwzKOlJoTtQM4lsEVxS1.jpg
1900,"Children of Heaven, The (Bacheha-Ye Aseman) (1997)","Comedy,Drama",2,21334.0,4.0,1,In Netflix queue,Comedy Drama In Netflix queue,https://image.tmdb.org/t/p/w300/jWqh1CJWAEcxckMRrf6ARhIEh0R.jpg
1902,Dream for an Insomniac (1996),"Drama,Romance",2,32284.0,4.0,1,generation X,Drama Romance generation X,https://image.tmdb.org/t/p/w300/1hGRcEPnpmgAmfLObym3olCk6tM.jpg
1909,"X-Files: Fight the Future, The (1998)","Action,Crime,Mystery,Sci-Fi,Thriller",5,846.0,3.4404761904761907,42,conspiracy,Action Crime Mystery Sci-Fi Thriller conspiracy,https://image.tmdb.org/t/p/w300/yLIw6shz2WC3W3iI0jROsF4B2ha.jpg
1912,Out of Sight (1998),"Comedy,Crime,Drama,Romance,Thriller",5,1389.0,3.859375,32,heist,Comedy Crime Drama Romance Thriller heist,https://image.tmdb.org/t/p/w300/v49q7AMR3pB4M762woWB1NYMCLF.jpg
1913,Picnic at Hanging Rock (1975),"Drama,Mystery",2,11020.0,4.0,3,Australia,Drama Mystery Australia,https://image.tmdb.org/t/p/w300/7BAXwmFN4pZDNb9N6kzmAAwdssi.jpg
1916,Buffalo '66 (a.k.a. Buffalo 66) (1998),"Drama,Romance",2,9464.0,3.4166666666666665,60,avant-garde romantic comedy elegiac melancholy quirky wry,Drama Romance avant-garde romantic comedy elegiac melancholy quirky wry,https://image.tmdb.org/t/p/w300/fxzXFzbSGNA52NHQCMqQiwzMIQw.jpg
1917,Armageddon (1998),"Action,Romance,Sci-Fi,Thriller",4,95.0,3.0543478260869565,92,space,Action Romance Sci-Fi Thriller space,https://image.tmdb.org/t/p/w300/eTM3qtGhDU8cvjpoa6KEt5E2auU.jpg
1921,Pi (1998),"Drama,Sci-Fi,Thriller",3,473.0,3.851063829787234,799,hallucinatory mental illness mindfuck paranoid mathematics artsy atmospheric cerebral enigmatic existentialism insanity paranoia surreal tense visually appealing,Drama Sci-Fi Thriller hallucinatory mental illness mindfuck paranoid mathematics artsy atmospheric cerebral enigmatic existentialism insanity paranoia surreal tense visually appealing,https://image.tmdb.org/t/p/w300/fJA22FjlAW8rzrOw9Mwanl6oTc9.jpg
1923,There's Something About Mary (1998),"Comedy,Romance",2,544.0,3.676190476190476,420,Ben Stiller crude humor goofy,Comedy Romance Ben Stiller crude humor goofy,https://image.tmdb.org/t/p/w300/slJD1Dvnsf15LoeqhERsyzisAdn.jpg
1931,Mutiny on the Bounty (1935),"Adventure,Drama",2,12311.0,4.166666666666667,6,ships,Adventure Drama ships,https://image.tmdb.org/t/p/w300/GD98ozz6F6tSu8BWGulpseEKhv.jpg
1938,"Lost Weekend, The (1945)",Drama,1,28580.0,4.0,3,alcoholism,Drama alcoholism,https://image.tmdb.org/t/p/w300/yL6EJxPeYIcB9TChm56lHqXKzHC.jpg
1940,Gentleman's Agreement (1947),Drama,1,33667.0,4.0,2,anti-Semitism Judaism,Drama anti-Semitism Judaism,https://image.tmdb.org/t/p/w300/aCCRbcmigPk00f34hpJuWZuvABo.jpg
1942,All the King's Men (1949),Drama,1,25430.0,4.25,12,Huey Long In Netflix queue Robert Penn Warren,Drama Huey Long In Netflix queue Robert Penn Warren,https://image.tmdb.org/t/p/w300/7o8nnvFnkekDAlIYznNUWzxQFM6.jpg
1945,On the Waterfront (1954),"Crime,Drama",2,654.0,4.1875,48,boxing coulda been a contender,Crime Drama boxing coulda been a contender,https://image.tmdb.org/t/p/w300/v1RtJ1qR4v9nrnfoBVBl6hjTW9.jpg
1947,West Side Story (1961),"Drama,Musical,Romance",3,1725.0,3.6029411764705883,34,Gangs,Drama Musical Romance Gangs,https://image.tmdb.org/t/p/w300/nzCMu6D5q60i2bVrIQ0DxlRSgCZ.jpg
1948,Tom Jones (1963),"Adventure,Comedy,Romance",3,5769.0,3.642857142857143,7,British,Adventure Comedy Romance British,https://image.tmdb.org/t/p/w300/yKuZKLMhe74PJzaxYLh2s8h4P2P.jpg
1950,In the Heat of the Night (1967),"Drama,Mystery",2,10633.0,4.181818181818182,11,racism,Drama Mystery racism,https://image.tmdb.org/t/p/w300/qFpfALhprXmOAbA5upTNupZw8rq.jpg
1951,Oliver! (1968),"Drama,Musical",2,17917.0,3.5714285714285716,7,Dickens,Drama Musical Dickens,https://image.tmdb.org/t/p/w300/1XJgoaOWKrqxkKeBKWLKSigqG8c.jpg
1952,Midnight Cowboy (1969),Drama,1,3116.0,3.9545454545454546,22,prostitution,Drama prostitution,https://image.tmdb.org/t/p/w300/ckklq45UxUkwgHve9xItXqXr06r.jpg
1953,"French Connection, The (1971)","Action,Crime,Thriller",3,1051.0,3.871794871794872,78,drugs police,Action Crime Thriller drugs police,https://image.tmdb.org/t/p/w300/pH4saPwMjhnVGwmSH6RkMaHrt3s.jpg
1954,Rocky (1976),Drama,1,1366.0,3.828125,128,boxing sports,Drama boxing sports,https://image.tmdb.org/t/p/w300/hEjK9A9BkNXejFW4tfacVAEHtkn.jpg
1955,Kramer vs. Kramer (1979),Drama,1,12102.0,3.892857142857143,14,divorce,Drama divorce,https://image.tmdb.org/t/p/w300/3CUP5V5SWfHSK4qvkZF7lMNyugY.jpg
1957,Chariots of Fire (1981),Drama,1,9443.0,4.038461538461538,26,Olympics sports,Drama Olympics sports,https://image.tmdb.org/t/p/w300/qnRaum8k0HqGRml2i7OawFqUtEb.jpg
1959,Out of Africa (1985),"Drama,Romance",2,606.0,3.6666666666666665,30,adultery Africa,Drama Romance adultery Africa,https://image.tmdb.org/t/p/w300/6oMKqh08TfxmvnoFR4mm1wZB67P.jpg
1960,"Last Emperor, The (1987)",Drama,1,746.0,3.6923076923076925,26,China,Drama China,https://image.tmdb.org/t/p/w300/7TILJhdeJAaEyDiwvJZMo9SQBoe.jpg
1961,Rain Man (1988),Drama,1,380.0,3.8072916666666665,96,autism,Drama autism,https://image.tmdb.org/t/p/w300/iTNHwO896WKkaoPtpMMS74d8VNi.jpg
1962,Driving Miss Daisy (1989),Drama,1,403.0,3.739130434782609,23,rasicm,Drama rasicm,https://image.tmdb.org/t/p/w300/iaCzvcY42HihFxQBTZCTKMpsI0P.jpg
1975,Friday the 13th Part 2 (1981),Horror,1,9725.0,2.5,7,Jason,Horror Jason,https://image.tmdb.org/t/p/w300/92rGctBMTv4uaSlIBVnhz01kRWL.jpg
1976,Friday the 13th Part 3: 3D (1982),Horror,1,9728.0,2.2142857142857144,7,Jason,Horror Jason,https://image.tmdb.org/t/p/w300/9kukTSlgFgXnQGdpcHvHcpTDiUc.jpg
1977,Friday the 13th Part IV: The Final Chapter (1984),Horror,1,9730.0,2.5833333333333335,6,Jason,Horror Jason,https://image.tmdb.org/t/p/w300/1J7zudfR3VLPwAf9lK5YPfSu0n6.jpg
1978,Friday the 13th Part V: A New Beginning (1985),Horror,1,9731.0,2.5,2,Jason,Horror Jason,https://image.tmdb.org/t/p/w300/ewnIs4aCuWnKQ13Eaj8f3ybrQc8.jpg
1979,Friday the 13th Part VI: Jason Lives (1986),Horror,1,10225.0,3.25,4,Jason,Horror Jason,https://image.tmdb.org/t/p/w300/6vdUpHvkspQonXBdWcLWW5ciEPJ.jpg
1983,Halloween II (1981),Horror,1,11281.0,2.4,5,halloween,Horror halloween,https://image.tmdb.org/t/p/w300/3nX5HHGgOKaVMxXwMLT9DHO1Ne6.jpg
1984,Halloween III: Season of the Witch (1982),Horror,1,10676.0,2.1666666666666665,3,halloween,Horror halloween,https://image.tmdb.org/t/p/w300/WABfdeaThFYXCySGIOvRNv2sSW.jpg
1994,Poltergeist (1982),"Horror,Thriller",2,609.0,3.425531914893617,47,ghosts,Horror Thriller ghosts,https://image.tmdb.org/t/p/w300/m5AKo8iZAYulI87Uzxkn87vRY07.jpg
1995,Poltergeist II: The Other Side (1986),"Horror,Thriller",2,11133.0,1.6666666666666667,6,ghosts,Horror Thriller ghosts,https://image.tmdb.org/t/p/w300/tVQPv69XWIgzF5n1MRrTuhPyNr5.jpg
1996,Poltergeist III (1988),"Horror,Thriller",2,10306.0,1.875,4,ghosts,Horror Thriller ghosts,https://image.tmdb.org/t/p/w300/pLewUibOJLGISvMqB94mAMdjz2q.jpg
1997,"Exorcist, The (1973)","Horror,Mystery",2,9552.0,3.80188679245283,53,demons,Horror Mystery demons,https://image.tmdb.org/t/p/w300/5x0CeVHJI8tcDx8tUUwYHQSNILq.jpg
2006,"Mask of Zorro, The (1998)","Action,Comedy,Romance",3,9342.0,3.1,120,California Mexico,Action Comedy Romance California Mexico,https://image.tmdb.org/t/p/w300/bdMufwGDDzqu4kTSQwrKc5WR4bu.jpg
2011,Back to the Future Part II (1989),"Adventure,Comedy,Sci-Fi",3,165.0,3.5057471264367814,87,time travel,Adventure Comedy Sci-Fi time travel,https://image.tmdb.org/t/p/w300/hQq8xZe5uLjFzSBt4LanNP7SQjl.jpg
2019,Seven Samurai (Shichinin no samurai) (1954),"Action,Adventure,Drama",3,346.0,4.1875,48,samurai,Action Adventure Drama samurai,https://image.tmdb.org/t/p/w300/lOMGc8bnSwQhS4XyE1S99uH8NXf.jpg
2020,Dangerous Liaisons (1988),"Drama,Romance",2,859.0,4.0,25,adultery,Drama Romance adultery,https://image.tmdb.org/t/p/w300/eNvJXuTQ7lusuUrIvS7wplORXBX.jpg
2022,"Last Temptation of Christ, The (1988)",Drama,1,11051.0,3.6875,16,Bible Katzanzakis,Drama Bible Katzanzakis,https://image.tmdb.org/t/p/w300/7L4qwrC1mipZXJfU5oRgQWChLv1.jpg
2023,"Godfather: Part III, The (1990)","Crime,Drama,Mystery,Thriller",4,242.0,3.3555555555555556,225,Al Pacino Andy Garcia Classic Francis Ford Coppola mafia,Crime Drama Mystery Thriller Al Pacino Andy Garcia Classic Francis Ford Coppola mafia,https://image.tmdb.org/t/p/w300/lm3pQ2QoQ16pextRsmnUbG2onES.jpg
2028,Saving Private Ryan (1998),"Action,Drama,War",3,857.0,4.1462765957446805,188,World War II,Action Drama War World War II,https://image.tmdb.org/t/p/w300/uqx37cS8cpHg8U35f9U5IBlrCV3.jpg
2054,"Honey, I Shrunk the Kids (1989)","Adventure,Children,Comedy,Fantasy,Sci-Fi",5,9354.0,2.7573529411764706,68,Disney,Adventure Children Comedy Fantasy Sci-Fi Disney,https://image.tmdb.org/t/p/w300/omQOzahi2NIeiYznNxHFDvNbvo6.jpg
2058,"Negotiator, The (1998)","Action,Crime,Drama,Mystery,Thriller",5,9631.0,3.35,30,police,Action Crime Drama Mystery Thriller police,https://image.tmdb.org/t/p/w300/dUMHEymATOGbs2K3E4dmNSVBgFQ.jpg
2059,"Parent Trap, The (1998)","Children,Comedy,Romance",3,9820.0,3.0,15,twins,Children Comedy Romance twins,https://image.tmdb.org/t/p/w300/p4dGmi8u9W0HHyVXcgWPoiFfKTF.jpg
2064,Roger & Me (1989),Documentary,1,1779.0,3.838709677419355,62,General Motors Michigan,Documentary General Motors Michigan,https://image.tmdb.org/t/p/w300/ePVEnKOMtrIfHZ6wQBfWihTvwqD.jpg
2065,"Purple Rose of Cairo, The (1985)","Comedy,Drama,Fantasy,Romance",4,10849.0,3.730769230769231,13,In Netflix queue,Comedy Drama Fantasy Romance In Netflix queue,https://image.tmdb.org/t/p/w300/ccsint43E44B7NGceEhVimD93Yt.jpg
2066,Out of the Past (1947),Film-Noir,1,678.0,4.125,4,memory,Film-Noir memory,https://image.tmdb.org/t/p/w300/lnUK6Cg5ARM0qaq0B5SG20VAM0h.jpg
2070,Tender Mercies (1983),"Drama,Romance,Western",3,42121.0,3.4,5,music,Drama Romance Western music,https://image.tmdb.org/t/p/w300/fBP6uK0K4EnV8dtt4SJQrMdX0wb.jpg
2071,And the Band Played On (1993),Drama,1,2887.0,3.25,4,AIDs In Netflix queue,Drama AIDs In Netflix queue,https://image.tmdb.org/t/p/w300/4fyZ6SZaZuerfZWaIp0niFW7Yar.jpg
2076,Blue Velvet (1986),"Drama,Mystery,Thriller",3,793.0,3.9456521739130435,92,sexuality suburbia,Drama Mystery Thriller sexuality suburbia,https://image.tmdb.org/t/p/w300/6v1zYh2FKOYVddY5pCQhd4PO9uX.jpg
2078,"Jungle Book, The (1967)","Animation,Children,Comedy,Musical",4,9325.0,3.830188679245283,53,Disney,Animation Children Comedy Musical Disney,https://image.tmdb.org/t/p/w300/yN1kuupnPTLUprgfvC5WapgrxG4.jpg
2080,Lady and the Tramp (1955),"Animation,Children,Comedy,Romance",4,10340.0,3.4,55,Disney,Animation Children Comedy Romance Disney,https://image.tmdb.org/t/p/w300/340NcWz9SQXWQyf4oicMxjbrLOb.jpg
2085,101 Dalmatians (One Hundred and One Dalmatians) (1961),"Adventure,Animation,Children",3,12230.0,3.4318181818181817,44,Disney,Adventure Animation Children Disney,https://image.tmdb.org/t/p/w300/kSlYq6FrBUviGSEh8v4L9nrSnBT.jpg
2097,Something Wicked This Way Comes (1983),"Children,Drama,Fantasy,Mystery,Thriller",5,24808.0,2.9,20,carnival Ray Bradbury,Children Drama Fantasy Mystery Thriller carnival Ray Bradbury,https://image.tmdb.org/t/p/w300/94dMO6kAawyFUk0sCDGIjAnchED.jpg
2100,Splash (1984),"Comedy,Fantasy,Romance",3,2619.0,3.1176470588235294,51,mermaid,Comedy Fantasy Romance mermaid,https://image.tmdb.org/t/p/w300/7FutTsMWBwVhjk1Ujf1wtndUVZh.jpg
2108,L.A. Story (1991),"Comedy,Romance",2,2107.0,3.4791666666666665,24,weather forecaster,Comedy Romance weather forecaster,https://image.tmdb.org/t/p/w300/At97val6UZyQoQtmH1b2Pe7bWqG.jpg
2114,"Outsiders, The (1983)",Drama,1,227.0,3.71875,16,S.E. Hinton,Drama S.E. Hinton,https://image.tmdb.org/t/p/w300/l9os0HcXY8BOkvUWAx4rvby3j6L.jpg
2115,Indiana Jones and the Temple of Doom (1984),"Action,Adventure,Fantasy",3,87.0,3.638888888888889,108,archaeology,Action Adventure Fantasy archaeology,https://image.tmdb.org/t/p/w300/gpdVNUaa4LhRMLfJOPj1AZdhAZ3.jpg
2116,"Lord of the Rings, The (1978)","Adventure,Animation,Children,Fantasy",4,123.0,3.1333333333333333,30,Tolkein classic,Adventure Animation Children Fantasy Tolkein classic,https://image.tmdb.org/t/p/w300/liW0mjvTyLs7UCumaHhx3PpU4VT.jpg
2118,"Dead Zone, The (1983)",Thriller,1,11336.0,3.7333333333333334,15,Stephen King,Thriller Stephen King,https://image.tmdb.org/t/p/w300/9yTVaeS8eIkOpbwIycVFm7EQrgF.jpg
2121,Cujo (1983),"Horror,Thriller",2,10489.0,2.2142857142857144,7,Stephen King,Horror Thriller Stephen King,https://image.tmdb.org/t/p/w300/uNBt2YxrQdyOjnm2rDQ5QiCmQ0K.jpg
2122,Children of the Corn (1984),"Horror,Thriller",2,10823.0,2.4545454545454546,11,Stephen King,Horror Thriller Stephen King,https://image.tmdb.org/t/p/w300/jJTrFHu3rjAgP1lryKGEsC9hqyM.jpg
2124,"Addams Family, The (1991)","Children,Comedy,Fantasy",3,2907.0,3.289473684210526,228,black comedy Christina Ricci Christopher Lloyd Family gothic quirky,Children Comedy Fantasy black comedy Christina Ricci Christopher Lloyd Family gothic quirky,https://image.tmdb.org/t/p/w300/qFf8anju5f2epI0my8RdwwIXFIP.jpg
2138,Watership Down (1978),"Adventure,Animation,Children,Drama,Fantasy",5,11837.0,4.05,20,atmospheric beautiful,Adventure Animation Children Drama Fantasy atmospheric beautiful,https://image.tmdb.org/t/p/w300/q9ZcNxfquJbMTd6UfhAlJbmLBts.jpg
2139,"Secret of NIMH, The (1982)","Adventure,Animation,Children,Drama",4,11704.0,3.4761904761904763,21,mice,Adventure Animation Children Drama mice,https://image.tmdb.org/t/p/w300/prNrnOKlkV9wl5Sl3zwHu1f3t2z.jpg
2145,Pretty in Pink (1986),"Comedy,Drama,Romance",3,11522.0,3.242424242424242,66,1980s high school,Comedy Drama Romance 1980s high school,https://image.tmdb.org/t/p/w300/jeFJyzJBufJexpOuywuPp8q2tCJ.jpg
2146,St. Elmo's Fire (1985),"Drama,Romance",2,11557.0,3.21875,16,post-college,Drama Romance post-college,https://image.tmdb.org/t/p/w300/g2SL3XHJas7hebZ2hhTrYLpKToD.jpg
2160,Rosemary's Baby (1968),"Drama,Horror,Thriller",3,805.0,4.171875,192,Atmospheric creepy paranoia scary suspense demons,Drama Horror Thriller Atmospheric creepy paranoia scary suspense demons,https://image.tmdb.org/t/p/w300/uYgvlHceRFjAFbsNeMInYcLZLUb.jpg
2167,Blade (1998),"Action,Horror,Thriller",3,36647.0,3.3620689655172415,58,vampires,Action Horror Thriller vampires,https://image.tmdb.org/t/p/w300/oWT70TvbsmQaqyphCZpsnQR7R32.jpg
2171,Next Stop Wonderland (1998),"Comedy,Drama,Romance",3,41469.0,3.3125,24,aquarium Boston personals ads,Comedy Drama Romance aquarium Boston personals ads,https://image.tmdb.org/t/p/w300/cygwoUJ1LqXkYT451E7W3dHtfHZ.jpg
2186,Strangers on a Train (1951),"Crime,Drama,Film-Noir,Thriller",4,845.0,3.98,25,murder,Crime Drama Film-Noir Thriller murder,https://image.tmdb.org/t/p/w300/ihC083U7ef56Ui4x0P0dobojrZ1.jpg
2187,Stage Fright (1950),"Mystery,Romance,Thriller",3,1978.0,3.5,2,theater,Mystery Romance Thriller theater,https://image.tmdb.org/t/p/w300/l43OTqhib8do1WwXig8JI8Y68Fd.jpg
2194,"Untouchables, The (1987)","Action,Crime,Drama",3,117.0,3.9384615384615387,130,Capone gangsters,Action Crime Drama Capone gangsters,https://image.tmdb.org/t/p/w300/tPq0R4jTO4Ey8ZspFaWK9wGA4Ls.jpg
2202,Lifeboat (1944),"Drama,War",2,13321.0,4.357142857142857,7,survival,Drama War survival,https://image.tmdb.org/t/p/w300/2QXpzBMJJtmH7JvVf0ZzENvgc1o.jpg
2203,Shadow of a Doubt (1943),"Crime,Drama,Thriller",3,21734.0,4.142857142857143,7,small towns,Crime Drama Thriller small towns,https://image.tmdb.org/t/p/w300/ptyWagbWE8jSGyV2tGEzAdVbRCj.jpg
2206,Suspicion (1941),"Film-Noir,Mystery,Thriller",3,11462.0,4.0,5,paranoia,Film-Noir Mystery Thriller paranoia,https://image.tmdb.org/t/p/w300/clWNlzlbyaEoIK63lcFjqBmXoQz.jpg
2208,"Lady Vanishes, The (1938)","Drama,Mystery,Thriller",3,940.0,3.9166666666666665,6,train,Drama Mystery Thriller train,https://image.tmdb.org/t/p/w300/c1t9LB76LvEARPanfEzXmkm7fwY.jpg
2243,Broadcast News (1987),"Comedy,Drama,Romance",3,12626.0,3.4285714285714284,28,journalism,Comedy Drama Romance journalism,https://image.tmdb.org/t/p/w300/kQNR1Lc0qAF5xuBySpDn481KVjb.jpg
2247,Married to the Mob (1988),Comedy,1,2321.0,3.0,12,Mafia,Comedy Mafia,https://image.tmdb.org/t/p/w300/gkOsxv1RvV5smRnm6wrmn2wDXyZ.jpg
2248,Say Anything... (1989),"Comedy,Drama,Romance",3,2028.0,3.923076923076923,78,In Your Eyes Lloyd Dobbler,Comedy Drama Romance In Your Eyes Lloyd Dobbler,https://image.tmdb.org/t/p/w300/nkucKciFGSRalw6dJtsglWqOXMC.jpg
2249,My Blue Heaven (1990),Comedy,1,16384.0,3.1818181818181817,11,Mafia,Comedy Mafia,https://image.tmdb.org/t/p/w300/ggk34Nr1e8LOeAdVncuYz6pyYDe.jpg
2268,"Few Good Men, A (1992)","Crime,Drama,Thriller",3,881.0,3.789473684210526,114,court military,Crime Drama Thriller court military,https://image.tmdb.org/t/p/w300/rLOk4z9zL1tTukIYV56P94aZXKk.jpg
2291,Edward Scissorhands (1990),"Drama,Fantasy,Romance",3,162.0,3.7,80,freaks,Drama Fantasy Romance freaks,https://image.tmdb.org/t/p/w300/e0FqKFvGPdQNWG8tF9cZBtev9Em.jpg
2295,"Impostors, The (1998)",Comedy,1,28134.0,4.5,2,Screwball,Comedy Screwball,https://image.tmdb.org/t/p/w300/pnL8MvYje9DOZTuTnF04k8RUkSL.jpg
2296,"Night at the Roxbury, A (1998)",Comedy,1,9429.0,2.1,10,SNL,Comedy SNL,https://image.tmdb.org/t/p/w300/7oZ5xE4AL4D5EbeQUaoRxahgzJX.jpg
2300,"Producers, The (1968)",Comedy,1,30197.0,3.9696969696969697,33,Broadway,Comedy Broadway,https://image.tmdb.org/t/p/w300/9qCIkNWGuRj5lMyeOXwJs8z9nRz.jpg
2302,My Cousin Vinny (1992),Comedy,1,10377.0,3.26271186440678,59,court,Comedy court,https://image.tmdb.org/t/p/w300/iwSURa8nS2ujwrU3s1lfxxX7voH.jpg
2310,"Mighty, The (1998)",Drama,1,9821.0,3.6666666666666665,3,adolescence,Drama adolescence,https://image.tmdb.org/t/p/w300/eHcuTZwmY4VAJm7kfbZn7qDAjYs.jpg
2312,Children of a Lesser God (1986),Drama,1,1890.0,3.8333333333333335,12,death penalty,Drama death penalty,https://image.tmdb.org/t/p/w300/yAiJlASIXC306qpqe5NZX2GgVlQ.jpg
2313,"Elephant Man, The (1980)",Drama,1,1955.0,4.029411764705882,17,freaks,Drama freaks,https://image.tmdb.org/t/p/w300/u0wpPYjuSt8DIe1Y3Vapnh8jcKE.jpg
2324,Life Is Beautiful (La Vita è bella) (1997),"Comedy,Drama,Romance,War",4,637.0,4.1477272727272725,704,Holocaust bittersweet emotional Heartwarming poignant sentimental tear jerker tearjerking,Comedy Drama Romance War Holocaust bittersweet emotional Heartwarming poignant sentimental tear jerker tearjerking,https://image.tmdb.org/t/p/w300/6tEJnof1DKWPnl5lzkjf0FVv7oB.jpg
2329,American History X (1998),"Crime,Drama",2,73.0,4.217054263565892,645,thought-provoking racism edward norton emotional politics,Crime Drama thought-provoking racism edward norton emotional politics,https://image.tmdb.org/t/p/w300/x2drgoXYZ8484lqyDj7L1CEVR4T.jpg
2334,"Siege, The (1998)","Action,Thriller",2,9882.0,2.8076923076923075,13,terrorism,Action Thriller terrorism,https://image.tmdb.org/t/p/w300/gbeeWu8rYaIYMyq9ayN1AepjNxP.jpg
2335,"Waterboy, The (1998)",Comedy,1,10663.0,3.1785714285714284,28,football,Comedy football,https://image.tmdb.org/t/p/w300/miT42qWYC4D0n2mXNzJ9VfhheWW.jpg
2336,Elizabeth (1998),Drama,1,4518.0,3.6739130434782608,23,England,Drama England,https://image.tmdb.org/t/p/w300/qEk48VLOdibXFVIEzE9ETZUBcCs.jpg
2351,"Nights of Cabiria (Notti di Cabiria, Le) (1957)",Drama,1,19426.0,4.285714285714286,7,In Netflix queue,Drama In Netflix queue,https://image.tmdb.org/t/p/w300/xF4oCG3PLNbcrtPZbqB3BtkIbKg.jpg
2355,"Bug's Life, A (1998)","Adventure,Animation,Children,Comedy",4,9487.0,3.516304347826087,92,Pixar,Adventure Animation Children Comedy Pixar,https://image.tmdb.org/t/p/w300/Ah3J9OJVc2CNCuH2zMydXy9fmIC.jpg
2357,Central Station (Central do Brasil) (1998),Drama,1,666.0,4.416666666666667,6,South America,Drama South America,https://image.tmdb.org/t/p/w300/zJvp7XjQ2LhPbDVYhFXyucs40vR.jpg
2360,"Celebration, The (Festen) (1998)",Drama,1,309.0,4.458333333333333,12,In Netflix queue,Drama In Netflix queue,https://image.tmdb.org/t/p/w300/2LRzNq41yrY8EjCnD1S8sCCPvKk.jpg
2387,Very Bad Things (1998),"Comedy,Crime",2,10029.0,3.4375,32,dark comedy dark humor,Comedy Crime dark comedy dark humor,https://image.tmdb.org/t/p/w300/rYmyRxF5e9fBdgcQScKu0CUtMy5.jpg
2390,Little Voice (1998),Comedy,1,8545.0,3.9285714285714284,7,In Netflix queue,Comedy In Netflix queue,https://image.tmdb.org/t/p/w300/7VxdMxSa3BEAvGl5nLvsgpBwrZH.jpg
2391,"Simple Plan, A (1998)","Crime,Drama,Thriller",3,10223.0,3.7954545454545454,22,heist,Crime Drama Thriller heist,https://image.tmdb.org/t/p/w300/wO2gH7DMqpMeHlj5QmDhW4IkgAr.jpg
2393,Star Trek: Insurrection (1998),"Action,Drama,Romance,Sci-Fi",4,200.0,3.1515151515151514,99,cameo:Whoopi Goldberg space opera Star Trek,Action Drama Romance Sci-Fi cameo:Whoopi Goldberg space opera Star Trek,https://image.tmdb.org/t/p/w300/xQCMAHeg5M9HpDIqanYbWdr4brB.jpg
2394,"Prince of Egypt, The (1998)","Animation,Musical",2,9837.0,3.5,50,Bible Moses,Animation Musical Bible Moses,https://image.tmdb.org/t/p/w300/2xUjYwL6Ol7TLJPPKs7sYW5PWLX.jpg
2396,Shakespeare in Love (1998),"Comedy,Drama,Romance",3,1934.0,3.777173913043478,92,England,Comedy Drama Romance England,https://image.tmdb.org/t/p/w300/zdW7jdzPi4J9KZR3TyY2jn3Xh5e.jpg
2410,Rocky III (1982),"Action,Drama",2,1371.0,2.7291666666666665,24,boxing,Action Drama boxing,https://image.tmdb.org/t/p/w300/lklrplDDuALhY3k8IDFdRqtpZPk.jpg
2411,Rocky IV (1985),"Action,Drama",2,1374.0,2.706896551724138,29,boxing,Action Drama boxing,https://image.tmdb.org/t/p/w300/2MHUit4H6OK5adcOjnCN6suCKOl.jpg
2412,Rocky V (1990),"Action,Drama",2,1375.0,1.9411764705882353,17,boxing,Action Drama boxing,https://image.tmdb.org/t/p/w300/qCARerjCFZOEeLiVdomhwRYlDSn.jpg
2420,"Karate Kid, The (1984)",Drama,1,1885.0,3.5657894736842106,38,martial arts,Drama martial arts,https://image.tmdb.org/t/p/w300/1mp4ViklKvA0WXXsNvNx0RBuiit.jpg
2421,"Karate Kid, Part II, The (1986)","Action,Adventure,Drama",3,8856.0,2.7758620689655173,29,martial arts,Action Adventure Drama martial arts,https://image.tmdb.org/t/p/w300/k0OwgRR6PNu7h3SiqpCbRdZWNaG.jpg
2422,"Karate Kid, Part III, The (1989)","Action,Adventure,Children,Drama",4,10495.0,1.75,14,martial arts,Action Adventure Children Drama martial arts,https://image.tmdb.org/t/p/w300/lVZ3r0iDwGejlCvFEvXGzhQB9ds.jpg
2423,Christmas Vacation (National Lampoon's Christmas Vacation) (1989),Comedy,1,5825.0,3.566666666666667,30,christmas,Comedy christmas,https://image.tmdb.org/t/p/w300/oat42hUw8XzKYUmfy0YLAxYd484.jpg
2424,You've Got Mail (1998),"Comedy,Romance",2,9489.0,3.12,100,e-mail remake,Comedy Romance e-mail remake,https://image.tmdb.org/t/p/w300/e2uVtH6TpMfUl7WeOM70ezkcjsU.jpg
2431,Patch Adams (1998),"Comedy,Drama",2,10312.0,3.3703703703703702,54,doctors bad,Comedy Drama doctors bad,https://image.tmdb.org/t/p/w300/xN1aKur5ddWQSXTqvzDPJD2TCxe.jpg
2442,Hilary and Jackie (1998),Drama,1,46992.0,3.8333333333333335,3,In Netflix queue,Drama In Netflix queue,https://image.tmdb.org/t/p/w300/aE2NJH2sllQTmbpN6laKuM7NXYy.jpg
2463,Ruthless People (1986),Comedy,1,12151.0,3.3214285714285716,14,kidnapping,Comedy kidnapping,https://image.tmdb.org/t/p/w300/fA3f8bsXoVbIALq4EdiAwptF1ws.jpg
2467,"Name of the Rose, The (Name der Rose, Der) (1986)","Crime,Drama,Mystery,Thriller",4,192.0,3.75,18,religion,Crime Drama Mystery Thriller religion,https://image.tmdb.org/t/p/w300/d6dlbTBb3N7nXDz7tQslDJs2jgv.jpg
2470,Crocodile Dundee (1986),"Adventure,Comedy",2,9671.0,3.175438596491228,57,Australia,Adventure Comedy Australia,https://image.tmdb.org/t/p/w300/pduPduL1ub5kok3lPYT15ryC9L6.jpg
2471,Crocodile Dundee II (1988),"Action,Adventure,Comedy",3,9396.0,2.4791666666666665,24,Australia,Action Adventure Comedy Australia,https://image.tmdb.org/t/p/w300/2Nf0xeDuToLHysdkWj3aT5r42rC.jpg
2491,Simply Irresistible (1999),"Comedy,Romance",2,16172.0,3.6,5,food,Comedy Romance food,https://image.tmdb.org/t/p/w300/zFsqqPQUz69wPaLBqQeiGbGiW7J.jpg
2494,"Last Days, The (1998)",Documentary,1,20595.0,4.0,4,Holocaust Hungary,Documentary Holocaust Hungary,https://image.tmdb.org/t/p/w300/kWr6QDDcO2HHKqvJvgsJ1hQz4Gs.jpg
2502,Office Space (1999),"Comedy,Crime",2,1542.0,4.090425531914893,188,stapler workplace,Comedy Crime stapler workplace,https://image.tmdb.org/t/p/w300/iEmTwOkUaLziMQCUZii5wPQBIAO.jpg
2505,8MM (1999),"Drama,Mystery,Thriller",3,8224.0,2.9444444444444446,18,Nicolas Cage,Drama Mystery Thriller Nicolas Cage,https://image.tmdb.org/t/p/w300/mhr9xRpjOBqlBjgDwtiOx6FsLvV.jpg
2506,"Other Sister, The (1999)","Comedy,Drama,Romance",3,18417.0,3.3333333333333335,6,disability,Comedy Drama Romance disability,https://image.tmdb.org/t/p/w300/4rBrYRkB7btGex5Bs0yOpqBZgsR.jpg
2517,Christine (1983),Horror,1,8769.0,2.95,10,Stephen King,Horror Stephen King,https://image.tmdb.org/t/p/w300/mMtUJke2TtIoT6JB9hkvERmsSu8.jpg
2529,Planet of the Apes (1968),"Action,Drama,Sci-Fi",3,871.0,3.8035714285714284,56,twist ending,Action Drama Sci-Fi twist ending,https://image.tmdb.org/t/p/w300/2r9iKnlSYEk4daQadsXfcjHfIjQ.jpg
2550,"Haunting, The (1963)","Horror,Thriller",2,11772.0,4.0,7,ghosts,Horror Thriller ghosts,https://image.tmdb.org/t/p/w300/fmpTnUKTcrpuxLSY23gQMUf9qu7.jpg
2553,Village of the Damned (1960),"Horror,Sci-Fi,Thriller",3,11773.0,3.0833333333333335,6,evil children,Horror Sci-Fi Thriller evil children,https://image.tmdb.org/t/p/w300/qcpXud1UjQzlSe9A062w8Wqgira.jpg
2554,Children of the Damned (1963),"Horror,Sci-Fi,Thriller",3,30202.0,3.1666666666666665,3,evil children,Horror Sci-Fi Thriller evil children,https://image.tmdb.org/t/p/w300/l8zpr1tq03YPqdOz6aAmnSpD7o6.jpg
2565,"King and I, The (1956)","Drama,Musical,Romance",3,16520.0,4.166666666666667,12,Siam,Drama Musical Romance Siam,https://image.tmdb.org/t/p/w300/wUfaP0lLaMpZzp5CrHyII5Vd7cp.jpg
2571,"Matrix, The (1999)","Action,Sci-Fi,Thriller",3,603.0,4.192446043165468,1390,martial arts sci-fi alternate universe philosophy post apocalyptic,Action Sci-Fi Thriller martial arts sci-fi alternate universe philosophy post apocalyptic,https://image.tmdb.org/t/p/w300/aOIuZAjPaRIE6CMzbazvcHuHXDc.jpg
2572,10 Things I Hate About You (1999),"Comedy,Romance",2,4951.0,3.5277777777777777,54,Shakespeare sort of,Comedy Romance Shakespeare sort of,https://image.tmdb.org/t/p/w300/ujERk3aKABXU3NDXOAxEQYTHe9A.jpg
2579,Following (1998),"Crime,Mystery,Thriller",3,11660.0,3.8333333333333335,42,black and white Christopher Nolan directorial debut mindfuck not linear Twist Ending,Crime Mystery Thriller black and white Christopher Nolan directorial debut mindfuck not linear Twist Ending,https://image.tmdb.org/t/p/w300/3bX6VVSMf0dvzk5pMT4ALG5A92d.jpg
2581,Never Been Kissed (1999),"Comedy,Romance",2,11355.0,2.9583333333333335,36,high school,Comedy Romance high school,https://image.tmdb.org/t/p/w300/6BngDhDNfbBjhVFWDT2yMve32vi.jpg
2583,Cookie's Fortune (1999),"Comedy,Drama",2,9465.0,3.875,12,southern US,Comedy Drama southern US,https://image.tmdb.org/t/p/w300/3ZCLVOfEyGowLWsgOF4vn6vjRsJ.jpg
2598,Pushing Tin (1999),Comedy,1,12596.0,2.84,25,golfing,Comedy golfing,https://image.tmdb.org/t/p/w300/61FWajJNKeS27DO4KgvS5LUgcHh.jpg
2600,eXistenZ (1999),"Action,Sci-Fi,Thriller",3,1946.0,3.8636363636363638,22,virtual reality,Action Sci-Fi Thriller virtual reality,https://image.tmdb.org/t/p/w300/kETKF0JhdTPn1knci8CAdYL0d79.jpg
2612,Mildred Pierce (1945),"Drama,Film-Noir",2,3309.0,4.0,1,motherhood,Drama Film-Noir motherhood,https://image.tmdb.org/t/p/w300/3bqF5bJPjeITNeC8ydbUOQZfuqP.jpg
2616,Dick Tracy (1990),"Action,Crime",2,8592.0,2.8846153846153846,26,comic book,Action Crime comic book,https://image.tmdb.org/t/p/w300/sjeP4bpgsUvAGE8oFcICy2GaHxw.jpg
2628,Star Wars: Episode I - The Phantom Menace (1999),"Action,Adventure,Sci-Fi",3,1893.0,3.107142857142857,280,prequel the Force,Action Adventure Sci-Fi prequel the Force,https://image.tmdb.org/t/p/w300/6wkfovpn7Eq8dYNKaG5PY3q2oq6.jpg
2640,Superman (1978),"Action,Adventure,Sci-Fi",3,1924.0,3.6065573770491803,61,superhero,Action Adventure Sci-Fi superhero,https://image.tmdb.org/t/p/w300/d7px1FQxW4tngdACVRsCSaZq0Xl.jpg
2641,Superman II (1980),"Action,Sci-Fi",2,8536.0,3.020408163265306,49,superhero,Action Sci-Fi superhero,https://image.tmdb.org/t/p/w300/3xk5cno9BHcnwc97XO9k21aI1Zi.jpg
2642,Superman III (1983),"Action,Adventure,Sci-Fi",3,9531.0,2.25,22,superhero,Action Adventure Sci-Fi superhero,https://image.tmdb.org/t/p/w300/icE00hFNg86z3OrWyyRop7khwii.jpg
2648,Frankenstein (1931),"Drama,Horror,Sci-Fi",3,3035.0,3.909090909090909,11,In Netflix queue,Drama Horror Sci-Fi In Netflix queue,https://image.tmdb.org/t/p/w300/mu6wHwH0IwCCaEYtpqujuPJYat1.jpg
2660,"Thing from Another World, The (1951)","Horror,Sci-Fi",2,10785.0,3.5,4,aliens,Horror Sci-Fi aliens,https://image.tmdb.org/t/p/w300/rm2w8dEhOGDuckB6i0Spz9lTzpR.jpg
2662,"War of the Worlds, The (1953)","Action,Drama,Sci-Fi",3,8974.0,3.1666666666666665,12,classic,Action Drama Sci-Fi classic,https://image.tmdb.org/t/p/w300/gzc75Za4ArqfXIIr7STNnIE5rnA.jpg
2664,Invasion of the Body Snatchers (1956),"Horror,Sci-Fi,Thriller",3,11549.0,3.769230769230769,13,1950s,Horror Sci-Fi Thriller 1950s,https://image.tmdb.org/t/p/w300/8BrMQmgwGzIHSyBjCDOLOdi79fJ.jpg
2677,Buena Vista Social Club (1999),"Documentary,Musical",2,11779.0,4.375,4,In Netflix queue,Documentary Musical In Netflix queue,https://image.tmdb.org/t/p/w300/b203Z3qwCRMLOY00XZh4qNQCwM4.jpg
2692,Run Lola Run (Lola rennt) (1998),"Action,Crime",2,104.0,4.0,75,alternate endings,Action Crime alternate endings,https://image.tmdb.org/t/p/w300/v0giIi4bTILVhNhJajet3WWY3FA.jpg
2693,Trekkies (1997),Documentary,1,15800.0,3.375,4,Star Trek,Documentary Star Trek,https://image.tmdb.org/t/p/w300/o6MYZAcI2A7VfJkcIvCDbFPISLP.jpg
2694,Big Daddy (1999),Comedy,1,9032.0,3.1979166666666665,48,Adam Sandler,Comedy Adam Sandler,https://image.tmdb.org/t/p/w300/cqFnFg6YS8urJT6YC95IDkn0VHz.jpg
2699,Arachnophobia (1990),"Comedy,Horror",2,6488.0,2.811320754716981,53,spiders,Comedy Horror spiders,https://image.tmdb.org/t/p/w300/lHjpwv1Yv2RcGcTQb4Lc1cKw1y9.jpg
2700,"South Park: Bigger, Longer and Uncut (1999)","Animation,Comedy,Musical",3,9473.0,3.861842105263158,608,adult humor controversial crude humor free speech parody satire south park Trey Parker,Animation Comedy Musical adult humor controversial crude humor free speech parody satire south park Trey Parker,https://image.tmdb.org/t/p/w300/tS0PedvA2mFO9VCHYwQpaU1K36U.jpg
2706,American Pie (1999),"Comedy,Romance",2,2105.0,3.378640776699029,824,best comedy Chris Klein dumb Jason Biggs not funny pizza beer Seann William Scott teen,Comedy Romance best comedy Chris Klein dumb Jason Biggs not funny pizza beer Seann William Scott teen,https://image.tmdb.org/t/p/w300/5P68by2Thn8wHAziyWGEw2O7hco.jpg
2710,"Blair Witch Project, The (1999)","Drama,Horror,Thriller",3,2667.0,2.796875,128,claims to be true video,Drama Horror Thriller claims to be true video,https://image.tmdb.org/t/p/w300/9050VGrYjYrEjpOvDZVAngLbg1f.jpg
2712,Eyes Wide Shut (1999),"Drama,Mystery,Thriller",3,345.0,3.4622641509433962,53,sexuality,Drama Mystery Thriller sexuality,https://image.tmdb.org/t/p/w300/knEIz1eNGl5MQDbrEAVWA7iRqF9.jpg
2716,Ghostbusters (a.k.a. Ghost Busters) (1984),"Action,Comedy,Sci-Fi",3,620.0,3.775,120,ghosts,Action Comedy Sci-Fi ghosts,https://image.tmdb.org/t/p/w300/7E8nLijS9AwwUEPu2oFYOVKhdFA.jpg
2717,Ghostbusters II (1989),"Comedy,Fantasy,Sci-Fi",3,2978.0,3.0,47,Ghosts,Comedy Fantasy Sci-Fi Ghosts,https://image.tmdb.org/t/p/w300/u7UioNGwAeWfYPv5pSAZSM0ipSt.jpg
2719,"Haunting, The (1999)","Horror,Thriller",2,11618.0,2.1153846153846154,13,remake,Horror Thriller remake,https://image.tmdb.org/t/p/w300/xwLldS5JnB4441iS50ha9ZrkaA8.jpg
2723,Mystery Men (1999),"Action,Comedy,Fantasy",3,9824.0,3.08974358974359,39,superhero,Action Comedy Fantasy superhero,https://image.tmdb.org/t/p/w300/ciVSbFmDecOIwlxl9F6GhHVgCVJ.jpg
2726,"Killing, The (1956)","Crime,Film-Noir",2,247.0,4.055555555555555,9,heist,Crime Film-Noir heist,https://image.tmdb.org/t/p/w300/A6VzUPcADZGYdGHlVdWvpMNDF5d.jpg
2728,Spartacus (1960),"Action,Drama,Romance,War",4,967.0,3.576923076923077,39,crucifixion Rome slavery,Action Drama Romance War crucifixion Rome slavery,https://image.tmdb.org/t/p/w300/r0Fgg1GyZgzokaiw2HFQv3oPaL2.jpg
2731,"400 Blows, The (Les quatre cents coups) (1959)","Crime,Drama",2,147.0,4.0,60,emotional gentle heartwarming lyrical reflective,Crime Drama emotional gentle heartwarming lyrical reflective,https://image.tmdb.org/t/p/w300/12PuU23kkDLvTd0nb8hMlE3oShB.jpg
2745,"Mission, The (1986)",Drama,1,11416.0,3.5,18,Missionary Priest,Drama Missionary Priest,https://image.tmdb.org/t/p/w300/6K9cG6LOOtySZF4D4xBu1MApC1N.jpg
2750,Radio Days (1987),"Comedy,Drama",2,30890.0,3.142857142857143,14,nostalgia radio,Comedy Drama nostalgia radio,https://image.tmdb.org/t/p/w300/ljZ3yyYznAiq1vF6nHITdJn6qXB.jpg
2761,"Iron Giant, The (1999)","Adventure,Animation,Children,Drama,Sci-Fi",5,10386.0,4.051282051282051,78,robots animation,Adventure Animation Children Drama Sci-Fi robots animation,https://image.tmdb.org/t/p/w300/ct04FCFLPImNG5thcPLRnVsZlmS.jpg
2762,"Sixth Sense, The (1999)","Drama,Horror,Mystery",3,745.0,3.893854748603352,1611,Atmospheric Bruce Willis ghosts imdb top 250 mindfuck stylized twist ending I see dead people,Drama Horror Mystery Atmospheric Bruce Willis ghosts imdb top 250 mindfuck stylized twist ending I see dead people,https://image.tmdb.org/t/p/w300/vOyfUXNFSnaTk7Vk5AjpsKTUWsu.jpg
2787,Cat's Eye (1985),Horror,1,10552.0,2.4166666666666665,6,Stephen King,Horror Stephen King,https://image.tmdb.org/t/p/w300/kKyq7izpMkmr8sT2nLic5qAuJPo.jpg
2791,Airplane! (1980),Comedy,1,813.0,3.8563218390804597,174,aviation spoof,Comedy aviation spoof,https://image.tmdb.org/t/p/w300/7Q3efxd3AF1vQjlSxnlerSA7RzN.jpg
2797,Big (1988),"Comedy,Drama,Fantasy,Romance",4,2280.0,3.71978021978022,91,children,Comedy Drama Fantasy Romance children,https://image.tmdb.org/t/p/w300/eWhCDJiwxvx3YXkAFRiHjimnF0j.jpg
2801,Oscar and Lucinda (a.k.a. Oscar & Lucinda) (1997),"Drama,Romance",2,39780.0,4.5,1,gambling,Drama Romance gambling,https://image.tmdb.org/t/p/w300/9naDX3u4hsRM8jZ0Y7k5e2HAKmY.jpg
2803,"Pelican Brief, The (1993)","Crime,Drama,Mystery,Romance,Thriller",5,9944.0,2.923076923076923,13,lawyers,Crime Drama Mystery Romance Thriller lawyers,https://image.tmdb.org/t/p/w300/7B1HS0SqfJR1jbeHS6V0ZWdzLXP.jpg
2804,"Christmas Story, A (1983)","Children,Comedy",2,850.0,3.9727272727272727,55,Christmas,Children Comedy Christmas,https://image.tmdb.org/t/p/w300/34nSHYqmb7222tiqiuKqKJmZiQa.jpg
2827,"Astronaut's Wife, The (1999)","Horror,Sci-Fi,Thriller",3,2900.0,2.272727272727273,11,aliens,Horror Sci-Fi Thriller aliens,https://image.tmdb.org/t/p/w300/54RGJ6INW9ERG8IaalmMKbbDgwH.jpg
2863,"Hard Day's Night, A (1964)","Adventure,Comedy,Musical",3,704.0,3.473684210526316,19,Beatles,Adventure Comedy Musical Beatles,https://image.tmdb.org/t/p/w300/6Ulsccp2VkaVU5qbya3bxm9JG4x.jpg
2871,Deliverance (1972),"Adventure,Drama,Thriller",3,10669.0,3.9,30,river,Adventure Drama Thriller river,https://image.tmdb.org/t/p/w300/2TrAzNJlHyNYYSkQf6asg3rs2Xr.jpg
2872,Excalibur (1981),"Adventure,Fantasy",2,11527.0,3.64,50,England King Arthur,Adventure Fantasy England King Arthur,https://image.tmdb.org/t/p/w300/cTWF6zkr5mUOnheowKODIijWYcN.jpg
2905,Sanjuro (Tsubaki Sanjûrô) (1962),"Action,Adventure,Drama",3,11712.0,4.25,4,In Netflix queue,Action Adventure Drama In Netflix queue,https://image.tmdb.org/t/p/w300/zW47oIH3bc3ggmmmzTvKqM4Fqjk.jpg
2915,Risky Business (1983),Comedy,1,9346.0,3.4404761904761907,42,prostitution,Comedy prostitution,https://image.tmdb.org/t/p/w300/82KOHShH9raGhkcAN3TztVjqjj3.jpg
2918,Ferris Bueller's Day Off (1986),Comedy,1,9377.0,3.8394495412844036,109,High School,Comedy High School,https://image.tmdb.org/t/p/w300/9LTQNCvoLsKXP0LtaKAaYVtRaQL.jpg
2919,"Year of Living Dangerously, The (1982)","Drama,Romance,War",3,11541.0,3.8125,24,Academy award (Best Supporting Actress) Indonesia journalism,Drama Romance War Academy award (Best Supporting Actress) Indonesia journalism,https://image.tmdb.org/t/p/w300/y9GIM95xWWU4urqqu0kziby0Ykg.jpg
2927,Brief Encounter (1946),"Drama,Romance",2,851.0,3.5,2,adultery,Drama Romance adultery,https://image.tmdb.org/t/p/w300/jC9EwLJcGhYMSQAHu2LxkKN5v7O.jpg
2935,"Lady Eve, The (1941)","Comedy,Romance",2,3086.0,4.0,8,gambling,Comedy Romance gambling,https://image.tmdb.org/t/p/w300/lJYD3CMgKtv12hazSHc7xt3i2uq.jpg
2937,"Palm Beach Story, The (1942)",Comedy,1,32255.0,4.1,5,screwball,Comedy screwball,https://image.tmdb.org/t/p/w300/vl3MVnrUsCa0wRsFTVU0ohbtWy6.jpg
2940,Gilda (1946),"Drama,Film-Noir,Mystery,Romance",4,3767.0,4.0,6,nightclub,Drama Film-Noir Mystery Romance nightclub,https://image.tmdb.org/t/p/w300/46eKPjoWEyNBAQKDoXEcDFBcaUw.jpg
2941,South Pacific (1958),"Musical,Romance,War",3,17352.0,3.7777777777777777,9,island,Musical Romance War island,https://image.tmdb.org/t/p/w300/nYNltu2clFoRQGBz9BtZUTcCbUm.jpg
2943,Indochine (1992),"Drama,Romance",2,2731.0,4.166666666666667,3,Vietnam,Drama Romance Vietnam,https://image.tmdb.org/t/p/w300/sAemRfr6mOSwtQ76e4yUQVImo8B.jpg
2951,"Fistful of Dollars, A (Per un pugno di dollari) (1964)","Action,Western",2,391.0,3.9358974358974357,39,bad,Action Western bad,https://image.tmdb.org/t/p/w300/lBwOEpwVeUAmrmglcstnaGcJq3Y.jpg
2952,Sydney (Hard Eight) (1996),"Crime,Drama,Thriller",3,8052.0,3.5416666666666665,12,gambling,Crime Drama Thriller gambling,https://image.tmdb.org/t/p/w300/1l5UaoP25Ak8PWCKIULQz70yF03.jpg
2953,Home Alone 2: Lost in New York (1992),"Children,Comedy",2,772.0,2.5161290322580645,124,family funny Macaulay Culkin sequel,Children Comedy family funny Macaulay Culkin sequel,https://image.tmdb.org/t/p/w300/uuitWHpJwxD1wruFl2nZHIb4UGN.jpg
2959,Fight Club (1999),"Action,Crime,Drama,Thriller",4,550.0,4.272935779816514,11772,dark comedy psychology thought-provoking twist ending violence action atmospheric based on a book Brad Pitt challenging Chuck Palahniuk classic clever complicated consumerism crime dark David Fincher disturbing double life Edward Norton fighting great acting helena bonham carter imaginary friend imdb top 250 mental illness mind-blowing mindfuck narrated Nudity (Topless) Palahnuik philosophical philosophy postmodern powerful ending psychological psychological thriller quirky satirical schizophrenia social commentary societal criticism stylized surreal TERRORISM twist violent,Action Crime Drama Thriller dark comedy psychology thought-provoking twist ending violence action atmospheric based on a book Brad Pitt challenging Chuck Palahniuk classic clever complicated consumerism crime dark David Fincher disturbing double life Edward Norton fighting great acting helena bonham carter imaginary friend imdb top 250 mental illness mind-blowing mindfuck narrated Nudity (Topless) Palahnuik philosophical philosophy postmodern powerful ending psychological psychological thriller quirky satirical schizophrenia social commentary societal criticism stylized surreal TERRORISM twist violent,https://image.tmdb.org/t/p/w300/jSziioSwPVrOy9Yow3XhWIBDjq1.jpg
2966,"Straight Story, The (1999)","Adventure,Drama",2,404.0,3.9285714285714284,28,brothers lawn mower,Adventure Drama brothers lawn mower,https://image.tmdb.org/t/p/w300/tT9cMiVDdtlcdZxOoFy3VRmEoKk.jpg
2967,"Bad Seed, The (1956)","Drama,Thriller",2,42196.0,4.0,4,evil children,Drama Thriller evil children,https://image.tmdb.org/t/p/w300/iAgSkpZslQ2s3onL9TaHbyWygtC.jpg
2968,Time Bandits (1981),"Adventure,Comedy,Fantasy,Sci-Fi",4,36819.0,3.731707317073171,41,time travel,Adventure Comedy Fantasy Sci-Fi time travel,https://image.tmdb.org/t/p/w300/4VZtpwdhHQSa4LUkvujyGAHb1hG.jpg
2987,Who Framed Roger Rabbit? (1988),"Adventure,Animation,Children,Comedy,Crime,Fantasy,Mystery",7,856.0,3.5721649484536084,97,live action/animation,Adventure Animation Children Comedy Crime Fantasy Mystery live action/animation,https://image.tmdb.org/t/p/w300/lYfRc57Kx9VgLZ48iulu0HKnM15.jpg
3000,Princess Mononoke (Mononoke-hime) (1997),"Action,Adventure,Animation,Drama,Fantasy",5,128.0,3.9583333333333335,288,anime adventure atmospheric fantasy world Studio Ghibli surreal,Action Adventure Animation Drama Fantasy anime adventure atmospheric fantasy world Studio Ghibli surreal,https://image.tmdb.org/t/p/w300/cMYCDADoLKLbB83g4WnJegaZimC.jpg
3006,"Insider, The (1999)","Drama,Thriller",2,9008.0,3.7419354838709675,62,tobacco true story,Drama Thriller tobacco true story,https://image.tmdb.org/t/p/w300/jJCyIBPfvk41uETq6K6u4upyGO8.jpg
3007,American Movie (1999),Documentary,1,14242.0,3.75,6,In Netflix queue,Documentary In Netflix queue,https://image.tmdb.org/t/p/w300/y8dJgWr1HeW0RRxwANDWvgIXdsF.jpg
3011,"They Shoot Horses, Don't They? (1969)",Drama,1,28145.0,3.25,4,dance marathon,Drama dance marathon,https://image.tmdb.org/t/p/w300/7wVLBgriOQpT5RrufAFCdCSUp7M.jpg
3028,"Taming of the Shrew, The (1967)",Comedy,1,25560.0,2.5,2,Shakespeare,Comedy Shakespeare,https://image.tmdb.org/t/p/w300/2LpU3kyg1PowiQoEHf7oUXOUmVa.jpg
3030,Yojimbo (1961),"Action,Adventure",2,11878.0,4.230769230769231,13,samurai,Action Adventure samurai,https://image.tmdb.org/t/p/w300/tN7kYPjRhDolpui9sc9Eq9n5b2O.jpg
3039,Trading Places (1983),Comedy,1,1621.0,3.730769230769231,78,class Dan Aykroyd,Comedy class Dan Aykroyd,https://image.tmdb.org/t/p/w300/8mBuLCOcpWnmYtZc4aqtvDXslv6.jpg
3040,Meatballs (1979),Comedy,1,14035.0,3.2222222222222223,9,camp,Comedy camp,https://image.tmdb.org/t/p/w300/9YA2erSNcca9NWd0xePC9ArFWnx.jpg
3044,Dead Again (1991),"Mystery,Romance,Thriller",3,11498.0,3.769230769230769,26,memory music,Mystery Romance Thriller memory music,https://image.tmdb.org/t/p/w300/irEnDVtxox6gnRJuwtEZuxvl2vZ.jpg
3052,Dogma (1999),"Adventure,Comedy,Fantasy",3,1832.0,3.6455696202531644,395,irreverent jay and silent bob Kevin Smith satire religion,Adventure Comedy Fantasy irreverent jay and silent bob Kevin Smith satire religion,https://image.tmdb.org/t/p/w300/oxhHl2YokTqcP44QK5tiTgjgLgk.jpg
3060,"Commitments, The (1991)","Comedy,Drama,Musical",3,11663.0,3.8666666666666667,15,In Netflix queue,Comedy Drama Musical In Netflix queue,https://image.tmdb.org/t/p/w300/iccBDq9aS1gwi6b8aJjBgPU4t2D.jpg
3071,Stand and Deliver (1988),"Comedy,Drama",2,29154.0,3.5,9,high school,Comedy Drama high school,https://image.tmdb.org/t/p/w300/A9pfzwk02iNl6i9wyk8lNcBkvc.jpg
3072,Moonstruck (1987),"Comedy,Romance",2,2039.0,3.5555555555555554,27,New York,Comedy Romance New York,https://image.tmdb.org/t/p/w300/2mnVWpvsHEHHnfvLn1NXYVvBGl5.jpg
3077,42 Up (1998),Documentary,1,20565.0,4.0,4,In Netflix queue Up series,Documentary In Netflix queue Up series,https://image.tmdb.org/t/p/w300/hJAYtr8CvnYBBZJlpdYvUMRWNCl.jpg
3081,Sleepy Hollow (1999),"Fantasy,Horror,Mystery,Romance",4,2668.0,3.475806451612903,62,Ichabod Crane,Fantasy Horror Mystery Romance Ichabod Crane,https://image.tmdb.org/t/p/w300/1GuK965FLJxqUw9fd1pmvjbFAlv.jpg
3087,Scrooged (1988),"Comedy,Fantasy,Romance",3,9647.0,3.1666666666666665,48,christmas new york,Comedy Fantasy Romance christmas new york,https://image.tmdb.org/t/p/w300/uO0znfB2ZzTXA1IS7jkrjNbpkYK.jpg
3095,"Grapes of Wrath, The (1940)",Drama,1,596.0,4.111111111111111,18,depression dust bowl,Drama depression dust bowl,https://image.tmdb.org/t/p/w300/eUcxMVBIA0Jg8l1RGUqycrc3eIQ.jpg
3097,"Shop Around the Corner, The (1940)","Comedy,Drama,Romance",3,20334.0,3.6666666666666665,3,remade,Comedy Drama Romance remade,https://image.tmdb.org/t/p/w300/dZ1aEzGYRiqJwPfjS6VL7wUkHmF.jpg
3098,"Natural, The (1984)",Drama,1,11393.0,3.6458333333333335,48,baseball sports,Drama baseball sports,https://image.tmdb.org/t/p/w300/fwn1gYeOkS1XHKVFdNorKSIpix8.jpg
3101,Fatal Attraction (1987),"Drama,Thriller",2,10998.0,3.0972222222222223,36,adultery,Drama Thriller adultery,https://image.tmdb.org/t/p/w300/vjB9XwJKnYqFKKjhWcE6WpAf5Ki.jpg
3108,"Fisher King, The (1991)","Comedy,Drama,Fantasy,Romance",4,177.0,3.8055555555555554,36,homeless,Comedy Drama Fantasy Romance homeless,https://image.tmdb.org/t/p/w300/hwIYw22HmAUMobV4zsX69MgfVUz.jpg
3111,Places in the Heart (1984),Drama,1,13681.0,4.25,4,racism,Drama racism,https://image.tmdb.org/t/p/w300/bmWg3uVn700inqOiadxeFTmiqmV.jpg
3114,Toy Story 2 (1999),"Adventure,Animation,Children,Comedy,Fantasy",5,863.0,3.8608247422680413,776,animation Disney funny original Pixar sequel Tom Hanks,Adventure Animation Children Comedy Fantasy animation Disney funny original Pixar sequel Tom Hanks,https://image.tmdb.org/t/p/w300/4rbcp3ng8n1MKHjpeqW0L7Fnpzz.jpg
3115,Flawless (1999),Drama,1,31582.0,4.0,5,men in drag,Drama men in drag,https://image.tmdb.org/t/p/w300/fkwkkUnaTmhaWt2OGBRepYr7yB5.jpg
3125,"End of the Affair, The (1999)",Drama,1,20024.0,4.0,1,Graham Greene,Drama Graham Greene,https://image.tmdb.org/t/p/w300/xTp5cyp6qG0YTdI4AEz4ytjODOQ.jpg
3134,Grand Illusion (La grande illusion) (1937),"Drama,War",2,777.0,3.7142857142857144,14,downbeat poignant,Drama War downbeat poignant,https://image.tmdb.org/t/p/w300/lWg41zE0FVixkNsFgxnlRyvDYv9.jpg
3135,"Great Santini, The (1979)",Drama,1,21887.0,3.6666666666666665,3,fatherhood,Drama fatherhood,https://image.tmdb.org/t/p/w300/xvoHFQlSAq0696rvONsEAWj1fcm.jpg
3147,"Green Mile, The (1999)","Crime,Drama",2,497.0,4.148648648648648,111,Stephen King,Crime Drama Stephen King,https://image.tmdb.org/t/p/w300/8VG8fDNiy50H4FedGwdSVUPoaJe.jpg
3152,"Last Picture Show, The (1971)",Drama,1,25188.0,4.5,8,black-and-white,Drama black-and-white,https://image.tmdb.org/t/p/w300/7NYePZc0lZrRomtmQsjOJMePTEb.jpg
3160,Magnolia (1999),Drama,1,334.0,3.7115384615384617,52,L.A.,Drama L.A.,https://image.tmdb.org/t/p/w300/tpfC325Jk6S38VTe5dDWjWtoyxr.jpg
3174,Man on the Moon (1999),"Comedy,Drama",2,1850.0,3.4871794871794872,39,Andy Kaufman,Comedy Drama Andy Kaufman,https://image.tmdb.org/t/p/w300/msOZS07xRIFnapwp3fprGbKEAfT.jpg
3175,Galaxy Quest (1999),"Adventure,Comedy,Sci-Fi",3,926.0,3.58,75,spoof,Adventure Comedy Sci-Fi spoof,https://image.tmdb.org/t/p/w300/fZXSwgZknp81vmciTb86rw0MejV.jpg
3176,"Talented Mr. Ripley, The (1999)","Drama,Mystery,Thriller",3,1213.0,3.336734693877551,588,based on a book creepy disturbing Jude Law murder obsession psychology secrets serial killer suspense Europe,Drama Mystery Thriller based on a book creepy disturbing Jude Law murder obsession psychology secrets serial killer suspense Europe,https://image.tmdb.org/t/p/w300/6ojHgqtIR41O2qLKa7LFUVj0cZa.jpg
3178,"Hurricane, The (1999)",Drama,1,10400.0,3.53125,16,boxing,Drama boxing,https://image.tmdb.org/t/p/w300/zhnxjsNnnpsBMF5V1H7Pzkec45Y.jpg
3181,Titus (1999),Drama,1,12524.0,3.9166666666666665,6,Shakespeare,Drama Shakespeare,https://image.tmdb.org/t/p/w300/82mCeQoeT2C7h7vR6Ot9MQotE1R.jpg
3186,"Girl, Interrupted (1999)",Drama,1,3558.0,3.4642857142857144,168,asylum based on a true story Brittany Murphy Mental Hospital psychology winona ryder,Drama asylum based on a true story Brittany Murphy Mental Hospital psychology winona ryder,https://image.tmdb.org/t/p/w300/dOBdatHIVppvmRFw2z7bf9VKJr9.jpg
3192,"Terrorist, The (a.k.a. Malli) (Theeviravaathi) (1998)",Drama,1,48233.0,3.0,1,In Netflix queue,Drama In Netflix queue,https://image.tmdb.org/t/p/w300/1gMccHZ6Ov37MphOE2w8C3V5pJp.jpg
3210,Fast Times at Ridgemont High (1982),"Comedy,Drama,Romance",3,13342.0,3.4761904761904763,42,high school,Comedy Drama Romance high school,https://image.tmdb.org/t/p/w300/s1DA8H7qwoOcAEhow2rCzuQtpuO.jpg
3211,"Cry in the Dark, A (1988)",Drama,1,35119.0,3.75,4,a dingo ate my baby Australia,Drama a dingo ate my baby Australia,https://image.tmdb.org/t/p/w300/auyoK8OZh1sZldjJfy9RGzS6crV.jpg
3247,Sister Act (1992),"Comedy,Crime",2,2005.0,3.0277777777777777,36,nuns,Comedy Crime nuns,https://image.tmdb.org/t/p/w300/xZvVSZ0RTxIjblLV87vs7ADM12m.jpg
3250,Alive (1993),Drama,1,7305.0,3.1666666666666665,9,In Netflix queue,Drama In Netflix queue,https://image.tmdb.org/t/p/w300/uQACcCZqd7WCTRin9xRIW5gr1bd.jpg
3258,Death Becomes Her (1992),"Comedy,Fantasy",2,9374.0,2.8666666666666667,15,plastic surgery,Comedy Fantasy plastic surgery,https://image.tmdb.org/t/p/w300/kkWxyyyWFK5KNk9WVwQuGEC9H9H.jpg
3259,Far and Away (1992),"Adventure,Drama,Romance",3,11259.0,3.1363636363636362,11,Ireland,Adventure Drama Romance Ireland,https://image.tmdb.org/t/p/w300/is80o8p0sCok3UqtnHEE2oyXyad.jpg
3260,Howards End (1992),Drama,1,8293.0,4.0,12,E.M. Forster,Drama E.M. Forster,https://image.tmdb.org/t/p/w300/1009nhfj28VhhQnVadtjkOacduX.jpg
3263,White Men Can't Jump (1992),"Comedy,Drama",2,10158.0,3.0454545454545454,22,basketball,Comedy Drama basketball,https://image.tmdb.org/t/p/w300/jnI05Z2Cm9ACEJo8FGen7tdHKLl.jpg
3265,Hard-Boiled (Lat sau san taam) (1992),"Action,Crime,Drama,Thriller",4,11782.0,4.0,18,gun fu heroic bloodshed,Action Crime Drama Thriller gun fu heroic bloodshed,https://image.tmdb.org/t/p/w300/oMqr4CGGqVlfI8DdrSelK1e9aFM.jpg
3266,Man Bites Dog (C'est arrivé près de chez vous) (1992),"Comedy,Crime,Drama,Thriller",4,10086.0,4.5,36,black comedy crazy dark dark comedy dark humor serial killer,Comedy Crime Drama Thriller black comedy crazy dark dark comedy dark humor serial killer,https://image.tmdb.org/t/p/w300/uRVI98a6MxdLkpsXM8LqIM9W7XZ.jpg
3270,"Cutting Edge, The (1992)","Comedy,Drama,Romance",3,16562.0,2.7916666666666665,12,figure skating,Comedy Drama Romance figure skating,https://image.tmdb.org/t/p/w300/sx4qf2XoW0xaLITQLpajsYc4mcj.jpg
3273,Scream 3 (2000),"Comedy,Horror,Mystery,Thriller",4,4234.0,2.6724137931034484,58,slasher spoof,Comedy Horror Mystery Thriller slasher spoof,https://image.tmdb.org/t/p/w300/qpH8ToZVlFD1bakL04LkEKodyDI.jpg
3281,"Brandon Teena Story, The (1998)",Documentary,1,113096.0,2.0,1,sexuality,Documentary sexuality,https://image.tmdb.org/t/p/w300/2VUVDdbInXCTn4X2ViCkIYE33r5.jpg
3306,"Circus, The (1928)",Comedy,1,28978.0,4.125,8,big top circus,Comedy big top circus,https://image.tmdb.org/t/p/w300/3FywbVq2qGqbYHPCy2NJcOf0gmp.jpg
3307,City Lights (1931),"Comedy,Drama,Romance",3,901.0,3.8461538461538463,13,blind,Comedy Drama Romance blind,https://image.tmdb.org/t/p/w300/bXNvzjULc9jrOVhGfjcc64uKZmZ.jpg
3310,"Kid, The (1921)","Comedy,Drama",2,10098.0,4.1,5,orphans,Comedy Drama orphans,https://image.tmdb.org/t/p/w300/A9NWYyn7eX0H9XIjaOvfWJ9mCGA.jpg
3317,Wonder Boys (2000),"Comedy,Drama",2,11004.0,3.659090909090909,22,writing,Comedy Drama writing,https://image.tmdb.org/t/p/w300/vGOdSLaZmu42qqwDUMgrfctJ65M.jpg
3330,Splendor in the Grass (1961),"Drama,Romance",2,28569.0,4.25,4,adolescence sexuality,Drama Romance adolescence sexuality,https://image.tmdb.org/t/p/w300/n6Kw8Ui93SMhrk1MupCFwUg04vq.jpg
3341,Born Yesterday (1950),Comedy,1,24481.0,4.285714285714286,7,remade,Comedy remade,https://image.tmdb.org/t/p/w300/hPiQUhnkgp2O9bQz9KhSyOjLvGl.jpg
3360,Hoosiers (a.k.a. Best Shot) (1986),"Drama,Romance",2,5693.0,3.7045454545454546,22,basketball,Drama Romance basketball,https://image.tmdb.org/t/p/w300/dHpjZQXEdoi1xNLubM1rPmTHJYz.jpg
3384,"Taking of Pelham One Two Three, The (1974)","Action,Crime",2,8333.0,4.5,4,subway,Action Crime subway,https://image.tmdb.org/t/p/w300/vNhywp9w1DVG6BytxKp4kjtaaGC.jpg
3385,Volunteers (1985),Comedy,1,19259.0,2.8125,8,Peace Corp,Comedy Peace Corp,https://image.tmdb.org/t/p/w300/tua28Wyv9uGBtPTBGCP7GsN3Znu.jpg
3386,JFK (1991),"Drama,Mystery,Thriller",3,820.0,3.5,62,politics president,Drama Mystery Thriller politics president,https://image.tmdb.org/t/p/w300/r0VWVTYlqdRCK5ZoOdNnHdqM2gt.jpg
3408,Erin Brockovich (2000),Drama,1,462.0,3.5285714285714285,140,scandal true story,Drama scandal true story,https://image.tmdb.org/t/p/w300/eMs20iUQyZVs05Ck7Q0LNnRsstr.jpg
3420,...And Justice for All (1979),"Drama,Thriller",2,17443.0,3.1666666666666665,3,lawyers,Drama Thriller lawyers,https://image.tmdb.org/t/p/w300/32NmJn0p4o9BdWVpEhuyxzwsqhL.jpg
3421,Animal House (1978),Comedy,1,8469.0,3.693548387096774,124,college TOGA,Comedy college TOGA,https://image.tmdb.org/t/p/w300/1iYG1mu8dPIXPzUBZF4OE1KUMMl.jpg
3424,Do the Right Thing (1989),Drama,1,925.0,4.037037037037037,54,racism great cinematography,Drama racism great cinematography,https://image.tmdb.org/t/p/w300/63rmSDPahrH7C1gEFYzRuIBAN9W.jpg
3429,Creature Comforts (1989),"Animation,Comedy",2,54825.0,4.25,12,aardman,Animation Comedy aardman,https://image.tmdb.org/t/p/w300/Ap8XavPP8AyvW9TDQDAZzEGT200.jpg
3435,Double Indemnity (1944),"Crime,Drama,Film-Noir",3,996.0,4.323529411764706,17,Insurance,Crime Drama Film-Noir Insurance,https://image.tmdb.org/t/p/w300/rVNYZZgfhwqVMMWlBmxOfWqnwCj.jpg
3447,"Good Earth, The (1937)",Drama,1,36652.0,4.0,2,Pearl S Buck,Drama Pearl S Buck,https://image.tmdb.org/t/p/w300/bPJe6d8etqVPyPYrNtE5rRNts9T.jpg
3451,Guess Who's Coming to Dinner (1967),Drama,1,1879.0,4.545454545454546,44,Hepburn and Tracy interracial marriage prejudice racism,Drama Hepburn and Tracy interracial marriage prejudice racism,https://image.tmdb.org/t/p/w300/fkHeYWahNbhxhuLefaAg553lYo5.jpg
3461,Lord of the Flies (1963),"Adventure,Drama,Thriller",3,9960.0,3.0384615384615383,13,island,Adventure Drama Thriller island,https://image.tmdb.org/t/p/w300/3jhp9oxZpwcWCZ1vfn3PyMWovzq.jpg
3462,Modern Times (1936),"Comedy,Drama,Romance",3,3082.0,3.72,25,factory,Comedy Drama Romance factory,https://image.tmdb.org/t/p/w300/7uoiKOEjxBBW0AgDGQWrlfGQ90w.jpg
3468,"Hustler, The (1961)",Drama,1,990.0,4.333333333333333,18,pool,Drama pool,https://image.tmdb.org/t/p/w300/snItsSViawjaadW9mlWUmGwR41R.jpg
3469,Inherit the Wind (1960),Drama,1,1908.0,4.083333333333333,18,court evolution religion,Drama court evolution religion,https://image.tmdb.org/t/p/w300/7oaHcF0gCOt2lKaT2zajhajP0Zo.jpg
3475,"Place in the Sun, A (1951)","Drama,Romance",2,25673.0,4.5,2,class,Drama Romance class,https://image.tmdb.org/t/p/w300/3tKYbChwIRYCwFrMUDBkbZyDIoN.jpg
3481,High Fidelity (2000),"Comedy,Drama,Romance",3,243.0,3.6666666666666665,150,music Nick Hornby,Comedy Drama Romance music Nick Hornby,https://image.tmdb.org/t/p/w300/e2LZGB62GMhv3Fo8tDZjY87I81a.jpg
3489,Hook (1991),"Adventure,Comedy,Fantasy",3,879.0,3.358490566037736,53,Peter Pan,Adventure Comedy Fantasy Peter Pan,https://image.tmdb.org/t/p/w300/a6rB1lGXoGms7gWxRfJneQmAjNV.jpg
3498,Midnight Express (1978),Drama,1,11327.0,4.0,8,In Netflix queue,Drama In Netflix queue,https://image.tmdb.org/t/p/w300/mIzGfVCSWmmYjLIIbA2BX3rlV56.jpg
3499,Misery (1990),"Drama,Horror,Thriller",3,1700.0,3.840909090909091,308,claustrophobic horror scary stephen king suspenseful tense thriller,Drama Horror Thriller claustrophobic horror scary stephen king suspenseful tense thriller,https://image.tmdb.org/t/p/w300/klPO5oh1LOxiPpdDXZo1ADgpKcw.jpg
3502,My Life (1993),Drama,1,41659.0,3.5,3,death,Drama death,https://image.tmdb.org/t/p/w300/eF8wNMMqY3kukUTTAVXLLx94UhB.jpg
3504,Network (1976),"Comedy,Drama",2,10774.0,4.0227272727272725,22,journalism,Comedy Drama journalism,https://image.tmdb.org/t/p/w300/qZomlHsaALUtkFeMDwdYmwS2Pbo.jpg
3507,"Odd Couple, The (1968)",Comedy,1,11356.0,4.066666666666666,15,In Netflix queue,Comedy In Netflix queue,https://image.tmdb.org/t/p/w300/d3dKPpzEi7WfgmoMnMwWyQnd2ja.jpg
3512,Return to Me (2000),"Drama,Romance",2,2621.0,3.5625,8,transplants,Drama Romance transplants,https://image.tmdb.org/t/p/w300/mtYZyZh7hSiTq3gAU0C8FlcMC5.jpg
3515,Me Myself I (2000),"Comedy,Romance",2,49721.0,3.611111111111111,9,alternate endings,Comedy Romance alternate endings,https://image.tmdb.org/t/p/w300/sI8AjPZMeRKn5mQ7LD4uYTStTMc.jpg
3526,Parenthood (1989),"Comedy,Drama",2,1552.0,3.7,15,families,Comedy Drama families,https://image.tmdb.org/t/p/w300/e51tNNQBJpJi9xkyuj0QFhyBcz7.jpg
3527,Predator (1987),"Action,Sci-Fi,Thriller",3,106.0,3.581967213114754,671,aliens sci-fi scifi cult Arnold Schwarzenegger dialogue guns Jesse Ventura macho,Action Sci-Fi Thriller aliens sci-fi scifi cult Arnold Schwarzenegger dialogue guns Jesse Ventura macho,https://image.tmdb.org/t/p/w300/k3mW4qfJo6SKqe6laRyNGnbB9n5.jpg
3528,"Prince of Tides, The (1991)","Drama,Romance",2,10333.0,3.4,5,psychiatrist,Drama Romance psychiatrist,https://image.tmdb.org/t/p/w300/1AyeW3YlwfhRwLDeUCW686obceb.jpg
3536,Keeping the Faith (2000),"Comedy,Drama,Romance",3,4967.0,3.4523809523809526,42,priest rabbi,Comedy Drama Romance priest rabbi,https://image.tmdb.org/t/p/w300/9NF199FTvHr9ggqdBTVbPhF1MGk.jpg
3546,What Ever Happened to Baby Jane? (1962),"Drama,Horror,Thriller",3,10242.0,4.5,2,show business,Drama Horror Thriller show business,https://image.tmdb.org/t/p/w300/msGYzyWwtjAaA3DScdgmvJ5MReG.jpg
3548,Auntie Mame (1958),"Comedy,Drama",2,16347.0,3.7,5,1920s,Comedy Drama 1920s,https://image.tmdb.org/t/p/w300/uH810rwkYEbUaV6IlwTaAExbXUm.jpg
3549,Guys and Dolls (1955),"Comedy,Musical,Romance",3,4825.0,3.9375,8,Gambling,Comedy Musical Romance Gambling,https://image.tmdb.org/t/p/w300/mrSM6laJJLBVdMdWfeNRa1innnk.jpg
3552,Caddyshack (1980),Comedy,1,11977.0,3.826923076923077,52,golf,Comedy golf,https://image.tmdb.org/t/p/w300/lXnNz7zOXCsftMDVoU3VSo0Eioi.jpg
3556,"Virgin Suicides, The (1999)","Drama,Romance",2,1443.0,3.769230769230769,78,sofia coppola 1970s suicide,Drama Romance sofia coppola 1970s suicide,https://image.tmdb.org/t/p/w300/1NCQtXPQnaHRjOZVmktA9BSM35F.jpg
3559,Limelight (1952),"Comedy,Drama,Romance",3,28971.0,3.6666666666666665,3,In Netflix queue,Comedy Drama Romance In Netflix queue,https://image.tmdb.org/t/p/w300/wNWQS4cPTVtyOPzMZ9HSjmOLZ97.jpg
3566,"Big Kahuna, The (2000)","Comedy,Drama",2,15723.0,2.875,16,business religion,Comedy Drama business religion,https://image.tmdb.org/t/p/w300/sMhWWdW6V3HXFanELFA1oHdvboS.jpg
3578,Gladiator (2000),"Action,Adventure,Drama",3,98.0,3.9382352941176473,1360,ancient Rome Epic history imdb top 250 revenge Rome Russell Crowe Romans,Action Adventure Drama ancient Rome Epic history imdb top 250 revenge Rome Russell Crowe Romans,https://image.tmdb.org/t/p/w300/wN2xWp1eIwCKOD0BHTcErTBv1Uq.jpg
3608,Pee-wee's Big Adventure (1985),"Adventure,Comedy",2,5683.0,2.94,25,Pee Wee Herman,Adventure Comedy Pee Wee Herman,https://image.tmdb.org/t/p/w300/414IUXc54mrhX88ZUQiRDLXn01i.jpg
3629,"Gold Rush, The (1925)","Adventure,Comedy,Romance",3,962.0,4.071428571428571,7,mining,Adventure Comedy Romance mining,https://image.tmdb.org/t/p/w300/eQRFo1qwRREYwj47Yoe1PisgOle.jpg
3671,Blazing Saddles (1974),"Comedy,Western",2,11072.0,3.935483870967742,186,dark humor easygoing silly,Comedy Western dark humor easygoing silly,https://image.tmdb.org/t/p/w300/vNw1gOEDdYTDeNMuuq8OmiEHrfH.jpg
3675,White Christmas (1954),"Comedy,Musical,Romance",3,13368.0,4.1875,8,Christmas,Comedy Musical Romance Christmas,https://image.tmdb.org/t/p/w300/A5kBQsHKbIptxJyELEpHQJROCRj.jpg
3676,Eraserhead (1977),"Drama,Horror",2,985.0,3.75,170,In Netflix queue art house Atmospheric creepy cryptic dark disturbing dreamlike enigmatic fucked up gruesome hallucinatory Insane paranoid strange surreal weird,Drama Horror In Netflix queue art house Atmospheric creepy cryptic dark disturbing dreamlike enigmatic fucked up gruesome hallucinatory Insane paranoid strange surreal weird,https://image.tmdb.org/t/p/w300/mxveW3mGVc0DzLdOmtkZsgd7c3B.jpg
3683,Blood Simple (1984),"Crime,Drama,Film-Noir",3,11368.0,4.0,19,Coen Brothers,Crime Drama Film-Noir Coen Brothers,https://image.tmdb.org/t/p/w300/svU6pu4lfHn0T5BVZchVxL58HB5.jpg
3712,Soapdish (1991),Comedy,1,25562.0,2.8333333333333335,3,television,Comedy television,https://image.tmdb.org/t/p/w300/A5Aagqf4odlE1PkLouHPOj63z8D.jpg
3723,Hamlet (1990),Drama,1,10264.0,3.8,5,Shakespeare,Drama Shakespeare,https://image.tmdb.org/t/p/w300/cB5HbaiFoQLLmGeN2eeJjBGrp8U.jpg
3724,Coming Home (1978),"Drama,War",2,31657.0,3.3,5,Vietnam,Drama War Vietnam,https://image.tmdb.org/t/p/w300/jBsYWNBYNEi5EhT1hC8iexcTsWT.jpg
3730,"Conversation, The (1974)","Drama,Mystery",2,592.0,4.205882352941177,17,spying,Drama Mystery spying,https://image.tmdb.org/t/p/w300/dHqVBwcv1SGymOpUueRoKzcmdes.jpg
3735,Serpico (1973),"Crime,Drama",2,9040.0,3.7941176470588234,17,police,Crime Drama police,https://image.tmdb.org/t/p/w300/pRagfd10PPWryFRSzLPIivfAXHJ.jpg
3793,X-Men (2000),"Action,Adventure,Sci-Fi",3,36657.0,3.699248120300752,798,action comic book hugh jackman marvel superhero,Action Adventure Sci-Fi action comic book hugh jackman marvel superhero,https://image.tmdb.org/t/p/w300/bRDAc4GogyS9ci3ow7UnInOcriN.jpg
3801,Anatomy of a Murder (1959),"Drama,Mystery",2,93.0,4.0,4,court,Drama Mystery court,https://image.tmdb.org/t/p/w300/b2G1QSAwtBv9luhEwErIgSRaU92.jpg
3811,Breaker Morant (1980),"Drama,War",2,13783.0,3.9285714285714284,7,court,Drama War court,https://image.tmdb.org/t/p/w300/Nr46BDNjBtz3s0wRvm84eK3PXl.jpg
3816,"Official Story, The (La historia oficial) (1985)",Drama,1,29263.0,4.0,1,missing children,Drama missing children,https://image.tmdb.org/t/p/w300/kkeUKaETggOrR0eW9nzPOIoZkZH.jpg
3844,Steel Magnolias (1989),Drama,1,10860.0,3.3333333333333335,9,diabetes,Drama diabetes,https://image.tmdb.org/t/p/w300/7ExUSN9s9gX9bhVM17zDLEizano.jpg
3849,The Spiral Staircase (1945),"Horror,Mystery,Thriller",3,27452.0,4.0,2,disability,Horror Mystery Thriller disability,https://image.tmdb.org/t/p/w300/4k0k9f59g901GWzw0gfFT7f5in.jpg
3859,"Eyes of Tammy Faye, The (2000)",Documentary,1,15665.0,3.75,4,In Netflix queue televangelist,Documentary In Netflix queue televangelist,https://image.tmdb.org/t/p/w300/r84Qve8mVeDXBKnSnBSQIS2OaD.jpg
3877,Supergirl (1984),"Action,Adventure,Fantasy",3,9651.0,2.2222222222222223,9,superhero,Action Adventure Fantasy superhero,https://image.tmdb.org/t/p/w300/o49a2RDChZkry84LomEORCPDWfk.jpg
3897,Almost Famous (2000),Drama,1,786.0,3.8674698795180724,332,music journalism Rolling Stone,Drama music journalism Rolling Stone,https://image.tmdb.org/t/p/w300/3rrkyLYbgLj84AYvjhdcJot4JPx.jpg
3910,Dancer in the Dark (2000),"Drama,Musical",2,16.0,3.975,40,blindness factory,Drama Musical blindness factory,https://image.tmdb.org/t/p/w300/pWzOfTJRZHPNO1VNrMnNFqRcJwg.jpg
3911,Best in Show (2000),Comedy,1,13785.0,3.688679245283019,106,satire Dogs,Comedy satire Dogs,https://image.tmdb.org/t/p/w300/qkYBCMN26SxkQww4gLxUXQm5vr4.jpg
3932,"Invisible Man, The (1933)","Horror,Sci-Fi",2,10787.0,3.5,2,invisibility,Horror Sci-Fi invisibility,https://image.tmdb.org/t/p/w300/ewfUA5pMEJrmQCdI4TsHmLlIUbf.jpg
3948,Meet the Parents (2000),Comedy,1,1597.0,3.4175824175824174,182,comedy Robert De Niro,Comedy comedy Robert De Niro,https://image.tmdb.org/t/p/w300/5tXJ9ctuyEOMUFLaeqRisbXowWs.jpg
3949,Requiem for a Dream (2000),Drama,1,641.0,3.921875,288,drug abuse depressing psychology,Drama drug abuse depressing psychology,https://image.tmdb.org/t/p/w300/9BTwsLaMVHOGFlmsSlx5QYCaXb.jpg
3951,Two Family House (2000),Drama,1,63956.0,5.0,1,In Netflix queue,Drama In Netflix queue,https://image.tmdb.org/t/p/w300/g4U84VFQDvJeTwiQDhpI6bHWtGT.jpg
3967,Billy Elliot (2000),Drama,1,71.0,3.8513513513513513,37,ballet,Drama ballet,https://image.tmdb.org/t/p/w300/mYtqgWCJiXpDeZwjVcC3OQGD8IR.jpg
3983,You Can Count on Me (2000),"Drama,Romance",2,14295.0,4.166666666666667,9,family,Drama Romance family,https://image.tmdb.org/t/p/w300/7mGFmij1FZD5eUnNwvUjmpqrDl6.jpg
3988,How the Grinch Stole Christmas (a.k.a. The Grinch) (2000),"Children,Comedy,Fantasy",3,8871.0,3.0454545454545454,33,Dr. Seuss,Children Comedy Fantasy Dr. Seuss,https://image.tmdb.org/t/p/w300/1WZbbPApEivA421gCOluuzMMKCk.jpg
3994,Unbreakable (2000),"Drama,Sci-Fi",2,9741.0,3.4794520547945207,584,superhero atmospheric comics father-son relationship mindfuck unique somber,Drama Sci-Fi superhero atmospheric comics father-son relationship mindfuck unique somber,https://image.tmdb.org/t/p/w300/mLuehrGLiK5zFCyRmDDOH6gbfPf.jpg
3996,"Crouching Tiger, Hidden Dragon (Wo hu cang long) (2000)","Action,Drama,Romance",3,146.0,3.8363636363636364,220,china martial arts,Action Drama Romance china martial arts,https://image.tmdb.org/t/p/w300/iNDVBFNz4XyYzM9Lwip6atSTFqf.jpg
4007,Wall Street (1987),Drama,1,10673.0,3.75,20,business,Drama business,https://image.tmdb.org/t/p/w300/2tQYq9ntzn2dEwDIGLBSipYPenv.jpg
4012,Punchline (1988),"Comedy,Drama",2,40820.0,2.5,4,stand-up comedy,Comedy Drama stand-up comedy,https://image.tmdb.org/t/p/w300/dgbLnnEJIGldXOMt6OWy3X1l0AC.jpg
4015,"Dude, Where's My Car? (2000)","Comedy,Sci-Fi",2,8859.0,2.727272727272727,33,bad,Comedy Sci-Fi bad,https://image.tmdb.org/t/p/w300/A5FBQplPsSVVvdYn4NHgtWYF8un.jpg
4019,Finding Forrester (2000),Drama,1,711.0,3.7142857142857144,28,writing,Drama writing,https://image.tmdb.org/t/p/w300/chd9bCGNYtzDoJqGw5wUHlhrkOb.jpg
4024,"House of Mirth, The (2000)",Romance,1,25520.0,2.1666666666666665,3,Edith Wharton,Romance Edith Wharton,https://image.tmdb.org/t/p/w300/gCEboOrNXFmqE5pKUn42fTHZx8R.jpg
4025,Miss Congeniality (2000),"Comedy,Crime",2,1493.0,3.0546875,64,pageant,Comedy Crime pageant,https://image.tmdb.org/t/p/w300/pat3vKaRlB70he4ghwTMydR4TvP.jpg
4027,"O Brother, Where Art Thou? (2000)","Adventure,Comedy,Crime",3,134.0,3.8085106382978724,94,bluegrass,Adventure Comedy Crime bluegrass,https://image.tmdb.org/t/p/w300/s9foMAcLg8GEzzQzer04qOGdD1k.jpg
4029,State and Main (2000),"Comedy,Drama",2,21991.0,3.875,12,movies,Comedy Drama movies,https://image.tmdb.org/t/p/w300/348hvpWeSGdAQlCrGvKbpC0FpQN.jpg
4034,Traffic (2000),"Crime,Drama,Thriller",3,1900.0,3.9,140,drugs based on a TV show,Crime Drama Thriller drugs based on a TV show,https://image.tmdb.org/t/p/w300/jbccmnqE4oAPI67bApgt2JiRPz8.jpg
4046,Friendly Persuasion (1956),Drama,1,43258.0,4.0,1,Quakers,Drama Quakers,https://image.tmdb.org/t/p/w300/mhsdObvFHoOfgaKAVJUOeK3LiOP.jpg
4077,"With a Friend Like Harry... (Harry, un ami qui vous veut du bien) (2000)","Drama,Thriller",2,47943.0,4.5,2,psychopaths,Drama Thriller psychopaths,https://image.tmdb.org/t/p/w300/tQ6Ut3kPOpo3lRhPrW5QfkBDwGk.jpg
4105,"Evil Dead, The (1981)","Fantasy,Horror,Thriller",3,764.0,3.8181818181818183,22,zombies,Fantasy Horror Thriller zombies,https://image.tmdb.org/t/p/w300/54C1qdaiSijIU5NeNb4WsPJdNkG.jpg
4113,"Glass Menagerie, The (1987)",Drama,1,52780.0,3.0,2,Tennessee Williams,Drama Tennessee Williams,https://image.tmdb.org/t/p/w300/zF02disLmOSyb3BSS4c50MC7xNo.jpg
4117,Hope and Glory (1987),Drama,1,32054.0,4.333333333333333,3,In Netflix queue,Drama In Netflix queue,https://image.tmdb.org/t/p/w300/4xE9oW222uiaJwMWqAdGQw4puOX.jpg
4138,My Demon Lover (1987),"Comedy,Horror",2,51521.0,1.0,2,demons,Comedy Horror demons,https://image.tmdb.org/t/p/w300/hKUZUfy8rnNTJYRysMG21lpK5oc.jpg
4144,In the Mood For Love (Fa yeung nin wa) (2000),"Drama,Romance",2,843.0,4.214285714285714,252,atmospheric Beautiful bittersweet dreamy elegant heartbreaking intimate loneliness long takes longing melancholic melancholy moody nocturnal romantic Unique visually appealing visually stunning,Drama Romance atmospheric Beautiful bittersweet dreamy elegant heartbreaking intimate loneliness long takes longing melancholic melancholy moody nocturnal romantic Unique visually appealing visually stunning,https://image.tmdb.org/t/p/w300/iYypPT4bhqXfq1b6EnmxvRt6b2Y.jpg
4160,"Widow of St. Pierre, The (Veuve de Saint-Pierre, La) (2000)","Drama,Romance",2,48217.0,4.125,4,death penalty,Drama Romance death penalty,https://image.tmdb.org/t/p/w300/dFQ2kQA9JlAIO0uL2KkrsmI4o2O.jpg
4164,"Caveman's Valentine, The (2001)",Drama,1,25208.0,3.5,4,homeless New York,Drama homeless New York,https://image.tmdb.org/t/p/w300/xWjoiGvFZPXuBi93reGblvDHIax.jpg
4166,Series 7: The Contenders (2001),"Action,Drama",2,19513.0,2.5,2,reality TV,Action Drama reality TV,https://image.tmdb.org/t/p/w300/85tuJxQdjQcec3DTMc9dxwlYYfi.jpg
4171,Long Night's Journey Into Day (2000),Documentary,1,95682.0,4.0,1,Eugene O'Neill,Documentary Eugene O'Neill,https://image.tmdb.org/t/p/w300/iC80ZNpFRuaL8BwzjoD1Zm02Inm.jpg
4174,Avalon (1990),Drama,1,2302.0,3.0,1,In Netflix queue,Drama In Netflix queue,https://image.tmdb.org/t/p/w300/lsyPs8pU6hIJCS5sw0H9Q8Tl1nJ.jpg
4184,"Bishop's Wife, The (1947)","Comedy,Drama,Romance",3,19490.0,4.0,1,Christmas,Comedy Drama Romance Christmas,https://image.tmdb.org/t/p/w300/2sMpffmvoJlW7WBcvyHTPR9DEsj.jpg
4189,"Greatest Story Ever Told, The (1965)",Drama,1,2428.0,2.5,2,Bible religion,Drama Bible religion,https://image.tmdb.org/t/p/w300/c21ON7BZn0jwdNl6ibZ1vhXJmpy.jpg
4190,Elmer Gantry (1960),Drama,1,22013.0,4.0,4,preacher religion,Drama preacher religion,https://image.tmdb.org/t/p/w300/5vd031r08rrfSMqtB9UarwqCUOz.jpg
4191,Alfie (1966),"Comedy,Drama,Romance",3,15598.0,3.25,4,sexuality,Comedy Drama Romance sexuality,https://image.tmdb.org/t/p/w300/tPUqgfGMkZazRZ1UO41j2Fiib5C.jpg
4204,Losin' It (1983),Comedy,1,33676.0,1.0,1,virginity,Comedy virginity,https://image.tmdb.org/t/p/w300/7BQP8GzBW4ZZxqcc5tDH68yNeAI.jpg
4210,Manhunter (1986),"Action,Crime,Drama,Horror,Thriller",5,11454.0,3.9166666666666665,12,Hannibal Lecter serial killer,Action Crime Drama Horror Thriller Hannibal Lecter serial killer,https://image.tmdb.org/t/p/w300/6rb24x39vV8n5301IelC8rCPJTH.jpg
4211,Reversal of Fortune (1990),Drama,1,38718.0,3.75,6,von Bulow,Drama von Bulow,https://image.tmdb.org/t/p/w300/jEmFeHPsoyHk6RRZslKzC5NVFad.jpg
4214,Revenge of the Nerds (1984),Comedy,1,14052.0,2.8846153846153846,13,college,Comedy college,https://image.tmdb.org/t/p/w300/v8aETLufi4WIinhQ994oWkehtaC.jpg
4218,River's Edge (1986),"Crime,Drama",2,21309.0,3.5,1,In Netflix queue,Crime Drama In Netflix queue,https://image.tmdb.org/t/p/w300/bT68aKa9d7zDF7Z8MaskbWBRqzb.jpg
4221,Necessary Roughness (1991),Comedy,1,20704.0,2.625,4,football,Comedy football,https://image.tmdb.org/t/p/w300/lZsD4izDMKbV1KTRUQ5UVWZrnLJ.jpg
4223,Enemy at the Gates (2001),"Drama,War",2,853.0,3.5125,200,Ed Harris Jude Law Rachel Weisz sniper World War II,Drama War Ed Harris Jude Law Rachel Weisz sniper World War II,https://image.tmdb.org/t/p/w300/cHRAbVdsCWFaQrswRsBP7Bn255W.jpg
4226,Memento (2000),"Mystery,Thriller",2,77.0,4.122641509433962,2067,dark Mindfuck nonlinear psychology twist ending mystery psychological Backwards. memory cerebral dreamlike,Mystery Thriller dark Mindfuck nonlinear psychology twist ending mystery psychological Backwards. memory cerebral dreamlike,https://image.tmdb.org/t/p/w300/fKTPH2WvH8nHTXeBYBVhawtRqtR.jpg
4232,Spy Kids (2001),"Action,Adventure,Children,Comedy",4,10054.0,2.9464285714285716,28,spying,Action Adventure Children Comedy spying,https://image.tmdb.org/t/p/w300/j3rUkHIAAoKr6jU30q3Db4fcIF9.jpg
4246,Bridget Jones's Diary (2001),"Comedy,Drama,Romance",3,634.0,3.623076923076923,65,singletons,Comedy Drama Romance singletons,https://image.tmdb.org/t/p/w300/dkauRl9TosBFikftrC3OVcKWDoz.jpg
4259,"Luzhin Defence, The (2000)","Drama,Romance",2,52654.0,3.5,4,Nabokov,Drama Romance Nabokov,https://image.tmdb.org/t/p/w300/tVV3PhTO58R0CAsvWhsUkYDzIEZ.jpg
4262,Scarface (1983),"Action,Crime,Drama",3,111.0,3.9328358208955225,67,Al Pacino,Action Crime Drama Al Pacino,https://image.tmdb.org/t/p/w300/iQ5ztdjvteGeboxtmRdXEChJOHh.jpg
4263,Days of Wine and Roses (1962),Drama,1,32488.0,4.0,2,alcoholism,Drama alcoholism,https://image.tmdb.org/t/p/w300/cRVl1BR3x3P2NqUv61eveJNJ0ip.jpg
4292,Norma Rae (1979),Drama,1,40842.0,3.5,2,Union,Drama Union,https://image.tmdb.org/t/p/w300/6au7WBVYoKhV1jORyFSIRszb46S.jpg
4296,Love Story (1970),"Drama,Romance",2,9062.0,3.0,2,death,Drama Romance death,https://image.tmdb.org/t/p/w300/yCjADq9fwbdPnxMo0DKNeRGZ4YC.jpg
4306,Shrek (2001),"Adventure,Animation,Children,Comedy,Fantasy,Romance",6,808.0,3.8676470588235294,170,fairy tales,Adventure Animation Children Comedy Fantasy Romance fairy tales,https://image.tmdb.org/t/p/w300/iB64vpL3dIObOtMZgX3RqdVdQDc.jpg
4312,Himalaya (Himalaya - l'enfance d'un chef) (1999),"Adventure,Drama",2,26813.0,3.5,2,In Netflix queue,Adventure Drama In Netflix queue,https://image.tmdb.org/t/p/w300/zppCfYBl0kRTpD9T0KTlZG5ZpWw.jpg
4316,Ice Castles (1978),Drama,1,50541.0,2.0,2,figure skating,Drama figure skating,https://image.tmdb.org/t/p/w300/5iS3EJD286IYkJ83L5pEVoNF3xn.jpg
4326,Mississippi Burning (1988),"Crime,Drama,Thriller",3,1632.0,3.590909090909091,22,race rasicm,Crime Drama Thriller race rasicm,https://image.tmdb.org/t/p/w300/wvEx2WbxZXYljQ9vSoq37NgeXcJ.jpg
4333,Throw Momma from the Train (1987),"Comedy,Crime",2,11896.0,3.2,10,Strangers on a Train,Comedy Crime Strangers on a Train,https://image.tmdb.org/t/p/w300/fwcIsCwTwF8AXNxvNkrZ5dZlGPz.jpg
4343,Evolution (2001),"Comedy,Sci-Fi",2,9397.0,3.037037037037037,54,really bad Seann William Scott,Comedy Sci-Fi really bad Seann William Scott,https://image.tmdb.org/t/p/w300/dwIrP544LxJtXToLpzkEa08pIMm.jpg
4347,Divided We Fall (Musíme si pomáhat) (2000),"Comedy,Drama",2,29937.0,3.8333333333333335,3,Holocaust,Comedy Drama Holocaust,https://image.tmdb.org/t/p/w300/6mKiT1zyUHHSCUm1hfZVe4RUhjV.jpg
4356,Gentlemen Prefer Blondes (1953),"Comedy,Musical,Romance",3,759.0,3.8,5,In Netflix queue,Comedy Musical Romance In Netflix queue,https://image.tmdb.org/t/p/w300/fDozhst5HVJJcd3BM8ZOsKniO7Q.jpg
4359,"Seven Year Itch, The (1955)",Comedy,1,10653.0,3.375,8,adultery,Comedy adultery,https://image.tmdb.org/t/p/w300/4oLqx0QbjWFzWtkxRmDLGH47CUJ.jpg
4361,Tootsie (1982),"Comedy,Romance",2,9576.0,3.421875,32,men in drag,Comedy Romance men in drag,https://image.tmdb.org/t/p/w300/ngyCzZwb9y5sMUCig5JQT4Y33Q.jpg
4370,A.I. Artificial Intelligence (2001),"Adventure,Drama,Sci-Fi",3,644.0,3.3392857142857144,280,android(s)/cyborg(s) artificial intelligence Bittersweet Steven Spielberg robots,Adventure Drama Sci-Fi android(s)/cyborg(s) artificial intelligence Bittersweet Steven Spielberg robots,https://image.tmdb.org/t/p/w300/8MZSGX5JORoO72EfuAEcejH5yHn.jpg
4380,"Princess and the Warrior, The (Krieger und die Kaiserin, Der) (2000)","Drama,Romance",2,9301.0,3.857142857142857,7,accident,Drama Romance accident,https://image.tmdb.org/t/p/w300/z0dMG2C4GvIObHAcOjW9r61WIJF.jpg
4396,"Cannonball Run, The (1981)","Action,Comedy",2,11286.0,2.75,10,race,Action Comedy race,https://image.tmdb.org/t/p/w300/pvn9SbMq9q8wJXt3KAp9kP7pmpb.jpg
4404,Faust (1926),"Drama,Fantasy,Horror",3,10728.0,4.0,1,In Netflix queue,Drama Fantasy Horror In Netflix queue,https://image.tmdb.org/t/p/w300/rN703hMFxmkZfyEzsXvFtuFhkXE.jpg
4446,Final Fantasy: The Spirits Within (2001),"Adventure,Animation,Fantasy,Sci-Fi",4,2114.0,3.3548387096774195,31,sci-fi,Adventure Animation Fantasy Sci-Fi sci-fi,https://image.tmdb.org/t/p/w300/47b1EwFqqSWxYna7NtUM7iML4oT.jpg
4447,Legally Blonde (2001),"Comedy,Romance",2,8835.0,3.15625,64,lawyers,Comedy Romance lawyers,https://image.tmdb.org/t/p/w300/9ohlMrJHQqKhfUKh7Zr3JQqHNLZ.jpg
4448,"Score, The (2001)","Action,Drama",2,11371.0,3.55,40,heist boring,Action Drama heist boring,https://image.tmdb.org/t/p/w300/fsb4m9XW59mei8GKznvI3lLzcfp.jpg
4454,More (1998),"Animation,Drama,IMAX,Sci-Fi",4,36107.0,5.0,7,claymation creativity dystopia free to download imagination no dialogue social commentary,Animation Drama IMAX Sci-Fi claymation creativity dystopia free to download imagination no dialogue social commentary,https://image.tmdb.org/t/p/w300/802hVxtGoC4uIYMhM6eeXKeK17l.jpg
4465,"Accused, The (1988)",Drama,1,10868.0,3.7,5,rape,Drama rape,https://image.tmdb.org/t/p/w300/5DlWHYb5Q65GaHYHDo6PqGOuoF1.jpg
4476,Big Business (1988),Comedy,1,12710.0,2.3333333333333335,3,twins,Comedy twins,https://image.tmdb.org/t/p/w300/dxbXbR1P44caMUKtBdq7sX6aSgw.jpg
4477,Big Top Pee-Wee (1988),"Adventure,Children,Comedy",3,30502.0,1.9375,8,circus,Adventure Children Comedy circus,https://image.tmdb.org/t/p/w300/t9AiFl6kt5vMhXzMHTZ6651TECl.jpg
4489,Coming to America (1988),"Comedy,Romance",2,9602.0,3.4583333333333335,48,Africa immigrants,Comedy Romance Africa immigrants,https://image.tmdb.org/t/p/w300/8YZiA1o264dk0cr1USyMdph6SZl.jpg
4495,Crossing Delancey (1988),"Comedy,Romance",2,27397.0,5.0,1,New York,Comedy Romance New York,https://image.tmdb.org/t/p/w300/62GF6vgxIvEpSPrH0WXHtCHm3zB.jpg
4526,My Stepmother Is an Alien (1988),"Comedy,Romance,Sci-Fi",3,12120.0,3.1,5,aliens,Comedy Romance Sci-Fi aliens,https://image.tmdb.org/t/p/w300/SIt5FbgvoxlZr8ay3cfi79pV6z.jpg
4537,Running on Empty (1988),Drama,1,18197.0,4.333333333333333,3,hippies,Drama hippies,https://image.tmdb.org/t/p/w300/kzhyruFxY4Z5Ert8M9tuM2MV8dd.jpg
4545,Short Circuit (1986),"Comedy,Sci-Fi",2,2605.0,3.275,20,robots,Comedy Sci-Fi robots,https://image.tmdb.org/t/p/w300/e3eimdUK6lLe0iaSlLrYVQF3yeL.jpg
4546,"Vanishing, The (Spoorloos) (1988)","Drama,Thriller",2,8740.0,3.9166666666666665,12,kidnapping remade,Drama Thriller kidnapping remade,https://image.tmdb.org/t/p/w300/eE5bbuRJluooG2MjEAsLEYyuJoa.jpg
4552,"Tetsuo, the Ironman (Tetsuo) (1988)","Action,Horror,Sci-Fi,Thriller",4,41428.0,3.5,18,"""artsy"" atmospheric gritty hallucinatory surreal visually stunning","Action Horror Sci-Fi Thriller ""artsy"" atmospheric gritty hallucinatory surreal visually stunning",https://image.tmdb.org/t/p/w300/skAxIP1DgnVIXaUaPFozWXtsbhs.jpg
4558,Twins (1988),Comedy,1,9493.0,2.4642857142857144,14,twins,Comedy twins,https://image.tmdb.org/t/p/w300/stJx9BQZbXrZnTGf9Erc7d2UMVc.jpg
4571,Bill & Ted's Excellent Adventure (1989),"Adventure,Comedy,Sci-Fi",3,1648.0,3.7,45,time travel,Adventure Comedy Sci-Fi time travel,https://image.tmdb.org/t/p/w300/qcLGk8CkZW4rHK1kqD9Jdst5vd8.jpg
4600,Gross Anatomy (a.k.a. A Cut Above) (1989),"Comedy,Drama",2,17190.0,3.25,2,doctors,Comedy Drama doctors,https://image.tmdb.org/t/p/w300/nYP7HFuHfy3QchskZiywbJAQ8a0.jpg
4612,Jesus of Montreal (Jésus de Montréal) (1989),Drama,1,4486.0,4.5,1,reciprocal spectator,Drama reciprocal spectator,https://image.tmdb.org/t/p/w300/evtfMmuJyCQch2JIdWO2SdGWgJA.jpg
4621,Look Who's Talking (1989),"Comedy,Romance",2,9494.0,2.388888888888889,18,babies,Comedy Romance babies,https://image.tmdb.org/t/p/w300/uVM0D7Q6U9H6xMSZmMdfwECih5h.jpg
4623,Major League (1989),Comedy,1,9942.0,3.575,20,baseball,Comedy baseball,https://image.tmdb.org/t/p/w300/ypUedY9zX4nGGf1lQv1UGc8PhPA.jpg
4638,Jurassic Park III (2001),"Action,Adventure,Sci-Fi,Thriller",4,331.0,2.8472222222222223,36,dinosaurs,Action Adventure Sci-Fi Thriller dinosaurs,https://image.tmdb.org/t/p/w300/oQXj4NUfS3r3gHXtDOzcJgj1lLc.jpg
4639,America's Sweethearts (2001),"Comedy,Romance",2,11467.0,2.5833333333333335,36,Hollywood movie business,Comedy Romance Hollywood movie business,https://image.tmdb.org/t/p/w300/4TQOYs8rCWi44O1tNbIQiRqHQkA.jpg
4641,Ghost World (2001),"Comedy,Drama",2,1548.0,3.5,34,adolescence,Comedy Drama adolescence,https://image.tmdb.org/t/p/w300/uwKqnUPE4dSM0kKuMW0vXpURh2T.jpg
4677,Turner & Hooch (1989),"Comedy,Crime",2,6951.0,3.0384615384615383,13,dogs,Comedy Crime dogs,https://image.tmdb.org/t/p/w300/nllMNbjgvUpw378czm5vBYzZqg1.jpg
4678,UHF (1989),Comedy,1,11959.0,3.4444444444444446,9,television,Comedy television,https://image.tmdb.org/t/p/w300/wxx5YQLKVH1WMSRXQAUnC76r4iY.jpg
4688,Black Robe (1991),"Adventure,Drama",2,41784.0,3.3333333333333335,3,In Netflix queue,Adventure Drama In Netflix queue,https://image.tmdb.org/t/p/w300/fsqwLjRIVgaykvf2jCwGNOfGoC1.jpg
4708,Marat/Sade (1966),"Drama,Musical",2,44258.0,4.5,2,reciprocal spectator,Drama Musical reciprocal spectator,https://image.tmdb.org/t/p/w300/7aucmdXXvqB4uW63K6t7P9sTc1f.jpg
4725,Session 9 (2001),"Horror,Thriller",2,10972.0,3.625,16,mental hospital psychology suspense Well Done,Horror Thriller mental hospital psychology suspense Well Done,https://image.tmdb.org/t/p/w300/A3Au37c3KJX29BDvldzGiYtaU5B.jpg
4787,Little Man Tate (1991),Drama,1,11521.0,3.35,10,prodigies,Drama prodigies,https://image.tmdb.org/t/p/w300/eXf4xhJEc9c2NElBrExmiWFe4Pz.jpg
4801,"Little Foxes, The (1941)",Drama,1,43802.0,4.0,2,family,Drama family,https://image.tmdb.org/t/p/w300/hahHchjsnx62Ry7qmv2apYmlPX8.jpg
4808,"Vanishing, The (1993)","Mystery,Thriller",2,1644.0,2.375,4,remake,Mystery Thriller remake,https://image.tmdb.org/t/p/w300/whCG6TGm3h9AHBkfh5M0MnJ8zT0.jpg
4809,Silkwood (1983),Drama,1,12502.0,4.166666666666667,6,Nuclear disaster union,Drama Nuclear disaster union,https://image.tmdb.org/t/p/w300/7Piz5R5dB6d7v1OWNaIn9GB4qZg.jpg
4812,SpaceCamp (1986),"Adventure,Sci-Fi",2,13766.0,2.1666666666666665,12,NASA space,Adventure Sci-Fi NASA space,https://image.tmdb.org/t/p/w300/wWw2yJHQxqATtXw4roPDVuoE9Xs.jpg
4816,Zoolander (2001),Comedy,1,9398.0,3.509259259259259,324,ben stiller comedy David Bowie goofy mindless one liners Will Ferrell,Comedy ben stiller comedy David Bowie goofy mindless one liners Will Ferrell,https://image.tmdb.org/t/p/w300/qdrbSneHZjJG2Dj0hhBxzzAo4HB.jpg
4823,Serendipity (2001),"Comedy,Romance",2,9778.0,3.14,25,wedding,Comedy Romance wedding,https://image.tmdb.org/t/p/w300/4jS66Qmq2Ru5S2YzHVknGd4xJyT.jpg
4835,Coal Miner's Daughter (1980),Drama,1,16769.0,3.5,3,Loretta Lynn,Drama Loretta Lynn,https://image.tmdb.org/t/p/w300/bzHFDAdUad4QcHPi2UOqvaQKNWA.jpg
4857,Fiddler on the Roof (1971),"Drama,Musical",2,14811.0,3.8125,16,Judaism Tradition!,Drama Musical Judaism Tradition!,https://image.tmdb.org/t/p/w300/v65PHx7Q6Jx0anyNeUOX07SJic9.jpg
4874,K-PAX (2001),"Drama,Fantasy,Mystery,Sci-Fi",4,167.0,3.484848484848485,66,aliens psychiatrist,Drama Fantasy Mystery Sci-Fi aliens psychiatrist,https://image.tmdb.org/t/p/w300/tafXZX0I6rso7EyoEzfygfTqxq6.jpg
4878,Donnie Darko (2001),"Drama,Mystery,Sci-Fi,Thriller",4,141.0,3.981651376146789,3161,atmospheric cult film dreamlike hallucinatory psychological surreal time travel jake gyllenhaal mental illness psychology social commentary teen thought-provoking cerebral enigmatic mindfuck philosophy quirky weird,Drama Mystery Sci-Fi Thriller atmospheric cult film dreamlike hallucinatory psychological surreal time travel jake gyllenhaal mental illness psychology social commentary teen thought-provoking cerebral enigmatic mindfuck philosophy quirky weird,https://image.tmdb.org/t/p/w300/sv7D4vlfIH25lNjQYoXzoOFCYaz.jpg
4881,"Man Who Wasn't There, The (2001)","Crime,Drama",2,10778.0,3.735294117647059,17,Coen Brothers,Crime Drama Coen Brothers,https://image.tmdb.org/t/p/w300/lrCgt8NNMyFsfmXyXiSSCRXNH4u.jpg
4896,Harry Potter and the Sorcerer's Stone (a.k.a. Harry Potter and the Philosopher's Stone) (2001),"Adventure,Children,Fantasy",3,671.0,3.7616822429906542,749,Everything you want is here alan rickman harry potter humorous Magic Wizards,Adventure Children Fantasy Everything you want is here alan rickman harry potter humorous Magic Wizards,https://image.tmdb.org/t/p/w300/wuMc08IPKEatf9rnMNXvIDxqP4W.jpg
4902,"Devil's Backbone, The (Espinazo del diablo, El) (2001)","Drama,Fantasy,Horror,Thriller,War",5,1433.0,3.35,10,ghosts,Drama Fantasy Horror Thriller War ghosts,https://image.tmdb.org/t/p/w300/iP1z1aJzPnkP8FHg77TS7ukqoEZ.jpg
4920,"Now, Voyager (1942)","Drama,Romance",2,32847.0,3.6666666666666665,3,psychology,Drama Romance psychology,https://image.tmdb.org/t/p/w300/kWtJ1C98fQB1fUDSfqb1NGBPPK8.jpg
4963,Ocean's Eleven (2001),"Crime,Thriller",2,161.0,3.8445378151260505,119,heist,Crime Thriller heist,https://image.tmdb.org/t/p/w300/hQQCdZrsHtZyR6NbKH2YyCqd2fR.jpg
4969,And Then There Were None (1945),"Crime,Mystery",2,4886.0,3.625,4,In Netflix queue,Crime Mystery In Netflix queue,https://image.tmdb.org/t/p/w300/maV1jQZ58NZIjwRbdtmRcaW3fZo.jpg
4970,"Blue Angel, The (Blaue Engel, Der) (1930)",Drama,1,228.0,4.0,2,nightclub singers,Drama nightclub singers,https://image.tmdb.org/t/p/w300/khz2rKLAPDVu9auJt1sR1HO9SCG.jpg
4973,"Amelie (Fabuleux destin d'Amélie Poulain, Le) (2001)","Comedy,Romance",2,194.0,4.183333333333334,120,whimsical,Comedy Romance whimsical,https://image.tmdb.org/t/p/w300/nSxDa3M9aMvGVLoItzWTepQ5h5d.jpg
4979,"Royal Tenenbaums, The (2001)","Comedy,Drama",2,9428.0,3.6838235294117645,68,new york,Comedy Drama new york,https://image.tmdb.org/t/p/w300/nG7hZJn7wQTSDCQT39Gy3s3tbrp.jpg
4980,Bill & Ted's Bogus Journey (1991),"Adventure,Comedy,Fantasy,Sci-Fi",4,1649.0,3.075,20,time travel,Adventure Comedy Fantasy Sci-Fi time travel,https://image.tmdb.org/t/p/w300/tldtDfLnPFOtTWp758EmIP2Hbz5.jpg
4993,"Lord of the Rings: The Fellowship of the Ring, The (2001)","Adventure,Fantasy",2,120.0,4.106060606060606,1386,fantasy high fantasy Magic mythology tolkien wizards Tolkein,Adventure Fantasy fantasy high fantasy Magic mythology tolkien wizards Tolkein,https://image.tmdb.org/t/p/w300/6oom5QYQ2yQTMJIbnvbkBL9cHo6.jpg
4995,"Beautiful Mind, A (2001)","Drama,Romance",2,453.0,4.0,123,mathematics,Drama Romance mathematics,https://image.tmdb.org/t/p/w300/rEIg5yJdNOt9fmX4P8gU9LeNoTQ.jpg
4998,"Defiant Ones, The (1958)","Adventure,Crime,Drama,Thriller",4,11414.0,3.5,1,racism,Adventure Crime Drama Thriller racism,https://image.tmdb.org/t/p/w300/tGGNyImEXgedDjrCORbC9cTJp0X.jpg
5008,Witness for the Prosecution (1957),"Drama,Mystery,Thriller",3,37257.0,4.388888888888889,18,Agatha Christie court,Drama Mystery Thriller Agatha Christie court,https://image.tmdb.org/t/p/w300/bCj4EfuehAlgBwVd3diyWyhuuau.jpg
5012,Yentl (1983),"Drama,Musical,Romance",3,10269.0,4.0,2,cross dressing Judaism,Drama Musical Romance cross dressing Judaism,https://image.tmdb.org/t/p/w300/AcCX4tKqwP5BTfRTQEqZW3qabl3.jpg
5015,Monster's Ball (2001),"Drama,Romance",2,1365.0,3.3055555555555554,18,race,Drama Romance race,https://image.tmdb.org/t/p/w300/rQeufx98gKH4CCeVw57KT1Fd0gr.jpg
5034,"Truly, Madly, Deeply (1991)","Drama,Romance",2,18317.0,3.6666666666666665,3,Ghost,Drama Romance Ghost,https://image.tmdb.org/t/p/w300/jjLEXLTXfJPYtl31knRS8bjclf0.jpg
5064,The Count of Monte Cristo (2002),"Action,Adventure,Drama,Thriller",4,11362.0,3.828125,96,Dumas revenge remake,Action Adventure Drama Thriller Dumas revenge remake,https://image.tmdb.org/t/p/w300/ifMgDAUXVQLY4DeOu3VTTi55jSP.jpg
5088,"Going Places (Valseuses, Les) (1974)","Comedy,Crime,Drama",3,4031.0,5.0,1,irreverent,Comedy Crime Drama irreverent,https://image.tmdb.org/t/p/w300/1evmnMMSgUXORoECRwiMiqjwmN.jpg
5114,"Bad and the Beautiful, The (1952)",Drama,1,32499.0,4.0,1,movie business,Drama movie business,https://image.tmdb.org/t/p/w300/ajAXzTiPkL7JxeCRw5lQBqrKNGx.jpg
5120,Sleuth (1972),"Comedy,Mystery,Thriller",3,993.0,4.166666666666667,3,In Netflix queue,Comedy Mystery Thriller In Netflix queue,https://image.tmdb.org/t/p/w300/jAREYLUnYGwPjbQr0vs1s38QLkH.jpg
5135,Monsoon Wedding (2001),"Comedy,Romance",2,480.0,3.8333333333333335,12,India,Comedy Romance India,https://image.tmdb.org/t/p/w300/vCwkv7tYFem0tQ9Duoq2MX7T7Zd.jpg
5139,"Bad News Bears, The (1976)",Comedy,1,23479.0,3.2777777777777777,9,baseball,Comedy baseball,https://image.tmdb.org/t/p/w300/kJNXMni0ObOXLth6v9xpUhWbtrp.jpg
5213,"Oh, God! Book II (1980)",Comedy,1,38147.0,1.5,1,religion,Comedy religion,https://image.tmdb.org/t/p/w300/ihrglsyt0fOWfqOnmHbnAZGv4RZ.jpg
5224,Promises (2001),Documentary,1,38880.0,4.25,2,In Netflix queue,Documentary In Netflix queue,https://image.tmdb.org/t/p/w300/yWjOPkUjgOpSaBJu1eAJiXmM16s.jpg
5238,Return of the Secaucus 7 (1980),Drama,1,42750.0,3.5,2,In Netflix queue,Drama In Netflix queue,https://image.tmdb.org/t/p/w300/bBo5W9RcFZepBDU6NZL0z8ycNyt.jpg
5254,Blade II (2002),"Action,Horror,Thriller",3,36586.0,3.2058823529411766,68,Great movie Wesley Snipes,Action Horror Thriller Great movie Wesley Snipes,https://image.tmdb.org/t/p/w300/yDHwo3eWcMiy5LnnEnlGV9iLu9k.jpg
5266,Panic Room (2002),Thriller,1,4547.0,3.0,37,crime,Thriller crime,https://image.tmdb.org/t/p/w300/hANYbvfwxmkC9E4yY6YyJxYxlSJ.jpg
5291,Rashomon (Rashômon) (1950),"Crime,Drama,Mystery",3,548.0,3.9444444444444446,72,black and white samurai In Netflix queue,Crime Drama Mystery black and white samurai In Netflix queue,https://image.tmdb.org/t/p/w300/vL7Xw04nFMHwnvXRFCmYYAzMUvY.jpg
5294,Frailty (2001),"Crime,Drama,Thriller",3,12149.0,3.8636363636363638,11,religion,Crime Drama Thriller religion,https://image.tmdb.org/t/p/w300/jid7dyfHa6ApZSTweC3T3nllWjh.jpg
5304,"Rome, Open City (a.k.a. Open City) (Roma, città aperta) (1945)","Drama,War",2,307.0,4.0,2,In Netflix queue,Drama War In Netflix queue,https://image.tmdb.org/t/p/w300/ijGV4v8JxgbNzgEhqKdzHdaZn8a.jpg
5316,Enigma (2001),"Romance,Thriller",2,10491.0,3.142857142857143,7,World War II,Romance Thriller World War II,https://image.tmdb.org/t/p/w300/7gBFkDYBqvSzrPOWlpGTXRp97NQ.jpg
5349,Spider-Man (2002),"Action,Adventure,Sci-Fi,Thriller",4,557.0,3.540983606557377,122,superhero,Action Adventure Sci-Fi Thriller superhero,https://image.tmdb.org/t/p/w300/kjdJntyBeEvqm9w97QGBdxPptzj.jpg
5353,Butterflies Are Free (1972),"Comedy,Drama",2,55106.0,3.0,1,blind,Comedy Drama blind,https://image.tmdb.org/t/p/w300/qCBy94qp7D6tGspX3M0ZbkGPQ1g.jpg
5377,About a Boy (2002),"Comedy,Drama,Romance",3,245.0,3.715909090909091,44,Nick Hornby,Comedy Drama Romance Nick Hornby,https://image.tmdb.org/t/p/w300/qoZ1bD0q9EFqcNiEYbEigsRcNCt.jpg
5379,"Believer, The (2001)",Drama,1,4012.0,4.25,12,anti-Semitism Judaism,Drama anti-Semitism Judaism,https://image.tmdb.org/t/p/w300/doe1zmrCRCSRkC3EdalFiUZhMxn.jpg
5388,Insomnia (2002),"Action,Crime,Drama,Mystery,Thriller",5,320.0,3.303030303030303,231,Al Pacino atmospheric Hilary Swank Robin Williams insomnia thought-provoking,Action Crime Drama Mystery Thriller Al Pacino atmospheric Hilary Swank Robin Williams insomnia thought-provoking,https://image.tmdb.org/t/p/w300/riVXh3EimGO0y5dgQxEWPRy5Itg.jpg
5398,Requiem for a Heavyweight (1962),Drama,1,53229.0,4.0,2,boxing,Drama boxing,https://image.tmdb.org/t/p/w300/qUKTcUhIeFZO0ZGvjja5bx1rsMu.jpg
5404,84 Charing Cross Road (1987),"Drama,Romance",2,15677.0,4.5,3,books,Drama Romance books,https://image.tmdb.org/t/p/w300/sbImaHsRP9TpCNIi4xMizaphZhk.jpg
5445,Minority Report (2002),"Action,Crime,Mystery,Sci-Fi,Thriller",5,180.0,3.6375,120,future,Action Crime Mystery Sci-Fi Thriller future,https://image.tmdb.org/t/p/w300/ccqpHq5tk5W4ymbSbuoy4uYOxFI.jpg
5446,Rabbit-Proof Fence (2002),"Adventure,Drama",2,9555.0,3.642857142857143,7,Australia,Adventure Drama Australia,https://image.tmdb.org/t/p/w300/vs8ATIRGEEYpcByrNtJ1WyI3LeD.jpg
5450,Lovely & Amazing (2001),"Comedy,Drama,Romance",3,50035.0,3.2,10,sisterhood women,Comedy Drama Romance sisterhood women,https://image.tmdb.org/t/p/w300/4HZ7Y7N4KHapO5ylOY8BePQYC5X.jpg
5451,Pumpkin (2002),"Comedy,Drama,Romance",3,9719.0,3.0,10,disability mental illness,Comedy Drama Romance disability mental illness,https://image.tmdb.org/t/p/w300/25qW6cO2zqYBpqTw8BBIhBIUpl4.jpg
5459,Men in Black II (a.k.a. MIIB) (a.k.a. MIB 2) (2002),"Action,Comedy,Sci-Fi",3,608.0,2.959016393442623,183,crappy sequel first was much better sequel,Action Comedy Sci-Fi crappy sequel first was much better sequel,https://image.tmdb.org/t/p/w300/enA22EPyzc2WQ1VVyY7zxresQQr.jpg
5464,Road to Perdition (2002),"Crime,Drama",2,4147.0,3.520408163265306,98,cinematography Tom Hanks,Crime Drama cinematography Tom Hanks,https://image.tmdb.org/t/p/w300/loSpBeirRfTPJ3cMIqpQArstGhh.jpg
5470,The Importance of Being Earnest (1952),"Comedy,Romance",2,20324.0,4.333333333333333,3,Oscar Wilde,Comedy Romance Oscar Wilde,https://image.tmdb.org/t/p/w300/ahHp1nOjLTWBdLCofxjLYMVqqgs.jpg
5475,Z (1969),"Drama,Mystery,Thriller",3,2721.0,3.8333333333333335,3,In Netflix queue,Drama Mystery Thriller In Netflix queue,https://image.tmdb.org/t/p/w300/dFAJyFNgvOv24f2RQyI9KDxjGr3.jpg
5483,"Kid Stays in the Picture, The (2002)",Documentary,1,29047.0,3.8333333333333335,3,movie business,Documentary movie business,https://image.tmdb.org/t/p/w300/wQd4tf308KGwbUZeoDLPxgYqhiv.jpg
5498,Red Beard (Akahige) (1965),Drama,1,3780.0,4.5,1,In Netflix queue,Drama In Netflix queue,https://image.tmdb.org/t/p/w300/iYNH3Re0JSypoYaWvZtERUnNaJL.jpg
5502,Signs (2002),"Horror,Sci-Fi,Thriller",3,2675.0,3.1666666666666665,63,aliens,Horror Sci-Fi Thriller aliens,https://image.tmdb.org/t/p/w300/YtrIdrTxpRhvCnlw43dwOjfLqx.jpg
5505,"Good Girl, The (2002)","Comedy,Drama",2,9962.0,3.2083333333333335,24,adultery younger men,Comedy Drama adultery younger men,https://image.tmdb.org/t/p/w300/jpRumFobwgPzxj5YH33Wswnxdam.jpg
5527,Possession (2002),"Drama,Romance",2,30072.0,3.5,8,AS Byatt books,Drama Romance AS Byatt books,https://image.tmdb.org/t/p/w300/12z5oCy4s3GBOUrNCWvcKYBK4eI.jpg
5528,One Hour Photo (2002),"Drama,Thriller",2,9357.0,3.473684210526316,38,photography psychopaths,Drama Thriller photography psychopaths,https://image.tmdb.org/t/p/w300/fuSIN3Nq6dmaA8LZSkASpQueFO1.jpg
5548,Down and Out in Beverly Hills (1986),Comedy,1,9941.0,3.0,5,homeless,Comedy homeless,https://image.tmdb.org/t/p/w300/5bfbUsKcJD4HHFmlTcpHBI2wR2k.jpg
5577,Igby Goes Down (2002),"Comedy,Drama",2,9685.0,3.6666666666666665,12,adolescence,Comedy Drama adolescence,https://image.tmdb.org/t/p/w300/f53JBgzYESamcYT3LkUeeoSXPgi.jpg
5601,"Yearling, The (1946)","Children,Drama",2,19049.0,4.0,1,Animal movie,Children Drama Animal movie,https://image.tmdb.org/t/p/w300/4N8oYLpY82ev7waXz7zwu7Ph1o1.jpg
5603,"Lavender Hill Mob, The (1951)","Comedy,Crime",2,32961.0,4.5,4,crime heist,Comedy Crime crime heist,https://image.tmdb.org/t/p/w300/u4mZyim3CwXHu0zVhXjfK8fqoN7.jpg
5618,Spirited Away (Sen to Chihiro no kamikakushi) (2001),"Adventure,Animation,Fantasy",3,129.0,4.155172413793103,87,anime,Adventure Animation Fantasy anime,https://image.tmdb.org/t/p/w300/39wmItIWsg5sZMyRUHLkWBcuVCM.jpg
5629,Jonah: A VeggieTales Movie (2002),"Animation,Children,Musical",3,15173.0,2.0,1,Bible,Animation Children Musical Bible,https://image.tmdb.org/t/p/w300/xJ6ImpQIqZxBh4eE2813ljQ0TQ3.jpg
5630,Red Dragon (2002),"Crime,Mystery,Thriller",3,9533.0,3.435483870967742,31,Hannibal Lecter,Crime Mystery Thriller Hannibal Lecter,https://image.tmdb.org/t/p/w300/ou9ZKA2cms02b7CdCdVqGkKu0O0.jpg
5633,Heaven (2002),Drama,1,10575.0,3.75,2,bombs,Drama bombs,https://image.tmdb.org/t/p/w300/xPdtOuGtcQt655uRrmIdBkSRmVx.jpg
5644,"Pride of the Yankees, The (1942)",Drama,1,19140.0,3.5,6,baseball Lou Gehrig,Drama baseball Lou Gehrig,https://image.tmdb.org/t/p/w300/tbSMm0IAa5WgTcyoeUn7AKAViVY.jpg
5669,Bowling for Columbine (2002),Documentary,1,1430.0,3.7758620689655173,58,violence in america,Documentary violence in america,https://image.tmdb.org/t/p/w300/4XsiTsZcNCRSkee1o0fdr5OqYRT.jpg
5673,Punch-Drunk Love (2002),"Comedy,Drama,Romance",3,8051.0,3.621212121212121,429,pudding anger awkward bittersweet hallucinatory quirky sad surreal symbolism tense unconventional unique wistful,Comedy Drama Romance pudding anger awkward bittersweet hallucinatory quirky sad surreal symbolism tense unconventional unique wistful,https://image.tmdb.org/t/p/w300/htYp4yqFu4rzBEIa6j9jP8miDm3.jpg
5682,"Grey Zone, The (2001)",Drama,1,15192.0,3.25,2,Holocaust,Drama Holocaust,https://image.tmdb.org/t/p/w300/8jRsWnpciWHRy0MC7K5eMDKKqPw.jpg
5685,Real Women Have Curves (2002),"Comedy,Drama",2,30309.0,4.25,2,Girl Power,Comedy Drama Girl Power,https://image.tmdb.org/t/p/w300/ziemD3ATULYKt399FkO1ZhAwrOH.jpg
5690,Grave of the Fireflies (Hotaru no haka) (1988),"Animation,Drama,War",3,12477.0,4.15625,144,made me cry orphans beautiful downbeat grim poignant tear jerker tragedy tragic,Animation Drama War made me cry orphans beautiful downbeat grim poignant tear jerker tragedy tragic,https://image.tmdb.org/t/p/w300/k9tv1rXZbOhH7eiCk378x61kNQ1.jpg
5694,Staying Alive (1983),"Comedy,Drama,Musical",3,10805.0,2.25,2,70mm,Comedy Drama Musical 70mm,https://image.tmdb.org/t/p/w300/mFyTQt1HRlqr5SCEkuO4NoHM5B9.jpg
5747,Gallipoli (1981),"Drama,War",2,11646.0,4.285714285714286,7,World War I,Drama War World War I,https://image.tmdb.org/t/p/w300/un7VCqTmjrq3u75mQ204a8tofD4.jpg
5791,Frida (2002),"Drama,Romance",2,1360.0,3.78125,16,art,Drama Romance art,https://image.tmdb.org/t/p/w300/a4hgR6aKoohB6MHni171jbi9BkU.jpg
5792,Roger Dodger (2002),"Comedy,Drama",2,13441.0,3.6666666666666665,6,dating,Comedy Drama dating,https://image.tmdb.org/t/p/w300/koAdQdL3LUtho4nd1DWSubE7dU6.jpg
5802,"World of Henry Orient, The (1964)",Comedy,1,19662.0,4.0,1,teenagers,Comedy teenagers,https://image.tmdb.org/t/p/w300/4amE4cUpqH6TUm07UDOJMDz2xHw.jpg
5812,Far from Heaven (2002),"Drama,Romance",2,10712.0,3.8636363636363638,11,salute to Douglas Sirk,Drama Romance salute to Douglas Sirk,https://image.tmdb.org/t/p/w300/9gQuvFDRPLx39smUvyafm36tp0d.jpg
5816,Harry Potter and the Chamber of Secrets (2002),"Adventure,Fantasy",2,672.0,3.5980392156862746,204,Magic Wizards,Adventure Fantasy Magic Wizards,https://image.tmdb.org/t/p/w300/sdEOH0992YZ0QSxgXNIGLq1ToUi.jpg
5820,Standing in the Shadows of Motown (2002),"Documentary,Musical",2,30192.0,3.5,3,music business,Documentary Musical music business,https://image.tmdb.org/t/p/w300/rsOTrPTRhBgw5eWAgJISBMiIg5m.jpg
5875,Personal Velocity (2002),Drama,1,32625.0,2.5,1,short films,Drama short films,https://image.tmdb.org/t/p/w300/2Jkt0PQBU2lmSm4zQcyJBWvRGpv.jpg
5876,"Quiet American, The (2002)","Drama,Thriller,War",3,8198.0,3.9,5,Graham Greene,Drama Thriller War Graham Greene,https://image.tmdb.org/t/p/w300/nLooNNrvzpf49G7HsB9siQT4036.jpg
5878,Talk to Her (Hable con Ella) (2002),"Drama,Romance",2,64.0,4.035714285714286,14,coma,Drama Romance coma,https://image.tmdb.org/t/p/w300/fWDbQlOWOqjR5jZm98KjGyYmUOw.jpg
5899,Zulu (1964),"Action,Drama,War",3,14433.0,4.0,4,Africa,Action Drama War Africa,https://image.tmdb.org/t/p/w300/9V7tl1kIb67ZPRRNlUdy3JvqEiA.jpg
5952,"Lord of the Rings: The Two Towers, The (2002)","Adventure,Fantasy",2,121.0,4.0212765957446805,376,Myth Tolkein,Adventure Fantasy Myth Tolkein,https://image.tmdb.org/t/p/w300/5VTN0pR8gcqV3EPUHHfMGnJYN9L.jpg
5954,25th Hour (2002),"Crime,Drama",2,1429.0,3.840909090909091,44,crime nightclub,Crime Drama crime nightclub,https://image.tmdb.org/t/p/w300/uW7tTRElr2tRhmAVESzvHy4ByXg.jpg
5971,My Neighbor Totoro (Tonari no Totoro) (1988),"Animation,Children,Drama,Fantasy",4,8392.0,3.9594594594594597,37,anime,Animation Children Drama Fantasy anime,https://image.tmdb.org/t/p/w300/rtGDOeG9LzoerkDGZF9dnVeLppL.jpg
5989,Catch Me If You Can (2002),"Crime,Drama",2,640.0,3.9217391304347826,920,crime cheating intelligent Leonardo DiCaprio lies smart Tom Hanks twists & turns,Crime Drama crime cheating intelligent Leonardo DiCaprio lies smart Tom Hanks twists & turns,https://image.tmdb.org/t/p/w300/ctjEj2xM32OvBXCq8zAdK3ZrsAj.jpg
5991,Chicago (2002),"Comedy,Crime,Drama,Musical",4,1574.0,3.7244897959183674,147,court jazz murder,Comedy Crime Drama Musical court jazz murder,https://image.tmdb.org/t/p/w300/3ED8cWCXY9zkx77Sd0N5qMbsdDP.jpg
5994,Nicholas Nickleby (2002),"Drama,Romance",2,29339.0,4.0,2,Dickens,Drama Romance Dickens,https://image.tmdb.org/t/p/w300/uLilCY2We3Ore9Ke7CdafntHvmT.jpg
5995,"Pianist, The (2002)","Drama,War",2,423.0,4.108695652173913,138,holocaust true story Holocaust,Drama War holocaust true story Holocaust,https://image.tmdb.org/t/p/w300/2hFvxCCWrTmCYwfy7yum0GKRi3Y.jpg
6002,Love Liza (2002),Drama,1,15395.0,3.3333333333333335,9,drugs planes widows/widowers,Drama drugs planes widows/widowers,https://image.tmdb.org/t/p/w300/dAjQy6CpYMTZ4ClrcaeJcoT3UHa.jpg
6003,Confessions of a Dangerous Mind (2002),"Comedy,Crime,Drama,Thriller",4,4912.0,3.6,15,television,Comedy Crime Drama Thriller television,https://image.tmdb.org/t/p/w300/mM58ABMRzwn5zVx6BS7IiNK0j3F.jpg
6016,City of God (Cidade de Deus) (2002),"Action,Adventure,Crime,Drama,Thriller",5,598.0,4.1466666666666665,450,multiple storylines true story crime photography violence not seen,Action Adventure Crime Drama Thriller multiple storylines true story crime photography violence not seen,https://image.tmdb.org/t/p/w300/k7eYdWvhYQyRQoU2TB2A2Xu2TfD.jpg
6020,Alice Adams (1935),"Comedy,Drama",2,43886.0,3.5,1,class,Comedy Drama class,https://image.tmdb.org/t/p/w300/rjhJDaC7025umyBKvKHyOsocKDp.jpg
6027,Dogfight (1991),"Drama,Romance",2,14667.0,4.166666666666667,3,In Netflix queue,Drama Romance In Netflix queue,https://image.tmdb.org/t/p/w300/1sEJy723hW629jzzX8H5k5MTVMq.jpg
6031,Imitation of Life (1959),"Drama,Romance",2,34148.0,3.5,4,motherhood race,Drama Romance motherhood race,https://image.tmdb.org/t/p/w300/xt3cUn7lsjpaGuB279A4v8zAYRn.jpg
6041,Amen. (2002),Drama,1,9045.0,3.8333333333333335,3,In Netflix queue,Drama In Netflix queue,https://image.tmdb.org/t/p/w300/duNRweZ6PBpFSVNLJYexZ2XEqr0.jpg
6058,Final Destination 2 (2003),"Horror,Thriller",2,9358.0,3.05,20,sequel violent,Horror Thriller sequel violent,https://image.tmdb.org/t/p/w300/vnFgxRlLTA9fDNcGXLiHmgwmIEo.jpg
6063,May (2002),"Drama,Horror",2,10894.0,3.3333333333333335,3,doll,Drama Horror doll,https://image.tmdb.org/t/p/w300/oFXhJYTax1cnNtgvLdKlXuYiWPV.jpg
6090,Kiss Me Goodbye (1982),Comedy,1,81001.0,3.5,1,ghosts,Comedy ghosts,https://image.tmdb.org/t/p/w300/jUhCiZb4iqG5xZgy66ewCLBd1lv.jpg
6101,Missing (1982),"Drama,Mystery,Thriller",3,15600.0,4.0,3,Chile politics South America,Drama Mystery Thriller Chile politics South America,https://image.tmdb.org/t/p/w300/fAAhC4RkpXu7SJgIESWQwVxcelo.jpg
6104,Monty Python Live at the Hollywood Bowl (1982),Comedy,1,11949.0,4.166666666666667,9,spoof,Comedy spoof,https://image.tmdb.org/t/p/w300/7sQPWnIUVswWtIl35Lj3VKW3Pz0.jpg
6107,"Night of the Shooting Stars (Notte di San Lorenzo, La) (1982)","Drama,War",2,42130.0,4.0,1,World War II,Drama War World War II,https://image.tmdb.org/t/p/w300/u9QgkfHj90rr33KhjLlk5tr7bVg.jpg
6156,Shanghai Knights (2003),"Action,Adventure,Comedy",3,6038.0,3.210526315789474,19,England,Action Adventure Comedy England,https://image.tmdb.org/t/p/w300/vVNQStMlZS9mn2AKBEpadRunHgt.jpg
6157,Daredevil (2003),"Action,Crime",2,9480.0,2.5,64,bad Ben Affleck,Action Crime bad Ben Affleck,https://image.tmdb.org/t/p/w300/oCDBwSkntYamuw8VJIxMRCtDBmi.jpg
6159,All the Real Girls (2003),"Drama,Romance",2,13132.0,4.25,2,adolescence,Drama Romance adolescence,https://image.tmdb.org/t/p/w300/sQ6dMkwPIFucYSmFQcr38WBYzs.jpg
6163,He Loves Me... He Loves Me Not (À la folie... pas du tout) (2002),"Romance,Thriller",2,12112.0,4.5,1,obsession,Romance Thriller obsession,https://image.tmdb.org/t/p/w300/dW5txTgCQADtHSyl2iRIc05iANX.jpg
6170,"Black Stallion, The (1979)","Adventure,Children,Drama",3,17264.0,3.5,3,horses,Adventure Children Drama horses,https://image.tmdb.org/t/p/w300/uZtNc31LR5Ik3ZVo2jxwOvhkNRC.jpg
6178,"Patch of Blue, A (1965)","Drama,Romance",2,33364.0,4.0,3,blind blindness race,Drama Romance blind blindness race,https://image.tmdb.org/t/p/w300/9eFULnzgoLpO7lvg6FMutGRuNFg.jpg
6181,"Red Badge of Courage, The (1951)","Drama,War",2,59401.0,4.0,2,Civil War Stephen Crane,Drama War Civil War Stephen Crane,https://image.tmdb.org/t/p/w300/b7Zll2a82pffazYQ0ssXhbDZQtd.jpg
6183,Pillow Talk (1959),"Comedy,Musical,Romance",3,4952.0,3.8333333333333335,6,Day and Hudson sexuality,Comedy Musical Romance Day and Hudson sexuality,https://image.tmdb.org/t/p/w300/ugvyj5nl9QmTYuaGUTefVYBDePE.jpg
6188,Old School (2003),Comedy,1,11635.0,3.5128205128205128,78,comedy Will Ferrell,Comedy comedy Will Ferrell,https://image.tmdb.org/t/p/w300/nYtuwNHpEoIbTgS3aFPSEwZNN6l.jpg
6195,Stone Reader (2002),Documentary,1,105024.0,4.0,4,books Stones of Summer,Documentary books Stones of Summer,https://image.tmdb.org/t/p/w300/iimqHbKjtFxObekC6bJwjDHtRZa.jpg
6197,Spider (2002),"Drama,Mystery",2,9613.0,3.3333333333333335,3,mental illness,Drama Mystery mental illness,https://image.tmdb.org/t/p/w300/zvm4WuYxTiGkRagRqHUey0meRQL.jpg
6201,Lady Jane (1986),"Drama,Romance",2,21867.0,5.0,1,England,Drama Romance England,https://image.tmdb.org/t/p/w300/h0N4lG6g2r77C4yGTuvOBHhGYXP.jpg
6214,Irreversible (Irréversible) (2002),"Crime,Drama,Mystery,Thriller",4,979.0,3.888888888888889,18,dark disturbing,Crime Drama Mystery Thriller dark disturbing,https://image.tmdb.org/t/p/w300/rxeDxo8FvZpLu6iplNpxdtAVnfu.jpg
6216,Nowhere in Africa (Nirgendwo in Afrika) (2001),Drama,1,1591.0,3.75,2,World War II,Drama World War II,https://image.tmdb.org/t/p/w300/2ED1GaTKhHielGYa1giBsxfoacp.jpg
6218,Bend It Like Beckham (2002),"Comedy,Drama,Romance",3,455.0,3.3,40,soccer,Comedy Drama Romance soccer,https://image.tmdb.org/t/p/w300/2dzSBmFWWqt8NbnubJKIWU21Y86.jpg
6228,"Talk of the Town, The (1942)","Comedy,Romance,Thriller",3,23159.0,4.0,1,In Netflix queue,Comedy Romance Thriller In Netflix queue,https://image.tmdb.org/t/p/w300/naMSxieb5cD1bGCu0rZ7zLJ6mtA.jpg
6232,Born Free (1966),"Adventure,Children,Drama",3,15347.0,4.0,2,animal movie lions,Adventure Children Drama animal movie lions,https://image.tmdb.org/t/p/w300/xI5BkObQm7UtYEFTw7ZmiDGF7gT.jpg
6235,Europa Europa (Hitlerjunge Salomon) (1990),"Drama,War",2,8996.0,4.333333333333333,6,Holocaust World War II,Drama War Holocaust World War II,https://image.tmdb.org/t/p/w300/CCaA0tjLNjwFfi34XsouCy9Lm6.jpg
6238,Green Card (1990),"Comedy,Drama,Romance",3,12157.0,2.8333333333333335,9,immigrants,Comedy Drama Romance immigrants,https://image.tmdb.org/t/p/w300/9UweLsv3pCORu25Uq72m2IBkKaK.jpg
6242,Ringu (Ring) (1998),"Horror,Mystery,Thriller",3,2671.0,3.4545454545454546,11,television,Horror Mystery Thriller television,https://image.tmdb.org/t/p/w300/1YINof6kN5yRdePEbcU5360ejoq.jpg
6244,Salaam Bombay! (1988),Drama,1,45129.0,3.5,2,In Netflix queue,Drama In Netflix queue,https://image.tmdb.org/t/p/w300/405GFXA7NKwVxqP9WHD5RaKZ84C.jpg
6245,Sweet Charity (1969),"Comedy,Drama,Musical,Romance",4,42618.0,3.5,1,prostitution,Comedy Drama Musical Romance prostitution,https://image.tmdb.org/t/p/w300/dP8BRQ7VBj9K0MsKJbt3FehUU6S.jpg
6254,"Awful Truth, The (1937)","Comedy,Romance",2,14675.0,4.75,2,screwball,Comedy Romance screwball,https://image.tmdb.org/t/p/w300/2VtsJoxvjpcMpwh0gweS8IMfHxO.jpg
6268,Raising Victor Vargas (2002),"Comedy,Drama,Romance",3,25461.0,3.75,2,adolescence,Comedy Drama Romance adolescence,https://image.tmdb.org/t/p/w300/cMHMtMBca8VNxjYICc1WHK1Qqe5.jpg
6269,Stevie (2002),Documentary,1,51927.0,4.25,2,Big Brothers,Documentary Big Brothers,https://image.tmdb.org/t/p/w300/67TAylTWoysC2ffqVO18do0rwEE.jpg
6273,In a Lonely Place (1950),"Drama,Film-Noir,Mystery,Romance",4,17057.0,3.5,1,L.A.,Drama Film-Noir Mystery Romance L.A.,https://image.tmdb.org/t/p/w300/vbdgtwzLOpE6MppZlyYChMagvQq.jpg
6281,Phone Booth (2002),"Drama,Thriller",2,1817.0,3.140625,32,crime,Drama Thriller crime,https://image.tmdb.org/t/p/w300/r6lIwPKVDa6Q76qH2TbIBqPhXL3.jpg
6283,Cowboy Bebop: The Movie (Cowboy Bebop: Tengoku no Tobira) (2001),"Action,Animation,Sci-Fi,Thriller",4,11299.0,3.9,60,amazing artwork anime sci-fi,Action Animation Sci-Fi Thriller amazing artwork anime sci-fi,https://image.tmdb.org/t/p/w300/34H5bsNc0EPILVr49TfOYXj50qV.jpg
6286,"Man Without a Past, The (Mies vailla menneisyyttä) (2002)","Comedy,Crime,Drama",3,7294.0,3.875,4,amnesia,Comedy Crime Drama amnesia,https://image.tmdb.org/t/p/w300/9tBepCujkyNg1qM52MsaJfDkIRw.jpg
6288,Better Luck Tomorrow (2002),"Crime,Drama",2,14290.0,3.875,4,gangs,Crime Drama gangs,https://image.tmdb.org/t/p/w300/alJULQQnuiYXjgVmj2EYgwXOcIn.jpg
6289,Ghosts of the Abyss (2003),"Documentary,IMAX",2,24982.0,3.5,1,Titanic,Documentary IMAX Titanic,https://image.tmdb.org/t/p/w300/aSht7L9Mnr1zc4hDJTOwPuTfnV8.jpg
6290,House of 1000 Corpses (2003),Horror,1,2662.0,2.7142857142857144,7,Rob Zombie,Horror Rob Zombie,https://image.tmdb.org/t/p/w300/29c2qgXmSREosLBevOILEuMWzQC.jpg
6291,Lilya 4-Ever (Lilja 4-ever) (2002),"Crime,Drama",2,12093.0,3.5,12,prostitution Depressing melancholy sad,Crime Drama prostitution Depressing melancholy sad,https://image.tmdb.org/t/p/w300/5i1uhvcdv2Iogx0Bb1znvUmkCvN.jpg
6296,"Mighty Wind, A (2003)","Comedy,Musical",2,13370.0,3.75,14,mockumentary,Comedy Musical mockumentary,https://image.tmdb.org/t/p/w300/5wUYwAD75BxtJ0Mp4da6XzHIFex.jpg
6297,Holes (2003),"Adventure,Children,Comedy,Mystery",4,8326.0,3.425,20,children,Adventure Children Comedy Mystery children,https://image.tmdb.org/t/p/w300/o2Dm2mcE1qW8vT0bpsJO5OMBbqa.jpg
6299,"Winged Migration (Peuple migrateur, Le) (2001)",Documentary,1,11516.0,3.5,9,birds,Documentary birds,https://image.tmdb.org/t/p/w300/qjv7cYLSufwf03So0SuRFU7sRxB.jpg
6305,Fahrenheit 451 (1966),"Drama,Sci-Fi",2,1714.0,3.6,10,Ray Bradbury,Drama Sci-Fi Ray Bradbury,https://image.tmdb.org/t/p/w300/k2CTpexoS9MO9lKVFfnzwVdJuM.jpg
6308,Legal Eagles (1986),"Comedy,Crime,Romance",3,9930.0,2.625,4,lawyers,Comedy Crime Romance lawyers,https://image.tmdb.org/t/p/w300/RH9bXtsxy12YKXqvAwKd5XmGvq.jpg
6323,Identity (2003),"Crime,Horror,Mystery,Thriller",4,2832.0,3.6818181818181817,22,John Cusack,Crime Horror Mystery Thriller John Cusack,https://image.tmdb.org/t/p/w300/sYgimsiBywqVwJI8H4sETke8m7v.jpg
6327,"Decade Under the Influence, A (2003)",Documentary,1,38868.0,3.5,6,1970s movies,Documentary 1970s movies,https://image.tmdb.org/t/p/w300/uzt9AkMIxm84IStnjU1hB4o3bWG.jpg
6331,Spellbound (2002),Documentary,1,16636.0,3.923076923076923,13,spelling bee,Documentary spelling bee,https://image.tmdb.org/t/p/w300/whPFGfqZayYOU5f5mx0GdXZOgpi.jpg
6333,X2: X-Men United (2003),"Action,Adventure,Sci-Fi,Thriller",4,36658.0,3.723684210526316,380,Jean Grey Magneto Rogue superhero Wolverine,Action Adventure Sci-Fi Thriller Jean Grey Magneto Rogue superhero Wolverine,https://image.tmdb.org/t/p/w300/bst4alFUXCxISwdRUKSMhhkrX1M.jpg
6334,Blue Car (2002),Drama,1,46989.0,3.5,3,teachers,Drama teachers,https://image.tmdb.org/t/p/w300/6xld6dA6rlctR9mUtcVRigZTfu5.jpg
6337,Owning Mahowny (2003),"Crime,Drama,Thriller",3,15394.0,3.5,4,gambling,Crime Drama Thriller gambling,https://image.tmdb.org/t/p/w300/xQYKqpN6fD7Dc7Vu8xnShHPKDwe.jpg
6339,"Man on the Train (Homme du train, L') (2002)","Comedy,Drama",2,22016.0,3.875,4,trains,Comedy Drama trains,https://image.tmdb.org/t/p/w300/3npd5xuegtcYc6HPt5NgdB27sRA.jpg
6341,"Shape of Things, The (2003)",Drama,1,22958.0,3.25,4,art,Drama art,https://image.tmdb.org/t/p/w300/iETHZRRlr9WCgx3W8hoOp7gvOn2.jpg
6350,Laputa: Castle in the Sky (Tenkû no shiro Rapyuta) (1986),"Action,Adventure,Animation,Children,Fantasy,Sci-Fi",6,10515.0,4.0625,24,anime,Action Adventure Animation Children Fantasy Sci-Fi anime,https://image.tmdb.org/t/p/w300/41XxSsJc5OrulP0m7TrrUeO2hoz.jpg
6367,Down with Love (2003),"Comedy,Romance",2,10720.0,2.9,30,Ewan McGregor Renee Zellweger retro,Comedy Romance Ewan McGregor Renee Zellweger retro,https://image.tmdb.org/t/p/w300/74lG2SGDJdyiS8hB4kkFcRIviSi.jpg
6368,Cinemania (2002),Documentary,1,51230.0,4.0,4,movies,Documentary movies,https://image.tmdb.org/t/p/w300/yDxDCCxuyDx6MrJkLqZwcvPWamq.jpg
6373,Bruce Almighty (2003),"Comedy,Drama,Fantasy,Romance",4,310.0,3.316901408450704,142,religion classic,Comedy Drama Fantasy Romance religion classic,https://image.tmdb.org/t/p/w300/wqkWrOFtYnZSvIMu8Lsmz7WIvKC.jpg
6375,Gigantic (A Tale of Two Johns) (2002),Documentary,1,30055.0,4.0,8,In Netflix queue They Might Be Giants,Documentary In Netflix queue They Might Be Giants,https://image.tmdb.org/t/p/w300/wUeGidITxUr4lm4q2MgooXft8s3.jpg
6377,Finding Nemo (2003),"Adventure,Animation,Children,Comedy",4,12.0,3.9609929078014185,423,Disney fish heartwarming,Adventure Animation Children Comedy Disney fish heartwarming,https://image.tmdb.org/t/p/w300/5lc6nQc0VhWFYFbNv016xze8Jvy.jpg
6378,"Italian Job, The (2003)","Action,Crime",2,9654.0,3.6186440677966103,59,heist,Action Crime heist,https://image.tmdb.org/t/p/w300/eSkjK4kctyrWpFhxl35GPvSs6tI.jpg
6380,Capturing the Friedmans (2003),Documentary,1,2260.0,3.9285714285714284,7,child abuse,Documentary child abuse,https://image.tmdb.org/t/p/w300/429t6nh7M8cg29CtgXAjvwWe1Dv.jpg
6385,Whale Rider (2002),Drama,1,1088.0,3.75,14,Girl Power,Drama Girl Power,https://image.tmdb.org/t/p/w300/cVBZQZq091KtwBm2qObOv0JTFcH.jpg
6390,Silk Stockings (1957),Musical,1,43239.0,3.5,1,Ninotchka remake,Musical Ninotchka remake,https://image.tmdb.org/t/p/w300/kuV34rCOrcDt6Ii3149AlJs9bpM.jpg
6400,Murder on a Sunday Morning (Un coupable idéal) (2001),Documentary,1,51391.0,3.5,2,documentary crime,Documentary documentary crime,https://image.tmdb.org/t/p/w300/vFl8G6VSVcStLLKbH0KzipYjISe.jpg
6407,"Walk, Don't Run (1966)","Comedy,Romance",2,38720.0,2.0,2,Olympics Tokyo,Comedy Romance Olympics Tokyo,https://image.tmdb.org/t/p/w300/cdgTjp6blLr4AR48a6fT2q3dN2e.jpg
6422,Shenandoah (1965),"Drama,War,Western",3,21027.0,4.0,1,Civil War,Drama War Western Civil War,https://image.tmdb.org/t/p/w300/jAB8UFwpoKPdgJlCuYZiF1hyn9E.jpg
6440,Barton Fink (1991),"Drama,Thriller",2,290.0,4.035714285714286,14,movie business,Drama Thriller movie business,https://image.tmdb.org/t/p/w300/oDkp5iClJ9WKJGtKHz8BydodHC3.jpg
6452,"Long, Hot Summer, The (1958)",Drama,1,40085.0,4.0,1,In Netflix queue,Drama In Netflix queue,https://image.tmdb.org/t/p/w300/nWQddN7kfkVqSimb4SQc35gNUnP.jpg
6454,Music Box (1989),Drama,1,2263.0,3.5,1,Nazis,Drama Nazis,https://image.tmdb.org/t/p/w300/iHumUQOIJWWx6x77fOcB2PVBu53.jpg
6466,Mississippi Masala (1991),"Drama,Romance",2,41791.0,3.5,3,In Netflix queue,Drama Romance In Netflix queue,https://image.tmdb.org/t/p/w300/b2Gks4Stt98FRI5isaL6Wu1luhh.jpg
6502,28 Days Later (2002),"Action,Horror,Sci-Fi",3,170.0,3.9741379310344827,116,zombies,Action Horror Sci-Fi zombies,https://image.tmdb.org/t/p/w300/sQckQRt17VaWbo39GIu0TMOiszq.jpg
6515,You Only Live Once (1937),"Crime,Film-Noir",2,52758.0,4.5,1,fugitive,Crime Film-Noir fugitive,https://image.tmdb.org/t/p/w300/v8LSkezS7MvSk88SD6JbPO6VobD.jpg
6516,Anastasia (1956),Drama,1,38171.0,3.5,1,In Netflix queue,Drama In Netflix queue,https://image.tmdb.org/t/p/w300/26wHOXNt4XNn2lYT8i8pWx1JOP0.jpg
6534,Hulk (2003),"Action,Adventure,Sci-Fi",3,1927.0,2.5606060606060606,132,dogs Eric Bana mad scientist marvel,Action Adventure Sci-Fi dogs Eric Bana mad scientist marvel,https://image.tmdb.org/t/p/w300/UllIft2jLSBaay3zQyMV4GNdfy.jpg
6535,"Legally Blonde 2: Red, White & Blonde (2003)",Comedy,1,10327.0,2.409090909090909,11,politics,Comedy politics,https://image.tmdb.org/t/p/w300/4kC0UGTuJgFnlZq2ZM6OiY7nuY8.jpg
6536,Sinbad: Legend of the Seven Seas (2003),"Adventure,Animation,Children,Fantasy",4,14411.0,3.6666666666666665,6,swashbuckler,Adventure Animation Children Fantasy swashbuckler,https://image.tmdb.org/t/p/w300/yiW2L1fDiBT7AeWXrykhTNtPrr8.jpg
6539,Pirates of the Caribbean: The Curse of the Black Pearl (2003),"Action,Adventure,Comedy,Fantasy",4,22.0,3.778523489932886,149,swashbuckler,Action Adventure Comedy Fantasy swashbuckler,https://image.tmdb.org/t/p/w300/kvDwL2gTf6yxujbsWbsGQB3Z9Wa.jpg
6541,"League of Extraordinary Gentlemen, The (a.k.a. LXG) (2003)","Action,Fantasy,Sci-Fi",3,8698.0,2.625,192,captain nemo comic book gothic Peta Wilson Sean Connery superhero,Action Fantasy Sci-Fi captain nemo comic book gothic Peta Wilson Sean Connery superhero,https://image.tmdb.org/t/p/w300/kdAuVFP63XXxnb983ry2pLCKd9S.jpg
6545,I Capture the Castle (2003),"Drama,Romance",2,17920.0,4.5,1,Dodie Smith,Drama Romance Dodie Smith,https://image.tmdb.org/t/p/w300/fGV45q9gyysfp9SdoqrrReVxC9a.jpg
6547,Northfork (2003),"Drama,Fantasy",2,32235.0,2.25,2,flood,Drama Fantasy flood,https://image.tmdb.org/t/p/w300/jb3qheP75UgVibpnfubotrBDY5v.jpg
6552,Dirty Pretty Things (2002),"Crime,Drama,Thriller",3,3472.0,3.625,12,immigration,Crime Drama Thriller immigration,https://image.tmdb.org/t/p/w300/nWpXOqB1STDq8ji3rQawcg1fGS9.jpg
6564,Lara Croft Tomb Raider: The Cradle of Life (2003),"Action,Adventure,Comedy,Romance,Thriller",5,1996.0,2.6470588235294117,51,adventure Angelina Jolie heroine in tight suit,Action Adventure Comedy Romance Thriller adventure Angelina Jolie heroine in tight suit,https://image.tmdb.org/t/p/w300/ylIEGeAr2ygSClK4FDj9mi2Ah22.jpg
6565,Seabiscuit (2003),Drama,1,4464.0,3.6944444444444446,18,horses,Drama horses,https://image.tmdb.org/t/p/w300/5m7NfZvxYsSm2YBCJ2VPQf8ziKr.jpg
6579,"One, Two, Three (1961)",Comedy,1,430.0,4.0,2,Japan,Comedy Japan,https://image.tmdb.org/t/p/w300/yWQE227ub1frfnjP5HZy0wLF0wu.jpg
6591,"Magdalene Sisters, The (2002)",Drama,1,8094.0,4.333333333333333,6,religion,Drama religion,https://image.tmdb.org/t/p/w300/akOnyPsfzcDvCwP3lzY35i2NIha.jpg
6592,"Secret Lives of Dentists, The (2002)",Drama,1,26195.0,4.0,1,marriage,Drama marriage,https://image.tmdb.org/t/p/w300/aIUL0GeTgKdOnAq1hly19vjjRQt.jpg
6603,"Double Life, A (1947)","Crime,Drama,Film-Noir",3,41206.0,2.5,1,Othello,Crime Drama Film-Noir Othello,https://image.tmdb.org/t/p/w300/rYa7JZN5PnpxXpR4oXAcefP9YXa.jpg
6609,"Gospel According to St. Matthew, The (Vangelo secondo Matteo, Il) (1964)",Drama,1,24192.0,3.5,1,Bible,Drama Bible,https://image.tmdb.org/t/p/w300/oifi2CQkKbb6Y2x6J5K6CjaKab9.jpg
6620,American Splendor (2003),"Comedy,Drama",2,2771.0,3.8333333333333335,18,cancer,Comedy Drama cancer,https://image.tmdb.org/t/p/w300/rPLMxuk82AiqDiwEUVJ6E7WpjYs.jpg
6636,"Sure Thing, The (1985)","Comedy,Romance",2,8992.0,3.75,4,road trip,Comedy Romance road trip,https://image.tmdb.org/t/p/w300/a9cuohQn5kczi4htWZAZjEZvXkZ.jpg
6639,Wait Until Dark (1967),"Drama,Thriller",2,11206.0,3.4285714285714284,7,blindness,Drama Thriller blindness,https://image.tmdb.org/t/p/w300/cNW3ewCB52KkxzSE47PcE5Bqvmr.jpg
6650,Kind Hearts and Coronets (1949),"Comedy,Drama",2,11898.0,3.3333333333333335,9,family multiple roles murder,Comedy Drama family multiple roles murder,https://image.tmdb.org/t/p/w300/eBvpyRjD3DcCsWgdV6Y9oqPS7dO.jpg
6660,"Red Shoes, The (1948)","Drama,Fantasy,Musical,Romance",4,19542.0,3.5,1,ballet,Drama Fantasy Musical Romance ballet,https://image.tmdb.org/t/p/w300/vPvpBWFWDvEXuQBkoYgA6A89GVp.jpg
6662,"Pink Panther, The (1963)","Comedy,Crime",2,936.0,3.4545454545454546,11,Clousseau,Comedy Crime Clousseau,https://image.tmdb.org/t/p/w300/aCjJ0sKayks2uL7MJBzdp2i67NI.jpg
6667,Waco: The Rules of Engagement (1997),Documentary,1,34044.0,3.5,1,FBI,Documentary FBI,https://image.tmdb.org/t/p/w300/wJkMYVedNcwK7tzWL7k7Jp6tUPr.jpg
6669,Ikiru (1952),Drama,1,3782.0,3.4166666666666665,30,terminal illness meditative philosophical poignant purposefulness,Drama terminal illness meditative philosophical poignant purposefulness,https://image.tmdb.org/t/p/w300/dgNTS4EQDDVfkzJI5msKuHu2Ei3.jpg
6708,Matchstick Men (2003),"Comedy,Crime,Drama",3,7270.0,3.7205882352941178,68,con men fatherhood,Comedy Crime Drama con men fatherhood,https://image.tmdb.org/t/p/w300/cIWQzIoWOvx0piZM0UpiHMhzHWW.jpg
6710,Dummy (2002),"Comedy,Drama,Romance",3,17906.0,3.625,4,vertriloquism,Comedy Drama Romance vertriloquism,https://image.tmdb.org/t/p/w300/ii8h0p26vhp4G6x5Hw86ka3ys45.jpg
6711,Lost in Translation (2003),"Comedy,Drama,Romance",3,153.0,4.033783783783784,148,atmospheric Japan,Comedy Drama Romance atmospheric Japan,https://image.tmdb.org/t/p/w300/3jCLmYDIIiSMPujbwygNpqdpM8N.jpg
6713,Millennium Actress (Sennen joyû) (2001),"Animation,Drama,Romance",3,33320.0,3.8,5,In Netflix queue,Animation Drama Romance In Netflix queue,https://image.tmdb.org/t/p/w300/p44UXOFBCY5xbpCKEsWpi4filCD.jpg
6724,Paper Moon (1973),"Comedy,Crime,Drama",3,11293.0,3.6,5,In Netflix queue,Comedy Crime Drama In Netflix queue,https://image.tmdb.org/t/p/w300/7fZZwQYFV3hN2KBPI0Y1BlvzF2T.jpg
6732,"Hello, Dolly! (1969)","Comedy,Musical,Romance",3,14030.0,3.75,2,matchmaker,Comedy Musical Romance matchmaker,https://image.tmdb.org/t/p/w300/aPZOt9BR3gnk1RyX924ySq81S4P.jpg
6744,Once Bitten (1985),"Comedy,Horror",2,19064.0,2.25,4,vampire,Comedy Horror vampire,https://image.tmdb.org/t/p/w300/eK3dxRrMQGpZ1kLD9wdyOI8urFZ.jpg
6753,Secondhand Lions (2003),"Children,Comedy,Drama",3,13156.0,3.5,12,Animal movie,Children Comedy Drama Animal movie,https://image.tmdb.org/t/p/w300/mYIMMAma7DCACRfiGhHAybPAdKa.jpg
6768,Luther (2003),Drama,1,5653.0,4.0,1,religion,Drama religion,https://image.tmdb.org/t/p/w300/5Z3wlA8sKdd3tPTZW8N1q3YEd5f.jpg
6770,My Life Without Me (2003),"Drama,Romance",2,20.0,3.5,4,adultery terminal illness,Drama Romance adultery terminal illness,https://image.tmdb.org/t/p/w300/pFEtVPW88pWflYV84UFL0h1iJr3.jpg
6773,"Triplets of Belleville, The (Les triplettes de Belleville) (2003)","Animation,Comedy,Fantasy",3,9662.0,3.7045454545454546,22,biking,Animation Comedy Fantasy biking,https://image.tmdb.org/t/p/w300/enw6C4fDw88g0nOQgIJXjgH3NHi.jpg
6776,Lagaan: Once Upon a Time in India (2001),"Comedy,Drama,Musical,Romance",4,19666.0,4.166666666666667,3,India,Comedy Drama Musical Romance India,https://image.tmdb.org/t/p/w300/yNX9lFRAFeNLNRIXdqZK9gYrYKa.jpg
6785,Seven Brides for Seven Brothers (1954),"Comedy,Musical,Romance,Western",4,16563.0,3.75,4,Lonesome Polecat,Comedy Musical Romance Western Lonesome Polecat,https://image.tmdb.org/t/p/w300/hysjTnPNuO6OHWGjEorYSwwusbk.jpg
6786,Kiss of the Spider Woman (1985),Drama,1,11703.0,3.875,4,In Netflix queue,Drama In Netflix queue,https://image.tmdb.org/t/p/w300/lbrn4gOjYKrLrINn3uUJRlV2NZO.jpg
6787,All the President's Men (1976),"Drama,Thriller",2,891.0,4.018518518518518,81,journalism Watergate Deep Throat,Drama Thriller journalism Watergate Deep Throat,https://image.tmdb.org/t/p/w300/cPtSHR7D2WGsDBfnC5DxV927hKn.jpg
6788,Angie (1994),"Comedy,Drama,Romance",3,83714.0,2.0,1,pregnancy,Comedy Drama Romance pregnancy,https://image.tmdb.org/t/p/w300/A7B8snyynp1iOBYiGx76V3TOdKq.jpg
6791,Babette's Feast (Babettes gæstebud) (1987),Drama,1,11832.0,4.4,5,Food,Drama Food,https://image.tmdb.org/t/p/w300/3ibptSbnAHd0SUBnOKapNZQBpCl.jpg
6807,Monty Python's The Meaning of Life (1983),Comedy,1,4543.0,3.95,40,british comedy,Comedy british comedy,https://image.tmdb.org/t/p/w300/9yavZ9WgEZIpWi2EbVW8At9RPdo.jpg
6810,Sleeping with the Enemy (1991),"Drama,Thriller",2,7442.0,2.5,5,domestic violence,Drama Thriller domestic violence,https://image.tmdb.org/t/p/w300/zaUkndJP8IClB1gMsbw13PoVeLS.jpg
6818,Come and See (Idi i smotri) (1985),"Drama,War",2,25237.0,5.0,10,atmospheric bleak disturbing gritty harsh,Drama War atmospheric bleak disturbing gritty harsh,https://image.tmdb.org/t/p/w300/qNbMsKVzigERgJUbwf8pKyZogpb.jpg
6820,Ginger Snaps (2000),"Drama,Horror,Thriller",3,9871.0,4.0,6,werewolf,Drama Horror Thriller werewolf,https://image.tmdb.org/t/p/w300/ozohDiJd7Oi65NEf8B0ya7lR9Fr.jpg
6832,Regarding Henry (1991),Drama,1,11364.0,3.6,5,amnesia,Drama amnesia,https://image.tmdb.org/t/p/w300/1gyViKAIpy1jAcM3B17iXNbiHrh.jpg
6852,In Cold Blood (1967),"Crime,Drama",2,18900.0,3.625,20,black and white Capote crime death penalty murder,Crime Drama black and white Capote crime death penalty murder,https://image.tmdb.org/t/p/w300/sPEvsif5Y70mfVvtU39iOyrVJdF.jpg
6856,Yankee Doodle Dandy (1942),"Drama,Musical",2,3087.0,4.0,2,biopic,Drama Musical biopic,https://image.tmdb.org/t/p/w300/cqLLIyJFjLr6jGOxWVEHG11WGzB.jpg
6863,School of Rock (2003),"Comedy,Musical",2,1584.0,3.4015151515151514,66,school,Comedy Musical school,https://image.tmdb.org/t/p/w300/zXLXaepIBvFVLU25DH3wv4IPSbe.jpg
6867,"Station Agent, The (2003)","Comedy,Drama",2,2056.0,3.5833333333333335,12,trains,Comedy Drama trains,https://image.tmdb.org/t/p/w300/kjJg6eJa9I9flfHaJG67ecEv8YX.jpg
6870,Mystic River (2003),"Crime,Drama,Mystery",3,322.0,3.7115384615384617,104,child abuse kidnapping,Crime Drama Mystery child abuse kidnapping,https://image.tmdb.org/t/p/w300/hCHVDbo6XJGj3r2i4hVjKhE0GKF.jpg
6874,Kill Bill: Vol. 1 (2003),"Action,Crime,Thriller",3,24.0,3.9618320610687023,262,martial arts revenge,Action Crime Thriller martial arts revenge,https://image.tmdb.org/t/p/w300/v7TaX8kXMXs5yFFGR41guUDNcnB.jpg
6881,Pieces of April (2003),"Comedy,Drama",2,1550.0,3.0714285714285716,7,Thanksgiving,Comedy Drama Thanksgiving,https://image.tmdb.org/t/p/w300/qm3jGZwz2UkwwEFEFzSot8T0pz1.jpg
6890,Elephant (2003),Drama,1,1807.0,3.5555555555555554,18,adolescence violence in america,Drama adolescence violence in america,https://image.tmdb.org/t/p/w300/1a4VU9z2hxEvugHMK7VsobB9xTX.jpg
6909,"Eye, The (Gin gwai) (Jian gui) (2002)",Thriller,1,10389.0,3.25,2,transplants,Thriller transplants,https://image.tmdb.org/t/p/w300/ux5xsVRBwusVrmOTlhV9zRhu93d.jpg
6912,You'll Never Get Rich (1941),"Comedy,Musical,Romance",3,28658.0,3.5,1,Rita Hayworth can dance!,Comedy Musical Romance Rita Hayworth can dance!,https://image.tmdb.org/t/p/w300/6sdGOX0R1OVVT93kcZHz8xmOLOg.jpg
6918,"Unvanquished, The (Aparajito) (1957)",Drama,1,897.0,3.75,2,India,Drama India,https://image.tmdb.org/t/p/w300/qvR2Qs42WHwCEcuwhQnterU3gVY.jpg
6932,Shattered Glass (2003),"Crime,Drama",2,13537.0,3.5,7,journalism,Crime Drama journalism,https://image.tmdb.org/t/p/w300/1KHHNkrf8t15sXXF9d9TGq1T9jv.jpg
6936,Elf (2003),"Children,Comedy,Fantasy",3,10719.0,3.6923076923076925,39,christmas,Children Comedy Fantasy christmas,https://image.tmdb.org/t/p/w300/oOleziEempUPu96jkGs0Pj6tKxj.jpg
6938,Billabong Odyssey (2003),Documentary,1,23995.0,4.0,2,big wave surfing,Documentary big wave surfing,https://image.tmdb.org/t/p/w300/xMk6AQCjiBAva8ufU3vpCTQkM0r.jpg
6944,Father of the Bride (1991),Comedy,1,11846.0,3.5,26,remake wedding,Comedy remake wedding,https://image.tmdb.org/t/p/w300/bU7HzJbJpY5OiLdqWhKSqGPtYii.jpg
6948,Tupac: Resurrection (2003),Documentary,1,21525.0,4.0,2,music business rap,Documentary music business rap,https://image.tmdb.org/t/p/w300/dGJxjq8npqFZtuAtGsyjntip7uh.jpg
6953,21 Grams (2003),"Crime,Drama,Mystery,Romance,Thriller",5,470.0,3.3,25,DEPRESSING,Crime Drama Mystery Romance Thriller DEPRESSING,https://image.tmdb.org/t/p/w300/wZ0l6or5juuVWqDkLEgaghs4f9l.jpg
6963,Devil's Playground (2002),Documentary,1,30068.0,4.25,2,Amish,Documentary Amish,https://image.tmdb.org/t/p/w300/5bOMMSTIDv2YiWP7v3yOr3hHWzx.jpg
6970,Desk Set (1957),"Comedy,Romance",2,24203.0,3.75,2,Hepburn and Tracy,Comedy Romance Hepburn and Tracy,https://image.tmdb.org/t/p/w300/9gFerTRUGkIFn41mb3B1wb8ohtj.jpg
6979,WarGames (1983),"Drama,Sci-Fi,Thriller",3,860.0,3.3095238095238093,21,Cold War,Drama Sci-Fi Thriller Cold War,https://image.tmdb.org/t/p/w300/zZ1rN4LoPxKNfAp67Xl300WxVeD.jpg
6981,"Ordet (Word, The) (1955)",Drama,1,48035.0,3.75,2,religion,Drama religion,https://image.tmdb.org/t/p/w300/c9Oef9uQEuadZlnvv8hphRmTIgx.jpg
6984,"Tale of Two Cities, A (1935)",Drama,1,17831.0,4.0,1,Dickens,Drama Dickens,https://image.tmdb.org/t/p/w300/mO8ezngn6ZYqpCQuhXUSEtDDwos.jpg
6985,"Passion of Joan of Arc, The (Passion de Jeanne d'Arc, La) (1928)",Drama,1,780.0,3.9,5,saint,Drama saint,https://image.tmdb.org/t/p/w300/tAgV9yxY6AC1bsPt3qJJQpD4s8.jpg
6993,Hannah and Her Sisters (1986),"Comedy,Drama,Romance",3,5143.0,3.769230769230769,13,family,Comedy Drama Romance family,https://image.tmdb.org/t/p/w300/gARgIRb2QFRFVrsziwWE389u1pK.jpg
7013,"Night of the Hunter, The (1955)","Drama,Film-Noir,Thriller",3,3112.0,4.0,7,good and evil,Drama Film-Noir Thriller good and evil,https://image.tmdb.org/t/p/w300/rBka0nFWiHxabHRLr0KfIA8Yiaq.jpg
7018,Presumed Innocent (1990),"Crime,Drama,Thriller",3,11092.0,3.9,10,court Scott Turow,Crime Drama Thriller court Scott Turow,https://image.tmdb.org/t/p/w300/jSPWptOsqU1nxXQe6muSPB0kD3c.jpg
7022,Battle Royale (Batoru rowaiaru) (2000),"Action,Drama,Horror,Thriller",4,3176.0,3.933333333333333,300,based on a book bloody brutal controversial dystopia goretastic satire social commentary survival violence,Action Drama Horror Thriller based on a book bloody brutal controversial dystopia goretastic satire social commentary survival violence,https://image.tmdb.org/t/p/w300/aLGKAQKgzWpJ6egyWzzC11jXBRJ.jpg
7023,"Wedding Banquet, The (Xi yan) (1993)","Comedy,Drama,Romance",3,9261.0,4.5,1,In Netflix queue,Comedy Drama Romance In Netflix queue,https://image.tmdb.org/t/p/w300/arWCA8lg0rbdlwHUMvI46LNDhnL.jpg
7024,"Salo, or The 120 Days of Sodom (Salò o le 120 giornate di Sodoma) (1976)",Drama,1,5336.0,3.6666666666666665,21,bleak confrontational disturbing harsh haunting inhumane thought-provoking,Drama bleak confrontational disturbing harsh haunting inhumane thought-provoking,https://image.tmdb.org/t/p/w300/xnaDdiRfZlJaTf6JRc4in40eaeI.jpg
7025,"Midnight Clear, A (1992)","Drama,War",2,23908.0,3.75,2,In Netflix queue,Drama War In Netflix queue,https://image.tmdb.org/t/p/w300/cOLBAnK2PvHxwjdEHQl4n3pZI14.jpg
7049,Flying Down to Rio (1933),"Comedy,Musical,Romance",3,28293.0,3.0,1,Astaire and Rogers,Comedy Musical Romance Astaire and Rogers,https://image.tmdb.org/t/p/w300/zKBXy84eN6tgwXaYsiFSCgq0GBc.jpg
7050,Follow the Fleet (1936),"Comedy,Musical,Romance",3,28292.0,3.75,2,Astaire and Rogers,Comedy Musical Romance Astaire and Rogers,https://image.tmdb.org/t/p/w300/8crR3tx6JapNwH4WcrxDkOaDkRE.jpg
7053,Roberta (1935),"Comedy,Musical,Romance",3,31798.0,4.0,1,Astaire and Rogers,Comedy Musical Romance Astaire and Rogers,https://image.tmdb.org/t/p/w300/i4apYC87andlqfn5IhbxZN3b8Up.jpg
7055,Swing Time (1936),"Comedy,Musical,Romance",3,20325.0,4.0,1,Astaire and Rogers,Comedy Musical Romance Astaire and Rogers,https://image.tmdb.org/t/p/w300/3iukS0hzUAmhwHdqWrgQuKwMnJY.jpg
7059,National Velvet (1944),"Children,Drama",2,17641.0,3.75,2,horses,Children Drama horses,https://image.tmdb.org/t/p/w300/iUQfP3s967V3SIAbyomNT8z8MIf.jpg
7061,Dark Victory (1939),"Drama,Romance",2,27972.0,4.0,1,terminal illness,Drama Romance terminal illness,https://image.tmdb.org/t/p/w300/fbbzkhKJAxaA6lpHbcJqQIBaI1d.jpg
7062,Birdman of Alcatraz (1962),Drama,1,898.0,4.0,2,birds prison,Drama birds prison,https://image.tmdb.org/t/p/w300/6EODLN11HTX4l2cmakAhWIoJLF.jpg
7069,"Macbeth (a.k.a. Tragedy of Macbeth, The) (1971)",Drama,1,11316.0,3.5,8,In Netflix queue Shakespeare,Drama In Netflix queue Shakespeare,https://image.tmdb.org/t/p/w300/35wNrDYuZjVCLurOmTZ5j490iuR.jpg
7070,Red River (1948),"Action,Adventure,Western",3,3089.0,4.0,1,cattle drive,Action Adventure Western cattle drive,https://image.tmdb.org/t/p/w300/jyNTsAzrIWB441OtvfbgKtx1kFS.jpg
7071,"Woman Under the Influence, A (1974)",Drama,1,29845.0,5.0,1,In Netflix queue,Drama In Netflix queue,https://image.tmdb.org/t/p/w300/6EJ4JoTxnH1QmGTE9pPzgtW1cLW.jpg
7073,"Shot in the Dark, A (1964)","Comedy,Crime,Mystery",3,1594.0,2.5,1,Clousseau,Comedy Crime Mystery Clousseau,https://image.tmdb.org/t/p/w300/pR6tNqNLYIbRRYC5TFKWVWaVvvK.jpg
7078,Jezebel (1938),Drama,1,1976.0,3.8333333333333335,6,Bette Davis Oscar (Best Actress),Drama Bette Davis Oscar (Best Actress),https://image.tmdb.org/t/p/w300/xewvSLrr0Ru6qVMwVqVheFLaGm4.jpg
7079,"Hunchback of Notre Dame, The (1939)",Drama,1,31685.0,3.5,2,disability,Drama disability,https://image.tmdb.org/t/p/w300/m6fsyHeqSQs4tktk9q3awgo7IzF.jpg
7086,Pygmalion (1938),"Comedy,Drama",2,25016.0,3.5,1,George Bernard Shaw,Comedy Drama George Bernard Shaw,https://image.tmdb.org/t/p/w300/dIrQHvgSEAfpaz3fBnrRpvo0e8u.jpg
7087,"Passage to India, A (1984)","Adventure,Drama",2,15927.0,4.0,2,E.M. Forster,Adventure Drama E.M. Forster,https://image.tmdb.org/t/p/w300/rvBWlGRKte2U6qElHV13h6JvmSe.jpg
7088,Black Orpheus (Orfeu Negro) (1959),"Drama,Romance",2,40423.0,4.0,1,In Netflix queue,Drama Romance In Netflix queue,https://image.tmdb.org/t/p/w300/fJWzdNRnfjcJuaZiKqaSURFV6Lg.jpg
7090,Hero (Ying xiong) (2002),"Action,Adventure,Drama",3,79.0,3.9210526315789473,38,martial arts,Action Adventure Drama martial arts,https://image.tmdb.org/t/p/w300/vxgZto2Cz7ILHAlmRXt50I2brB2.jpg
7091,Horse Feathers (1932),Comedy,1,13912.0,4.0,2,Marx brothers,Comedy Marx brothers,https://image.tmdb.org/t/p/w300/sndzhGYShAcSf3AaYGfiwl4YbgS.jpg
7121,Adam's Rib (1949),"Comedy,Romance",2,25431.0,4.75,4,Hepburn and Tracy,Comedy Romance Hepburn and Tracy,https://image.tmdb.org/t/p/w300/k9gT6d2sDT9Jd4dvzHowTt3l6Zg.jpg
7132,"Night at the Opera, A (1935)","Comedy,Musical,Romance",3,37719.0,4.111111111111111,18,Marx brothers opera,Comedy Musical Romance Marx brothers opera,https://image.tmdb.org/t/p/w300/A4YDGfJwaG7aMxDVrVJsOHJ7ufK.jpg
7139,In America (2002),"Drama,Romance",2,10511.0,3.857142857142857,7,immigrants,Drama Romance immigrants,https://image.tmdb.org/t/p/w300/cUhMjWQyyApA0pFinogCsE2wy8g.jpg
7141,My Flesh and Blood (2003),Documentary,1,22289.0,4.0,1,In Netflix queue,Documentary In Netflix queue,https://image.tmdb.org/t/p/w300/nS6FmSnmG40W84xZVXyB5NLMMnL.jpg
7147,Big Fish (2003),"Drama,Fantasy,Romance",3,587.0,3.8333333333333335,276,dreamlike sentimental surreal Tim Burton,Drama Fantasy Romance dreamlike sentimental surreal Tim Burton,https://image.tmdb.org/t/p/w300/tjK063yCgaBAluVU72rZ6PKPH2l.jpg
7153,"Lord of the Rings: The Return of the King, The (2003)","Action,Adventure,Drama,Fantasy",4,122.0,4.118918918918919,1850,Adventure ensemble cast fantasy fantasy world great soundtrack lord of the rings scenic stylized Tolkien Tolkein,Action Adventure Drama Fantasy Adventure ensemble cast fantasy fantasy world great soundtrack lord of the rings scenic stylized Tolkien Tolkein,https://image.tmdb.org/t/p/w300/rCzpDGLbOoPwLjy3OAm5NUPOTrC.jpg
7156,"Fog of War: Eleven Lessons from the Life of Robert S. McNamara, The (2003)","Documentary,War",2,12698.0,4.3076923076923075,13,Vietnam,Documentary War Vietnam,https://image.tmdb.org/t/p/w300/m1dEnkrdJGBSLeAyJepuGrU9sNI.jpg
7158,House of Sand and Fog (2003),Drama,1,11093.0,3.7777777777777777,9,real estate,Drama real estate,https://image.tmdb.org/t/p/w300/hLxSOukLfC4j5pNbdE7lqaw8KgL.jpg
7160,Monster (2003),"Crime,Drama",2,504.0,3.5294117647058822,17,serial killer,Crime Drama serial killer,https://image.tmdb.org/t/p/w300/sWPKG1GX0woLNBuvDZkwZC8Q3Ub.jpg
7162,Cold Mountain (2003),"Drama,Romance,War",3,2289.0,3.2916666666666665,12,Civil War,Drama Romance War Civil War,https://image.tmdb.org/t/p/w300/j0AJeeR5CQPDFh0otyWyCWREHO8.jpg
7190,Jane Eyre (1970),Drama,1,131313.0,3.5,1,Charlotte Bronte,Drama Charlotte Bronte,https://image.tmdb.org/t/p/w300/r8glQlKrMyVgWtRKXkU9zUXlWT9.jpg
7212,I Was a Male War Bride (1949),"Comedy,Romance",2,23567.0,4.25,4,cross dressing men in drag,Comedy Romance cross dressing men in drag,https://image.tmdb.org/t/p/w300/gwliIJs9TWlZAcp6k0cx0I81W5e.jpg
7217,Dark Passage (1947),"Crime,Drama,Film-Noir,Romance,Thriller",5,16227.0,4.0,1,amnesia,Crime Drama Film-Noir Romance Thriller amnesia,https://image.tmdb.org/t/p/w300/dvwmiD6qQ05gojrFQRaFbdhbNDF.jpg
7218,"Ox-Bow Incident, The (1943)","Drama,Western",2,980.0,4.5,1,In Netflix queue,Drama Western In Netflix queue,https://image.tmdb.org/t/p/w300/1rzmL32QaewQbpO1zbhZKMDn5Gz.jpg
7219,They Drive by Night (1940),Drama,1,16933.0,4.0,1,truckers,Drama truckers,https://image.tmdb.org/t/p/w300/uF0X3IMhPIFgbwzlbayUsj4I6Tc.jpg
7234,"Strada, La (1954)",Drama,1,405.0,4.25,6,circus,Drama circus,https://image.tmdb.org/t/p/w300/rwjbT0zlsUDMztaCcWjlWuxaEL1.jpg
7254,The Butterfly Effect (2004),"Drama,Sci-Fi,Thriller",3,1954.0,3.630434782608696,184,alternate reality sci-fi science fiction time travel,Drama Sci-Fi Thriller alternate reality sci-fi science fiction time travel,https://image.tmdb.org/t/p/w300/ea5iv7TWMh18fOKoRGgmtcg85Gx.jpg
7256,Touching the Void (2003),"Adventure,Documentary",2,11194.0,4.0,8,mountain climbing,Adventure Documentary mountain climbing,https://image.tmdb.org/t/p/w300/fsydA5H8FSDaYlYWddfMpMpDUX.jpg
7285,Thirteen (2003),Drama,1,11023.0,3.611111111111111,9,adolescence,Drama adolescence,https://image.tmdb.org/t/p/w300/uzTLlZrNF6rMPBh5mUQu6vLnTtX.jpg
7301,Diary of a Country Priest (Journal d'un curé de campagne) (1951),Drama,1,43376.0,3.5,6,priest religion,Drama priest religion,https://image.tmdb.org/t/p/w300/mft7ZJqHxUyFaLL3ZYXX1MN2Gro.jpg
7318,"Passion of the Christ, The (2004)",Drama,1,615.0,2.6153846153846154,13,religion,Drama religion,https://image.tmdb.org/t/p/w300/rBM5o2HpmCfDejuIPybI09tkY3V.jpg
7323,"Good bye, Lenin! (2003)","Comedy,Drama",2,338.0,3.8043478260869565,23,Cold War,Comedy Drama Cold War,https://image.tmdb.org/t/p/w300/uHk1oGEbnvQGLnyiiYxTslZLoog.jpg
7361,Eternal Sunshine of the Spotless Mind (2004),"Drama,Romance,Sci-Fi",3,38.0,4.1603053435114505,4454,alternate reality memory thought-provoking jim carrey cult film imagination Jim Carrey love surreal arthouse artistic atmospheric beautiful bittersweet colourful comedy dreamlike emotional feel-good happpiness humane insightful intelligent lovely melancholy mind-bending philosophy quirky quirky romantic romantic surrealism,Drama Romance Sci-Fi alternate reality memory thought-provoking jim carrey cult film imagination Jim Carrey love surreal arthouse artistic atmospheric beautiful bittersweet colourful comedy dreamlike emotional feel-good happpiness humane insightful intelligent lovely melancholy mind-bending philosophy quirky quirky romantic romantic surrealism,https://image.tmdb.org/t/p/w300/5MwkWH9tYHv3mV9OdYTMR5qreIz.jpg
7371,Dogville (2003),"Drama,Mystery,Thriller",3,553.0,4.025,20,Grace,Drama Mystery Thriller Grace,https://image.tmdb.org/t/p/w300/lraVawavIXh5geMlVjpzCw9TGwR.jpg
7382,I'm Not Scared (Io non ho paura) (2003),"Drama,Mystery,Thriller",3,25300.0,4.25,6,adolescence crime for katie,Drama Mystery Thriller adolescence crime for katie,https://image.tmdb.org/t/p/w300/vTf4qR0OSuV4qBT8As4QoWxSJSq.jpg
7438,Kill Bill: Vol. 2 (2004),"Action,Drama,Thriller",3,393.0,3.868181818181818,110,revenge,Action Drama Thriller revenge,https://image.tmdb.org/t/p/w300/2yhg0mZQMhDyvUQ4rG1IZ4oIA8L.jpg
7439,"Punisher, The (2004)","Action,Crime,Thriller",3,7220.0,3.5,14,comic book,Action Crime Thriller comic book,https://image.tmdb.org/t/p/w300/7rmA1HwYp2GKM85BL0cVwCaosGr.jpg
7440,Paper Clips (2004),Documentary,1,33823.0,3.25,2,Holocaust,Documentary Holocaust,https://image.tmdb.org/t/p/w300/62E1tAw370MbsXWeTR10bg5VX5N.jpg
7444,13 Going on 30 (2004),"Comedy,Fantasy,Romance",3,10096.0,3.1904761904761907,21,Mark Ruffalo,Comedy Fantasy Romance Mark Ruffalo,https://image.tmdb.org/t/p/w300/iNZdSIfhSCMtRILDNyhLn8UKeSG.jpg
7451,Mean Girls (2004),Comedy,1,10625.0,3.7564102564102564,156,clever High School lesbian subtext,Comedy clever High School lesbian subtext,https://image.tmdb.org/t/p/w300/fXm3YKXAEjx7d2tIWDg9TfRZtsU.jpg
7479,Watch on the Rhine (1943),Drama,1,68440.0,4.0,1,World War II,Drama World War II,https://image.tmdb.org/t/p/w300/6ZeyGqZEmK4JUbV0o5nBglEODoC.jpg
7493,"Three Faces of Eve, The (1957)",Drama,1,28285.0,4.0,2,multiple personalities,Drama multiple personalities,https://image.tmdb.org/t/p/w300/jqfTPqaGYlz1ZR7YHjz5RTgPa8U.jpg
7572,Wit (2001),Drama,1,26976.0,4.5,1,cancer,Drama cancer,https://image.tmdb.org/t/p/w300/1ONOsIo5gby9hABPdknL7OAYBLm.jpg
7584,Woman of the Year (1942),"Comedy,Romance",2,20640.0,4.0,4,Hepburn and Tracy marriage,Comedy Romance Hepburn and Tracy marriage,https://image.tmdb.org/t/p/w300/A0Cf2GElBW2UfnQAFUqcqGYV7cY.jpg
7614,Oklahoma! (1955),"Musical,Romance,Western",3,13936.0,4.5,2,Rogers and Hammerstein,Musical Romance Western Rogers and Hammerstein,https://image.tmdb.org/t/p/w300/ztqT5GmJVI2o8vShGWRVVqykQqA.jpg
7618,Chaplin (1992),Drama,1,10435.0,3.5,4,biopic In Netflix queue,Drama biopic In Netflix queue,https://image.tmdb.org/t/p/w300/53auOJUsPP2YE97HTYgBQ0WO2gO.jpg
7619,"Miracle Worker, The (1962)",Drama,1,1162.0,3.6666666666666665,6,blindness deaf,Drama blindness deaf,https://image.tmdb.org/t/p/w300/3dI6UVM5W1sz3MU9gNK5nVDcAyQ.jpg
7646,Rose Red (2002),"Horror,Mystery,Thriller",3,14980.0,3.0,2,Stephen King,Horror Mystery Thriller Stephen King,
7649,Babylon 5: In the Beginning (1998),"Adventure,Sci-Fi",2,10940.0,2.8,5,space station,Adventure Sci-Fi space station,https://image.tmdb.org/t/p/w300/iFum9eQ5DztNMGE1c1CFm01SnJt.jpg
7700,"Wages of Fear, The (Salaire de la peur, Le) (1953)","Action,Adventure,Drama,Thriller",4,204.0,3.3,5,In Netflix queue,Action Adventure Drama Thriller In Netflix queue,https://image.tmdb.org/t/p/w300/sNOvIp4X0fmCMfgEs2ww5IyMgFm.jpg
7705,Pat and Mike (1952),"Comedy,Romance",2,33575.0,4.0,4,Hepburn and Tracy sports,Comedy Romance Hepburn and Tracy sports,https://image.tmdb.org/t/p/w300/6hSJWY1ygsOVAtPEz9Nb5q5FeyA.jpg
7713,Cat People (1942),"Drama,Horror,Romance,Thriller",4,25508.0,4.0,1,sexuality,Drama Horror Romance Thriller sexuality,https://image.tmdb.org/t/p/w300/zSNTDd5Q6No5BmY39Zp5BVgl8XE.jpg
7714,Camelot (1967),"Drama,Musical,Romance",3,18978.0,4.0,1,King Arthur,Drama Musical Romance King Arthur,https://image.tmdb.org/t/p/w300/1ohPMbfmQVg0Zzy9wkySm1w8Kr7.jpg
7728,"Postman Always Rings Twice, The (1946)","Crime,Drama,Film-Noir,Thriller",4,25736.0,3.6666666666666665,3,adultery,Crime Drama Film-Noir Thriller adultery,https://image.tmdb.org/t/p/w300/3qdX948vUXi4q8raUUOHHlbP9q8.jpg
7748,Pierrot le fou (1965),"Crime,Drama",2,2786.0,3.875,4,In Netflix queue,Crime Drama In Netflix queue,https://image.tmdb.org/t/p/w300/i124H6iQB4CawrgFW9aZaZs7OBO.jpg
7766,Throne of Blood (Kumonosu jô) (1957),"Action,Drama,Thriller,War",4,3777.0,4.0,4,MacBeth,Action Drama Thriller War MacBeth,https://image.tmdb.org/t/p/w300/zaZFMNxJST0TtPd68yF7fNt1he8.jpg
7789,"11'09""01 - September 11 (2002)",Drama,1,1926.0,4.0,2,terrorism,Drama terrorism,https://image.tmdb.org/t/p/w300/3DfDYe82PS4rDWpHKSSWeiPme8C.jpg
7831,Another Thin Man (1939),"Comedy,Crime,Drama,Mystery,Romance",5,14589.0,3.5,1,Nick and Nora Charles,Comedy Crime Drama Mystery Romance Nick and Nora Charles,https://image.tmdb.org/t/p/w300/zmOjn9qg9Cun7P9YAKr5ajNZBcK.jpg
7832,"Thin Man Goes Home, The (1945)","Comedy,Crime,Mystery",3,14594.0,3.5,1,Nick and Nora Charles,Comedy Crime Mystery Nick and Nora Charles,https://image.tmdb.org/t/p/w300/xKnTU1LOeRU8AubY2LO5lGRiPpv.jpg
7833,Shadow of the Thin Man (1941),"Comedy,Crime,Mystery",3,14590.0,3.5,1,Nick and Nora Charles,Comedy Crime Mystery Nick and Nora Charles,https://image.tmdb.org/t/p/w300/sYiasULoMJj84A5zheNyChGuhHY.jpg
7834,After the Thin Man (1936),"Comedy,Crime,Mystery,Romance",4,14588.0,2.8333333333333335,3,Nick and Nora Charles,Comedy Crime Mystery Romance Nick and Nora Charles,https://image.tmdb.org/t/p/w300/1fkCHOffEkPOY0UwSrvzG6YKDVp.jpg
7835,Song of the Thin Man (1947),"Comedy,Crime,Drama,Musical,Mystery,Romance",6,14595.0,3.5,1,Nick and Nora Charles,Comedy Crime Drama Musical Mystery Romance Nick and Nora Charles,https://image.tmdb.org/t/p/w300/wlj6IQrYRtHAQdIY08gicGOBp49.jpg
7924,Stray Dog (Nora inu) (1949),"Drama,Film-Noir,Thriller",3,30368.0,3.5,1,In Netflix queue,Drama Film-Noir Thriller In Netflix queue,https://image.tmdb.org/t/p/w300/riBzUgeYawBDi2q9PjARjHrQM7Z.jpg
7926,High and Low (Tengoku to jigoku) (1963),"Crime,Drama,Film-Noir,Thriller",4,12493.0,4.0,1,In Netflix queue,Crime Drama Film-Noir Thriller In Netflix queue,https://image.tmdb.org/t/p/w300/tgNjemQPG96uIezpiUiXFcer5ga.jpg
7932,Dark Days (2000),Documentary,1,14273.0,3.6666666666666665,18,Amtrak Homeless independent New York Sundance award winner Train,Documentary Amtrak Homeless independent New York Sundance award winner Train,https://image.tmdb.org/t/p/w300/vBUU6cphXFQqGq9fgk1VZ4dfnZX.jpg
7934,Zelig (1983),Comedy,1,11030.0,4.0,7,psychology,Comedy psychology,https://image.tmdb.org/t/p/w300/bfs67JaV4B5xVBvtXd3O4R7nk9G.jpg
7936,Shame (Skammen) (1968),"Drama,War",2,26372.0,4.0,1,austere,Drama War austere,https://image.tmdb.org/t/p/w300/cRJFOadujA7COrBV4HqB6bWcpLs.jpg
7981,Infernal Affairs (Mou gaan dou) (2002),"Crime,Drama,Thriller",3,10775.0,4.333333333333333,9,police,Crime Drama Thriller police,https://image.tmdb.org/t/p/w300/qdlwFWn2YdLzw5KHpMpzRY9BI7r.jpg
7983,Broadway Danny Rose (1984),Comedy,1,12762.0,4.2,5,show business,Comedy show business,https://image.tmdb.org/t/p/w300/oUgolImcg0PRiT33UNjK409aQoJ.jpg
8011,"Weather Underground, The (2002)",Documentary,1,14108.0,4.0,4,politics,Documentary politics,https://image.tmdb.org/t/p/w300/fuTAf8DJkj2vljaprE5upLP3nWA.jpg
8014,"Spring, Summer, Fall, Winter... and Spring (Bom yeoreum gaeul gyeoul geurigo bom) (2003)",Drama,1,113.0,4.25,10,In Netflix queue,Drama In Netflix queue,https://image.tmdb.org/t/p/w300/6SQQ5REuAz7k0FMQ9mSCT40T2LN.jpg
8019,Dark Water (Honogurai mizu no soko kara) (2002),"Drama,Horror,Mystery,Thriller",4,12205.0,4.0,1,remade,Drama Horror Mystery Thriller remade,https://image.tmdb.org/t/p/w300/iSq6J55RFLfwcceDKxYtMjOr1sz.jpg
8033,How to Steal a Million (1966),"Comedy,Crime,Romance",3,3001.0,3.6666666666666665,3,In Netflix queue,Comedy Crime Romance In Netflix queue,https://image.tmdb.org/t/p/w300/xaf3pwmITJvfz9Ab8DiGM8OOtBC.jpg
8094,Bad Day at Black Rock (1955),"Drama,Thriller,Western",3,14554.0,3.5,1,In Netflix queue,Drama Thriller Western In Netflix queue,https://image.tmdb.org/t/p/w300/8EnhHjU0DyCckmZRtn46s3WXeEf.jpg
8153,Lust for Life (1956),Drama,1,29592.0,2.5,1,Van Gogh,Drama Van Gogh,https://image.tmdb.org/t/p/w300/rlK3LG3W41eF3N1tk0SEM7Dln2x.jpg
8167,Captain Blood (1935),"Action,Adventure,Romance",3,16905.0,4.0,2,swashbuckler,Action Adventure Romance swashbuckler,https://image.tmdb.org/t/p/w300/Ae0ltppMl66pAH1odgDU1C4H1iq.jpg
8183,Educating Rita (1983),"Comedy,Drama",2,38291.0,3.1666666666666665,3,In Netflix queue,Comedy Drama In Netflix queue,https://image.tmdb.org/t/p/w300/xwxgiRzw2zxzWNIYp98faJ0rUy5.jpg
8188,Sansho the Bailiff (Sanshô dayû) (1954),Drama,1,20532.0,3.5,1,Not available from Netflix,Drama Not available from Netflix,https://image.tmdb.org/t/p/w300/cOBsWxFtEoqXIPx4JZP5E7g1WEo.jpg
8190,"Americanization of Emily, The (1964)","Comedy,Drama,War",3,42791.0,4.0,1,In Netflix queue,Comedy Drama War In Netflix queue,https://image.tmdb.org/t/p/w300/zA9254usF2X0m0P5CeEXft7uzSe.jpg
8191,Anne of the Thousand Days (1969),Drama,1,22522.0,4.0,1,Anne Boleyn,Drama Anne Boleyn,https://image.tmdb.org/t/p/w300/u2p5SspAs1GqeuHXNXywryU3k37.jpg
8197,Hiroshima Mon Amour (1959),"Drama,Romance,War",3,5544.0,4.0,1,In Netflix queue,Drama Romance War In Netflix queue,https://image.tmdb.org/t/p/w300/zieczjWnvalaxwX5EQASEx0on5f.jpg
8207,"Day of the Jackal, The (1973)","Crime,Thriller",2,4909.0,4.083333333333333,6,assassination,Crime Thriller assassination,https://image.tmdb.org/t/p/w300/vThgcb3JOj99yETg8WChuci4LV2.jpg
8228,"Maltese Falcon, The (a.k.a. Dangerous Female) (1931)",Mystery,1,28257.0,3.6176470588235294,17,heist,Mystery heist,https://image.tmdb.org/t/p/w300/zpE6gucVjusGXSS4lcSjqIWCeAj.jpg
8235,Safety Last! (1923),"Action,Comedy,Romance",3,22596.0,4.0,2,Clock,Action Comedy Romance Clock,https://image.tmdb.org/t/p/w300/fEt5HWJ32ek8ibef7zSZnA00Jp0.jpg
8266,Purple Rain (1984),"Drama,Musical",2,13763.0,2.7,5,Prince,Drama Musical Prince,https://image.tmdb.org/t/p/w300/vkQmzaSuDj8QyXmwNhCceCAmwUe.jpg
8275,College (1927),Comedy,1,34847.0,3.5,1,In Netflix queue,Comedy In Netflix queue,https://image.tmdb.org/t/p/w300/dUwk8qNkXb243JViqdVqOvUmiMt.jpg
8335,Make Way for Tomorrow (1937),Drama,1,41059.0,3.5,1,heartbreaking,Drama heartbreaking,https://image.tmdb.org/t/p/w300/zPl6TfnIIJzdPXk9g6QPwFwTIt.jpg
8337,"Caine Mutiny, The (1954)","Drama,War",2,10178.0,4.0,2,military,Drama War military,https://image.tmdb.org/t/p/w300/vuO4Z3wOWVlhq35MS9asZeT9rVp.jpg
8338,Black Narcissus (1947),Drama,1,16391.0,4.0,2,convent religion,Drama convent religion,https://image.tmdb.org/t/p/w300/jSbFWWbkUq5N5ikewJHNATcWnxS.jpg
8341,Oliver Twist (1948),"Adventure,Crime,Drama",3,10949.0,3.8333333333333335,3,Dickens,Adventure Crime Drama Dickens,https://image.tmdb.org/t/p/w300/bZnv0qWxuuo8gR2FVJ0QtoBtuvh.jpg
8360,Shrek 2 (2004),"Adventure,Animation,Children,Comedy,Musical,Romance",6,809.0,3.5760869565217392,92,ogres,Adventure Animation Children Comedy Musical Romance ogres,https://image.tmdb.org/t/p/w300/2yYP0PQjG8zVqturh1BAqu2Tixl.jpg
8366,Saved! (2004),"Comedy,Drama",2,13193.0,3.892857142857143,28,pregnancy religion,Comedy Drama pregnancy religion,https://image.tmdb.org/t/p/w300/nmf2tFTcRJZVEQ9e3mgLH5gAQYs.jpg
8368,Harry Potter and the Prisoner of Azkaban (2004),"Adventure,Fantasy,IMAX",3,673.0,3.913978494623656,186,Magic Wizards,Adventure Fantasy IMAX Magic Wizards,https://image.tmdb.org/t/p/w300/aWxwnYoe8p2d2fcxOqtvAtJ72Rw.jpg
8375,"Hunting of the President, The (2004)",Documentary,1,26254.0,2.5,1,politics,Documentary politics,https://image.tmdb.org/t/p/w300/2BcSbP8gjmCsCnugxPAM7dAmhUd.jpg
8376,Napoleon Dynamite (2004),Comedy,1,8193.0,3.324324324324324,37,high school,Comedy high school,https://image.tmdb.org/t/p/w300/6Iv6Uwa2SBLN0dSGM00rdrwN4MJ.jpg
8379,"Dresser, The (1983)",Drama,1,42122.0,3.0,1,In Netflix queue,Drama In Netflix queue,https://image.tmdb.org/t/p/w300/kPIeNAwdN2Ds77Bf7bfZAmDrzoh.jpg
8382,Hello Again (1987),Comedy,1,35151.0,2.5,1,death,Comedy death,https://image.tmdb.org/t/p/w300/mbNJ7Qe33XtN2aenO0ildCOpG0y.jpg
8424,"Divorcee, The (1930)","Drama,Romance",2,80708.0,4.0,1,divorce,Drama Romance divorce,https://image.tmdb.org/t/p/w300/zzu6IW9ilkUt6L4DL9SoNnwtAfy.jpg
8446,Sands of Iwo Jima (1949),"Action,Drama,Romance,War",4,18712.0,2.5,1,World War II,Action Drama Romance War World War II,https://image.tmdb.org/t/p/w300/utpy9JLuyhsxpw2E3yExw23f3eS.jpg
8463,Johnny Belinda (1948),Drama,1,62000.0,4.0,1,deafness,Drama deafness,https://image.tmdb.org/t/p/w300/lIkYFx7ZaU56iG507lgLoSh1GNR.jpg
8464,Super Size Me (2004),"Comedy,Documentary,Drama",3,9372.0,3.51,100,food McDonalds,Comedy Documentary Drama food McDonalds,https://image.tmdb.org/t/p/w300/zYkbqQaCuIHBxqBDGgnQCwJ9jIG.jpg
8477,"Jetée, La (1962)","Romance,Sci-Fi",2,662.0,4.5,2,post-apocalyptic,Romance Sci-Fi post-apocalyptic,https://image.tmdb.org/t/p/w300/elGidsRHXkk8UyrtLbcMhaptDyp.jpg
8507,Freaks (1932),"Crime,Drama,Horror",3,136.0,3.1666666666666665,9,circus,Crime Drama Horror circus,https://image.tmdb.org/t/p/w300/fX2Wxd0W9E7eVClUd8kJTfennoV.jpg
8530,Dear Frankie (2004),"Drama,Romance",2,8981.0,3.75,2,Ireland,Drama Romance Ireland,https://image.tmdb.org/t/p/w300/5YRDvaBWBbhTKBYYc7BoOWdW01N.jpg
8533,"Notebook, The (2004)","Drama,Romance",2,11036.0,3.5657894736842106,114,memory loss romance sad,Drama Romance memory loss romance sad,https://image.tmdb.org/t/p/w300/rNzQyW4f8B8cQeg7Dgj3n6eT5k9.jpg
8580,Into the Woods (1991),"Adventure,Comedy,Fantasy,Musical",4,23378.0,5.0,2,fairy tales In Netflix queue,Adventure Comedy Fantasy Musical fairy tales In Netflix queue,https://image.tmdb.org/t/p/w300/8KI9Blf9VDBdWSqkEVhvZ0RPehq.jpg
8607,Tokyo Godfathers (2003),"Adventure,Animation,Drama",3,13398.0,3.9,5,In Netflix queue,Adventure Animation Drama In Netflix queue,https://image.tmdb.org/t/p/w300/sPC66btzQlzuRdPKiSDYZ5Hvxgc.jpg
8609,Our Hospitality (1923),Comedy,1,701.0,3.25,2,In Netflix queue,Comedy In Netflix queue,https://image.tmdb.org/t/p/w300/cAEdL6RzfDSbPO51izl01Njzikx.jpg
8622,Fahrenheit 9/11 (2004),Documentary,1,1777.0,3.4864864864864864,74,politics terrorism,Documentary politics terrorism,https://image.tmdb.org/t/p/w300/cZ7M343iuiMDc36fSeSm699XQFv.jpg
8636,Spider-Man 2 (2004),"Action,Adventure,IMAX,Sci-Fi",4,558.0,3.8037974683544302,79,Doc Ock,Action Adventure IMAX Sci-Fi Doc Ock,https://image.tmdb.org/t/p/w300/aGuvNAaaZuWXYQQ6N2v7DeuP6mB.jpg
8638,Before Sunset (2004),"Drama,Romance",2,80.0,3.7,15,generation X,Drama Romance generation X,https://image.tmdb.org/t/p/w300/4sW5XH9ZfYXpvFzev00S1IGAEbg.jpg
8641,Anchorman: The Legend of Ron Burgundy (2004),Comedy,1,8699.0,3.7719298245614037,399,hilarious Steve Carell Will Ferrell stupid awesome comedy,Comedy hilarious Steve Carell Will Ferrell stupid awesome comedy,https://image.tmdb.org/t/p/w300/mhZIcRePT7U8viFQVjt1ZjYIsR4.jpg
8645,"Maria Full of Grace (Maria, Llena eres de gracia) (2004)","Crime,Drama",2,436.0,3.9375,16,drugs immigrants,Crime Drama drugs immigrants,https://image.tmdb.org/t/p/w300/30CImATfvHWLXy6a3KmHXnYXB6c.jpg
8695,"Bachelor and the Bobby-Soxer, The (1947)",Comedy,1,27437.0,3.0,3,court,Comedy court,https://image.tmdb.org/t/p/w300/eeBn5yhOBMBq2qQ9x2xQHyP1ZJk.jpg
8714,Night and Day (1946),"Drama,Musical",2,43485.0,2.5,1,Cole Porter,Drama Musical Cole Porter,https://image.tmdb.org/t/p/w300/mrlKsBUxPwxGr8M8xupI96qrA8j.jpg
8754,"Prime of Miss Jean Brodie, The (1969)",Drama,1,5179.0,4.0,1,Oscar (Best Actress),Drama Oscar (Best Actress),https://image.tmdb.org/t/p/w300/lEZdKL17yneFK4dbbWPKcbkRbqM.jpg
8783,"Village, The (2004)","Drama,Mystery,Thriller",3,6947.0,3.1923076923076925,78,Atmospheric good soundtrack M. Night Shyamalan,Drama Mystery Thriller Atmospheric good soundtrack M. Night Shyamalan,https://image.tmdb.org/t/p/w300/v7UvYtKfIVaHLaHwVgfalyrK7Ho.jpg
8784,Garden State (2004),"Comedy,Drama,Romance",3,401.0,3.7083333333333335,48,psychology,Comedy Drama Romance psychology,https://image.tmdb.org/t/p/w300/h3iqYiGS6F3y7GxaS4AT8nFxZ2i.jpg
8796,"Funny Thing Happened on the Way to the Forum, A (1966)","Comedy,Musical",2,17768.0,3.1,5,Rome,Comedy Musical Rome,https://image.tmdb.org/t/p/w300/h3S9DZMUZNsAqd8ZNBed7ttPWXk.jpg
8809,Danny Deckchair (2003),"Comedy,Romance",2,14389.0,3.25,2,Australia,Comedy Romance Australia,https://image.tmdb.org/t/p/w300/7rL1WDYxTIPouUFDbdtcyqTyywu.jpg
8827,"Bill Cosby, Himself (1983)","Comedy,Documentary",2,20120.0,4.0,5,Stand Up,Comedy Documentary Stand Up,https://image.tmdb.org/t/p/w300/t685Vbw4q2PxgnrlBFpgZO607D0.jpg
8838,Alice Doesn't Live Here Anymore (1974),"Drama,Romance",2,16153.0,4.166666666666667,3,In Netflix queue,Drama Romance In Netflix queue,https://image.tmdb.org/t/p/w300/A99yzz1W3NCG6zR2HXSwn2kWlse.jpg
8874,Shaun of the Dead (2004),"Comedy,Horror",2,747.0,4.0064935064935066,77,zombies,Comedy Horror zombies,https://image.tmdb.org/t/p/w300/dgXPhzNJH8HFTBjXPB177yNx6RI.jpg
8875,"Come Back, Little Sheba (1952)",Drama,1,84214.0,4.0,2,alcoholism marriage,Drama alcoholism marriage,https://image.tmdb.org/t/p/w300/3hg3c6TVFVGuoqmHi0Yw25qvpRu.jpg
8879,Murder on the Orient Express (1974),"Crime,Mystery,Thriller",3,4176.0,3.25,18,Agatha Christie Oscar (Best Supporting Actress) train,Crime Mystery Thriller Agatha Christie Oscar (Best Supporting Actress) train,https://image.tmdb.org/t/p/w300/x7E9iNMi5iFTdUNJvEZ1x8YNEZ2.jpg
8880,Mask (1985),Drama,1,11177.0,3.4285714285714284,7,disability,Drama disability,https://image.tmdb.org/t/p/w300/dBYzEETDHNyt12VCD5owVW6bpEC.jpg
8914,Primer (2004),"Drama,Sci-Fi",2,14337.0,3.7941176470588234,17,time travel,Drama Sci-Fi time travel,https://image.tmdb.org/t/p/w300/xEoq2WmDzpzxhkHEsmOYOg6BPg6.jpg
8920,"Country Girl, The (1954)",Drama,1,2438.0,3.5,1,Oscar (Best Actress),Drama Oscar (Best Actress),https://image.tmdb.org/t/p/w300/7LdXybdZcTdZo7lkkrFQKf7byZf.jpg
8938,Tarnation (2003),Documentary,1,1435.0,4.0,2,parenthood psychology,Documentary parenthood psychology,https://image.tmdb.org/t/p/w300/7zeQapdvD8poOizcaHwzmPxN9Km.jpg
8943,Being Julia (2004),"Comedy,Drama",2,18701.0,1.75,2,stage,Comedy Drama stage,https://image.tmdb.org/t/p/w300/wiJp4pN2bYgtWQqZYZhGNLeFmx8.jpg
8949,Sideways (2004),"Comedy,Drama,Romance",3,9675.0,3.7435897435897436,39,wine,Comedy Drama Romance wine,https://image.tmdb.org/t/p/w300/zOsaxYLgvZVU7cJBpPn8CuE0MrP.jpg
8950,The Machinist (2004),"Drama,Mystery,Thriller",3,4553.0,3.986842105263158,266,Christian Bale creepy powerful ending psychology schizophrenia twist ending,Drama Mystery Thriller Christian Bale creepy powerful ending psychology schizophrenia twist ending,https://image.tmdb.org/t/p/w300/diAYqR4xdF9Hnj7qun6DEQhRrT2.jpg
8951,Vera Drake (2004),Drama,1,11109.0,3.0,4,abortion,Drama abortion,https://image.tmdb.org/t/p/w300/556fElboCLlEmP8UULaYosU45Bc.jpg
8957,Saw (2004),"Horror,Mystery,Thriller",3,176.0,3.1818181818181817,231,brutal clever Disturbing great ending mindfuck surprise ending suspense,Horror Mystery Thriller brutal clever Disturbing great ending mindfuck surprise ending suspense,https://image.tmdb.org/t/p/w300/rLNSOudrayDBo1uqXjrhxcjODIC.jpg
8958,Ray (2004),Drama,1,1677.0,3.6842105263157894,19,biopic,Drama biopic,https://image.tmdb.org/t/p/w300/tSPC7sO2XYNL9QcMmK88tuUALL5.jpg
8961,"Incredibles, The (2004)","Action,Adventure,Animation,Children,Comedy",5,9806.0,3.836,500,Disney superhero animation Samuel L. Jackson,Action Adventure Animation Children Comedy Disney superhero animation Samuel L. Jackson,https://image.tmdb.org/t/p/w300/2LqaLgk4Z226KkgPJuiOQ58wvrm.jpg
8970,Finding Neverland (2004),Drama,1,866.0,3.609375,32,Peter Pan,Drama Peter Pan,https://image.tmdb.org/t/p/w300/5JyDPH4qdr0I6pF7Bjh1Qrf1Jhh.jpg
8979,Guerrilla: The Taking of Patty Hearst (2004),Documentary,1,174787.0,4.0,1,Hearst,Documentary Hearst,https://image.tmdb.org/t/p/w300/59xLyJBAK046RE1Ji9jK6DeX7Ue.jpg
8983,House of Flying Daggers (Shi mian mai fu) (2004),"Action,Drama,Romance",3,9550.0,3.52,25,martial arts,Action Drama Romance martial arts,https://image.tmdb.org/t/p/w300/93feGsGiCtG5ymrRcErUgBsdo6v.jpg
8998,That's Entertainment (1974),Documentary,1,33740.0,4.0,1,In Netflix queue,Documentary In Netflix queue,https://image.tmdb.org/t/p/w300/uao9fRNFxBXC6mqA8WyO01RU4dJ.jpg
9010,Love Me If You Dare (Jeux d'enfants) (2003),"Drama,Romance",2,8424.0,4.1,5,cruel characters,Drama Romance cruel characters,https://image.tmdb.org/t/p/w300/vvjC5LSMANKvGGDHjIWj1YomPdN.jpg
9018,Control Room (2004),"Documentary,War",2,18889.0,4.333333333333333,3,journalism,Documentary War journalism,https://image.tmdb.org/t/p/w300/pm6Tvrh3XC2mOwwCB8AQWcpBg1K.jpg
25753,Greed (1924),Drama,1,1405.0,4.0,1,gold,Drama gold,https://image.tmdb.org/t/p/w300/eur2vc2BGiOocBuBLVPXySO7lRh.jpg
25771,"Andalusian Dog, An (Chien andalou, Un) (1929)",Fantasy,1,626.0,4.5,12,mindfuck surreal surrealism,Fantasy mindfuck surreal surrealism,https://image.tmdb.org/t/p/w300/obvE7ElAvCUhKtWFwDSvNbPw9PV.jpg
25825,Fury (1936),"Drama,Film-Noir",2,14615.0,3.375,4,revenge,Drama Film-Noir revenge,https://image.tmdb.org/t/p/w300/u1kjLTUqmqjDMlRxcwCqWagjf6r.jpg
25841,Stage Door (1937),Drama,1,43864.0,4.166666666666667,3,show business,Drama show business,https://image.tmdb.org/t/p/w300/p4zqAKoJAtmkK71IyeWHc6spEKB.jpg
25865,"Letter, The (1940)","Drama,Film-Noir",2,17801.0,4.0,1,In Netflix queue,Drama Film-Noir In Netflix queue,https://image.tmdb.org/t/p/w300/fe43qXp2sRAZbPDKX1puKGEwOon.jpg
25886,Random Harvest (1942),"Drama,Romance",2,22387.0,4.0,2,made me cry,Drama Romance made me cry,https://image.tmdb.org/t/p/w300/x5W3FOGmifwK3e8IhLDQYvURIw2.jpg
25940,"Lady from Shanghai, The (1947)","Drama,Film-Noir,Mystery",3,3766.0,3.5,1,mirrors,Drama Film-Noir Mystery mirrors,https://image.tmdb.org/t/p/w300/whqdqWavNMSoeXTx1X3DauO1LG6.jpg
25952,"Letter to Three Wives, A (1949)","Comedy,Drama",2,45578.0,4.0,1,In Netflix queue,Comedy Drama In Netflix queue,https://image.tmdb.org/t/p/w300/bSfwTLt2K8IeEeppsiDq7svikbV.jpg
26131,"Battle of Algiers, The (La battaglia di Algeri) (1966)","Drama,War",2,17295.0,4.3,5,In Netflix queue,Drama War In Netflix queue,https://image.tmdb.org/t/p/w300/2p3AFtOHFvP6OeVMqlnL1zLKOqL.jpg
26151,Au Hasard Balthazar (1966),"Crime,Drama",2,20108.0,3.5,2,donkey,Crime Drama donkey,https://image.tmdb.org/t/p/w300/lkLO1HDzzaXpTXtAgnGpVqIQkvF.jpg
26242,Duel (1971),"Action,Mystery,Thriller",3,839.0,3.2,5,In Netflix queue,Action Mystery Thriller In Netflix queue,https://image.tmdb.org/t/p/w300/w9Vk1Txx14vWvACELFYFlixrsfr.jpg
26662,Kiki's Delivery Service (Majo no takkyûbin) (1989),"Adventure,Animation,Children,Drama,Fantasy",5,16859.0,4.0588235294117645,17,anime,Adventure Animation Children Drama Fantasy anime,https://image.tmdb.org/t/p/w300/Aufa4YdZIv4AXpR9rznwVA5SEfd.jpg
26717,Begotten (1990),"Drama,Horror",2,1483.0,0.5,3,boring psychedelic symbolic,Drama Horror boring psychedelic symbolic,https://image.tmdb.org/t/p/w300/y8GbJny4bBUimJxUGXqq3l3k4OV.jpg
26776,Porco Rosso (Crimson Pig) (Kurenai no buta) (1992),"Adventure,Animation,Comedy,Fantasy,Romance",5,11621.0,3.892857142857143,14,In Netflix queue,Adventure Animation Comedy Fantasy Romance In Netflix queue,https://image.tmdb.org/t/p/w300/8mIvSvnVBApfORL9N6S38Q7wD6A.jpg
27020,Gia (1998),"Drama,Romance",2,14533.0,3.4,10,drugs lesbian,Drama Romance drugs lesbian,https://image.tmdb.org/t/p/w300/8KxvKGl8lQembejIadDP03qjEYT.jpg
27156,"Neon Genesis Evangelion: The End of Evangelion (Shin seiki Evangelion Gekijô-ban: Air/Magokoro wo, kimi ni) (1997)","Action,Animation,Drama,Fantasy,Sci-Fi",5,18491.0,4.3,25,anime end of the world epic mecha psychology,Action Animation Drama Fantasy Sci-Fi anime end of the world epic mecha psychology,https://image.tmdb.org/t/p/w300/j6G24dqI4WgUtChhWjfnI4lnmiK.jpg
27660,"Animatrix, The (2003)","Action,Animation,Drama,Sci-Fi",4,55931.0,3.7,120,animation anime cyberpunk dark Matrix sci-fi,Action Animation Drama Sci-Fi animation anime cyberpunk dark Matrix sci-fi,https://image.tmdb.org/t/p/w300/eDjIG2hAeMU5cxLrd6oiQqdqoZt.jpg
27706,Lemony Snicket's A Series of Unfortunate Events (2004),"Adventure,Children,Comedy,Fantasy",4,11774.0,3.16,125,dark comedy Jim Carrey meryl streep quirky stylized,Adventure Children Comedy Fantasy dark comedy Jim Carrey meryl streep quirky stylized,https://image.tmdb.org/t/p/w300/76Xi8z7Whv5WFIdfzzvC5tKSicd.jpg
27731,"Cat Returns, The (Neko no ongaeshi) (2002)","Adventure,Animation,Children,Fantasy",4,15370.0,3.75,8,In Netflix queue,Adventure Animation Children Fantasy In Netflix queue,https://image.tmdb.org/t/p/w300/pqyY7IEWkCWNZ7EuRStQaJITEta.jpg
27741,"Twilight Samurai, The (Tasogare Seibei) (2002)","Drama,Romance",2,12496.0,3.8333333333333335,6,In Netflix queue,Drama Romance In Netflix queue,https://image.tmdb.org/t/p/w300/bB2M8UF8wc9flfGWkcgkTTf8Mzr.jpg
27773,Old Boy (2003),"Mystery,Thriller",2,670.0,4.089743589743589,312,bizarre claustrophobic depressing disturbing hallucinatory paranoid surreal twisted,Mystery Thriller bizarre claustrophobic depressing disturbing hallucinatory paranoid surreal twisted,https://image.tmdb.org/t/p/w300/pWDtjs568ZfOTMbURQBYuT4Qxka.jpg
27790,Millions (2004),"Children,Comedy,Crime,Drama,Fantasy",5,13373.0,3.5,8,religion saints,Children Comedy Crime Drama Fantasy religion saints,https://image.tmdb.org/t/p/w300/rypaIocIovS3ICLKKakMvHDDQ0T.jpg
27808,Spanglish (2004),"Comedy,Drama,Romance",3,2539.0,3.3636363636363638,33,Adam Sandler family sweet,Comedy Drama Romance Adam Sandler family sweet,https://image.tmdb.org/t/p/w300/x3OTaBvjqzhRL53Q39fOoIYqxyO.jpg
27820,"Story of the Weeping Camel, The (Geschichte vom weinenden Kamel, Die) (2003)","Documentary,Drama",2,1114.0,4.0,4,Animal movie camels,Documentary Drama Animal movie camels,https://image.tmdb.org/t/p/w300/c3SAAO5hNJqLWLlJr9TZ6CQ8eGI.jpg
27831,Layer Cake (2004),"Crime,Drama,Thriller",3,4836.0,3.8157894736842106,133,British gangster confusing daniel craig Exquisite plotting. organized crime stylish Tom Hardy,Crime Drama Thriller British gangster confusing daniel craig Exquisite plotting. organized crime stylish Tom Hardy,https://image.tmdb.org/t/p/w300/rDOxXteqxALBaSa3V3zTjGJuyWB.jpg
27834,"Return, The (Vozvrashcheniye) (2003)",Drama,1,11190.0,4.333333333333333,3,fatherhood,Drama fatherhood,https://image.tmdb.org/t/p/w300/7V8iHBs34cPYw7ohpLqliF9x8Gv.jpg
27838,Mean Creek (2004),"Drama,Thriller",2,12281.0,3.75,2,revenge,Drama Thriller revenge,https://image.tmdb.org/t/p/w300/47icHsfwq7qpfPTuGwZxAtQ0olJ.jpg
27878,Born into Brothels (2004),Documentary,1,1392.0,3.875,4,India,Documentary India,https://image.tmdb.org/t/p/w300/e7OWmWptBRCnUKj6MJ2qbxj5ZY5.jpg
27882,Riding Giants (2004),Documentary,1,291.0,4.0,4,surfing,Documentary surfing,https://image.tmdb.org/t/p/w300/8L3ir0KNqSqpps2oVAeCUPVTPhr.jpg
30707,Million Dollar Baby (2004),Drama,1,70.0,3.8461538461538463,52,boxing,Drama boxing,https://image.tmdb.org/t/p/w300/jcfEqKdWF1zeyvECPqp3mkWLct2.jpg
30749,Hotel Rwanda (2004),"Drama,War",2,205.0,3.7916666666666665,48,genocide,Drama War genocide,https://image.tmdb.org/t/p/w300/p3pHw85UMZPegfMZBA6dZ06yarm.jpg
30793,Charlie and the Chocolate Factory (2005),"Adventure,Children,Comedy,Fantasy,IMAX",5,118.0,3.0,61,roald dahl,Adventure Children Comedy Fantasy IMAX roald dahl,https://image.tmdb.org/t/p/w300/iKP6wg3c6COUe8gYutoGG7qcPnO.jpg
30810,"Life Aquatic with Steve Zissou, The (2004)","Adventure,Comedy,Fantasy",3,421.0,3.4864864864864864,222,heartwarming off-beat comedy quirky trippy visually appealing whimsical,Adventure Comedy Fantasy heartwarming off-beat comedy quirky trippy visually appealing whimsical,https://image.tmdb.org/t/p/w300/qZoFLNBC78jzboWeDH6Ha0qavF2.jpg
30812,"Aviator, The (2004)",Drama,1,2567.0,3.5285714285714285,105,biopic Howard Hughes movie business,Drama biopic Howard Hughes movie business,https://image.tmdb.org/t/p/w300/lx4kWcZc3o9PaNxlQpEJZM17XUI.jpg
30820,"Woodsman, The (2004)",Drama,1,9692.0,3.8333333333333335,3,child abuse,Drama child abuse,https://image.tmdb.org/t/p/w300/4fDgLcc35A0IpxhMyJMP33bSDXj.jpg
30822,In Good Company (2004),"Comedy,Drama",2,1901.0,3.4545454545454546,11,busniess,Comedy Drama busniess,https://image.tmdb.org/t/p/w300/5H3fbU4NlHPbLf3MUFZwPdmD3nS.jpg
30825,Meet the Fockers (2004),Comedy,1,693.0,3.106060606060606,66,Ben Stiller Robert De Niro,Comedy Ben Stiller Robert De Niro,https://image.tmdb.org/t/p/w300/59fXm6N2x7QSbvt6BaBxTNBXGL8.jpg
30850,"Merchant of Venice, The (2004)",Drama,1,11162.0,3.75,4,Shakespeare,Drama Shakespeare,https://image.tmdb.org/t/p/w300/bvpPg5oTD1qT7hjY3BOsoniYdHG.jpg
31030,I Remember Mama (1948),"Children,Drama",2,43442.0,4.0,1,motherhood,Children Drama motherhood,https://image.tmdb.org/t/p/w300/oqiq3Zm6NeiVvd08gpUUu3WrihA.jpg
31437,Nobody Knows (Dare mo shiranai) (2004),Drama,1,2517.0,4.25,2,orphans,Drama orphans,https://image.tmdb.org/t/p/w300/kDUUdWrbBBVqzSmm27pHFJcTvCU.jpg
31658,Howl's Moving Castle (Hauru no ugoku shiro) (2004),"Adventure,Animation,Fantasy,Romance",4,4935.0,4.075,240,anime fantasy world Hayao Miyazaki Studio Ghibli 06 Oscar Nominated Best Movie - Animation In Netflix queue,Adventure Animation Fantasy Romance anime fantasy world Hayao Miyazaki Studio Ghibli 06 Oscar Nominated Best Movie - Animation In Netflix queue,https://image.tmdb.org/t/p/w300/13kOl2v0nD2OLbVSHnHk8GUFEhO.jpg
31903,Zelary (2003),"Drama,Romance",2,19765.0,4.0,1,marriage,Drama Romance marriage,https://image.tmdb.org/t/p/w300/s4jFr3bnf8d5WYCSrf0N3e7G9ez.jpg
31923,"Three Musketeers, The (1973)","Action,Adventure,Comedy",3,2926.0,4.0,3,In Netflix queue,Action Adventure Comedy In Netflix queue,https://image.tmdb.org/t/p/w300/6qjW1e31k2XhcWpzGz6lgHcRt5W.jpg
32582,"Wild Parrots of Telegraph Hill, The (2003)",Documentary,1,17592.0,4.75,4,birds parrots,Documentary birds parrots,https://image.tmdb.org/t/p/w300/kBLgd1Ep3oUItLHj23s6vGHAO80.jpg
32584,"Ballad of Jack and Rose, The (2005)",Drama,1,17113.0,3.125,4,fatherhood,Drama fatherhood,https://image.tmdb.org/t/p/w300/jhID43WmWf3HeH3M3tBCPTSeBOi.jpg
32587,Sin City (2005),"Action,Crime,Film-Noir,Mystery,Thriller",5,187.0,3.857142857142857,84,cult,Action Crime Film-Noir Mystery Thriller cult,https://image.tmdb.org/t/p/w300/i66G50wATMmPrvpP95f0XP6ZdVS.jpg
33154,Enron: The Smartest Guys in the Room (2005),Documentary,1,13020.0,4.0,18,business money scandal,Documentary business money scandal,https://image.tmdb.org/t/p/w300/zezeOElCxlPui9SFGj5ToZ4W1Nh.jpg
33162,Kingdom of Heaven (2005),"Action,Drama,Romance,War",4,1495.0,3.5,68,David Thewlis Eva Green Liam Neeson Orlando Bloom,Action Drama Romance War David Thewlis Eva Green Liam Neeson Orlando Bloom,https://image.tmdb.org/t/p/w300/rNaBe4TwbMef71sgscqabpGKsxh.jpg
33166,Crash (2004),"Crime,Drama",2,1640.0,3.89,50,racism,Crime Drama racism,https://image.tmdb.org/t/p/w300/86BdPC6RDX88NC880pLidKn2LCj.jpg
33493,Star Wars: Episode III - Revenge of the Sith (2005),"Action,Adventure,Sci-Fi",3,1895.0,3.4294871794871793,156,space space opera,Action Adventure Sci-Fi space space opera,https://image.tmdb.org/t/p/w300/xfSAoBEm9MNBjmlNcDYLvLSMlnq.jpg
33660,Cinderella Man (2005),"Drama,Romance",2,921.0,4.088235294117647,34,boksdrama boxing,Drama Romance boksdrama boxing,https://image.tmdb.org/t/p/w300/wkeOjIcpuqLMW4GnVowlM9VI0JE.jpg
34150,Fantastic Four (2005),"Action,Adventure,Sci-Fi",3,9738.0,2.763888888888889,216,Chris Evans comic book heroine in tight suit Jessica Alba sexy female scientist superhero,Action Adventure Sci-Fi Chris Evans comic book heroine in tight suit Jessica Alba sexy female scientist superhero,https://image.tmdb.org/t/p/w300/4YMcYEFS8sFuW3soP1HVmgR3cSm.jpg
34162,Wedding Crashers (2005),"Comedy,Romance",2,9522.0,3.5086206896551726,58,stiller,Comedy Romance stiller,https://image.tmdb.org/t/p/w300/lFM3lk2zVzC1YFnKm0r6LbFPyRu.jpg
34271,Hustle & Flow (2005),"Crime,Drama",2,10476.0,3.75,4,hip hop,Crime Drama hip hop,https://image.tmdb.org/t/p/w300/yO5QTMZ2Oex6mwsgJuwRuINGuOQ.jpg
34323,"Devil's Rejects, The (2005)","Action,Crime,Horror",3,1696.0,3.7142857142857144,7,Rob Zombie,Action Crime Horror Rob Zombie,https://image.tmdb.org/t/p/w300/drZz4AuI7trq6BxlH9Xa4v4O0Pb.jpg
34359,Georgy Girl (1966),Comedy,1,42719.0,4.0,1,pregnancy,Comedy pregnancy,https://image.tmdb.org/t/p/w300/2v6ezHOqJM2HpSHiGWqLj0Mqs78.jpg
34405,Serenity (2005),"Action,Adventure,Sci-Fi",3,16320.0,3.94,100,predictable Firefly,Action Adventure Sci-Fi predictable Firefly,https://image.tmdb.org/t/p/w300/4sqUOaPFoP2W81mq1UYqZqf5WzA.jpg
34437,Broken Flowers (2005),"Comedy,Drama",2,308.0,3.4761904761904763,21,In Netflix queue,Comedy Drama In Netflix queue,https://image.tmdb.org/t/p/w300/gd8JNjwgiM6ZgGm6NFAkovQWoYn.jpg
34528,Junebug (2005),"Comedy,Drama",2,1444.0,3.6666666666666665,3,pregnancy,Comedy Drama pregnancy,https://image.tmdb.org/t/p/w300/asC6UOPrR6OlNMiyXbeXWu08SOG.jpg
34542,Grizzly Man (2005),Documentary,1,501.0,3.7,10,Animal movie bears,Documentary Animal movie bears,https://image.tmdb.org/t/p/w300/zuZWpcuye25rpsiZ4XzsAvmLDHG.jpg
35015,Duma (2005),"Adventure,Drama",2,15907.0,3.5,2,Animal movie In Netflix queue,Adventure Drama Animal movie In Netflix queue,https://image.tmdb.org/t/p/w300/opoDxQW9S6SaiP8rY7urw16QVTL.jpg
35836,"40-Year-Old Virgin, The (2005)","Comedy,Romance",2,6957.0,3.5472972972972974,296,BEST PICTURE classic hilarious steve carell,Comedy Romance BEST PICTURE classic hilarious steve carell,https://image.tmdb.org/t/p/w300/mVeoqL37gzhMXQVpONi9DGOQ3tZ.jpg
36517,"Constant Gardener, The (2005)","Drama,Thriller",2,1985.0,3.4615384615384617,39,Africa business politics,Drama Thriller Africa business politics,https://image.tmdb.org/t/p/w300/nkXq7V7mmJVbvwZGr3nxkHo7HkS.jpg
36527,Proof (2005),Drama,1,9777.0,3.5714285714285716,7,mathematics,Drama mathematics,https://image.tmdb.org/t/p/w300/h5z4JWhaPYMMXhYzwuK7SUgjmMm.jpg
36529,Lord of War (2005),"Action,Crime,Drama,Thriller,War",5,1830.0,3.7142857142857144,35,wapendrama,Action Crime Drama Thriller War wapendrama,https://image.tmdb.org/t/p/w300/3MGQD4yXokufNlW1AyRXdiy7ytP.jpg
36535,Everything Is Illuminated (2005),"Comedy,Drama",2,340.0,3.7777777777777777,9,In Netflix queue,Comedy Drama In Netflix queue,https://image.tmdb.org/t/p/w300/gk469Y3fJTlbcAkSNMZc4OtETOK.jpg
37240,Why We Fight (2005),Documentary,1,14286.0,3.5,4,In Netflix queue,Documentary In Netflix queue,https://image.tmdb.org/t/p/w300/kfOmnlwt1rrhxmxc05X3i9mHSOs.jpg
37384,Waiting... (2005),Comedy,1,7553.0,3.269230769230769,13,restaurant,Comedy restaurant,https://image.tmdb.org/t/p/w300/uyZ11F0ZdUWR29wx8pS9CMCNyse.jpg
37729,Corpse Bride (2005),"Animation,Comedy,Fantasy,Musical,Romance",5,3933.0,3.534090909090909,308,gothic helena bonham carter Johnny Depp Tim Burton visually appealing animation 06 Oscar Nominated Best Movie - Animation,Animation Comedy Fantasy Musical Romance gothic helena bonham carter Johnny Depp Tim Burton visually appealing animation 06 Oscar Nominated Best Movie - Animation,https://image.tmdb.org/t/p/w300/3RAoVTxUk1OzZClscAsynuu670p.jpg
37733,"History of Violence, A (2005)","Action,Crime,Drama,Thriller",4,59.0,3.5,27,In Netflix queue,Action Crime Drama Thriller In Netflix queue,https://image.tmdb.org/t/p/w300/3qnO72NHmUgs9JZXAmu4aId9QDl.jpg
37736,Oliver Twist (2005),Drama,1,257.0,3.5,3,Dickens,Drama Dickens,https://image.tmdb.org/t/p/w300/zhPdYZ3x2uanhM1SyBj4CuL6hSa.jpg
37741,Capote (2005),"Crime,Drama",2,398.0,3.869565217391304,23,Truman Capote,Crime Drama Truman Capote,https://image.tmdb.org/t/p/w300/tzsxkZMnJvozpHQEl1KzO8KwWu.jpg
38038,Wallace & Gromit in The Curse of the Were-Rabbit (2005),"Adventure,Animation,Children,Comedy",4,533.0,3.6333333333333333,60,06 Oscar Nominated Best Movie - Animation Aardman,Adventure Animation Children Comedy 06 Oscar Nominated Best Movie - Animation Aardman,https://image.tmdb.org/t/p/w300/cMQ2lNd7sBe6PCf6zF5QxrKzbRG.jpg
38061,Kiss Kiss Bang Bang (2005),"Comedy,Crime,Mystery,Thriller",4,5236.0,4.071428571428571,245,black comedy clever fast-paced dialogue good dialogue Robert Downey Jr. witty In Netflix queue,Comedy Crime Mystery Thriller black comedy clever fast-paced dialogue good dialogue Robert Downey Jr. witty In Netflix queue,https://image.tmdb.org/t/p/w300/aWfjIkpENFX6Uw82pET7EQ6jnrd.jpg
38798,In Her Shoes (2005),"Comedy,Drama",2,11931.0,3.125,4,sisters,Comedy Drama sisters,https://image.tmdb.org/t/p/w300/gmd2n3TuXewrbINp8Jfhwd5Jw6S.jpg
38886,"Squid and the Whale, The (2005)","Comedy,Drama",2,10707.0,3.4444444444444446,9,divorce,Comedy Drama divorce,https://image.tmdb.org/t/p/w300/9NbXn1NMdfGM491V3EFjZADR9SX.jpg
39234,North Country (2005),Drama,1,9701.0,3.5,8,courtroom drama In Netflix queue,Drama courtroom drama In Netflix queue,https://image.tmdb.org/t/p/w300/upxUN4zmX79o49mBW9htKZDeNq7.jpg
39292,"Good Night, and Good Luck. (2005)","Crime,Drama",2,3291.0,3.775,80,In Netflix queue journalism McCarthy hearings Morrow,Crime Drama In Netflix queue journalism McCarthy hearings Morrow,https://image.tmdb.org/t/p/w300/w4QSEno2xxHqMtSr3mPUhJpO3F2.jpg
40278,Jarhead (2005),"Action,Drama,War",3,25.0,3.676470588235294,34,Jake Gyllenhaal Modern war,Action Drama War Jake Gyllenhaal Modern war,https://image.tmdb.org/t/p/w300/6vdj47RAWOUZBkeQmqToeZ7eaio.jpg
40491,"Match Factory Girl, The (Tulitikkutehtaan tyttö) (1990)","Comedy,Drama",2,7974.0,5.0,1,depression,Comedy Drama depression,https://image.tmdb.org/t/p/w300/zHfabvr3RKEbNfksFBs2Cder91i.jpg
40583,Syriana (2005),"Drama,Thriller",2,231.0,3.53125,16,In Netflix queue,Drama Thriller In Netflix queue,https://image.tmdb.org/t/p/w300/mO3hWUTOxmLJxihvDU0YFkb0Mb5.jpg
40629,Pride & Prejudice (2005),"Drama,Romance",2,4348.0,3.5555555555555554,27,In Netflix queue,Drama Romance In Netflix queue,https://image.tmdb.org/t/p/w300/o8UhmEbWPHmTUxP0lMuCoqNkbB3.jpg
40815,Harry Potter and the Goblet of Fire (2005),"Adventure,Fantasy,IMAX,Thriller",4,674.0,3.816901408450704,142,Magic Wizards,Adventure Fantasy IMAX Thriller Magic Wizards,https://image.tmdb.org/t/p/w300/fECBtHlr0RB3foNHDiCBXeg9Bv9.jpg
40819,Walk the Line (2005),"Drama,Musical,Romance",3,69.0,3.7564102564102564,39,Johnny Cash,Drama Musical Romance Johnny Cash,https://image.tmdb.org/t/p/w300/p8lPTjvjOjTfvC1E9pmMwcF9vkn.jpg
40955,Breakfast on Pluto (2005),"Comedy,Drama",2,1420.0,3.875,4,transvestite,Comedy Drama transvestite,https://image.tmdb.org/t/p/w300/14tmdb1PiLNDZf3VD29S2nUKVV0.jpg
41566,"Chronicles of Narnia: The Lion, the Witch and the Wardrobe, The (2005)","Adventure,Children,Fantasy",3,411.0,3.443548387096774,62,C.S. Lewis,Adventure Children Fantasy C.S. Lewis,https://image.tmdb.org/t/p/w300/iREd0rNCjYdf5Ar0vfaW32yrkm.jpg
41569,King Kong (2005),"Action,Adventure,Drama,Fantasy,Thriller",5,254.0,3.4,40,big budget,Action Adventure Drama Fantasy Thriller big budget,https://image.tmdb.org/t/p/w300/6a2HY6UmD7XiDD3NokgaBAXEsD2.jpg
41997,Munich (2005),"Action,Crime,Drama,Thriller",4,612.0,3.8095238095238093,21,In Netflix queue,Action Crime Drama Thriller In Netflix queue,https://image.tmdb.org/t/p/w300/iUekaw96QLInZpsNwRTlRKrZgwm.jpg
42002,"Producers, The (2005)","Comedy,Musical",2,9899.0,3.388888888888889,9,In Netflix queue,Comedy Musical In Netflix queue,https://image.tmdb.org/t/p/w300/nG0Bix2SH2SQcbAIGhb6yqTG5UH.jpg
42422,Voices of a Distant Star (Hoshi no koe) (2003),"Animation,Drama,Romance,Sci-Fi",4,37910.0,4.5,1,love,Animation Drama Romance Sci-Fi love,https://image.tmdb.org/t/p/w300/mvRqW2z4iBws3CDkCNmojksyr4V.jpg
42632,Lady Vengeance (Sympathy for Lady Vengeance) (Chinjeolhan geumjassi) (2005),"Crime,Drama,Mystery,Thriller",4,4550.0,4.0,5,brutality,Crime Drama Mystery Thriller brutality,https://image.tmdb.org/t/p/w300/3Oy3iLMqD79us2iAUD6fKqWebYU.jpg
42740,Looking for Comedy in the Muslim World (2005),Comedy,1,25890.0,3.5,1,In Netflix queue,Comedy In Netflix queue,https://image.tmdb.org/t/p/w300/7U1stA5Jr2PjGKu21mIA3mHnohl.jpg
44665,Lucky Number Slevin (2006),"Crime,Drama,Mystery",3,186.0,3.8552631578947367,38,twist ending,Crime Drama Mystery twist ending,https://image.tmdb.org/t/p/w300/x21s3p5wPww534nYj1cWakTcqz4.jpg
44889,Reefer Madness: The Movie Musical (2005),"Comedy,Drama,Musical",3,20521.0,4.75,2,satire,Comedy Drama Musical satire,https://image.tmdb.org/t/p/w300/38xnsPZiuIYMTsOXhtTIg1dUnRu.jpg
45447,"Da Vinci Code, The (2006)","Drama,Mystery,Thriller",3,591.0,3.122448979591837,343,adventure Audrey Tautou conspiracy theory Mystery Paris Tom Hanks treasure hunt,Drama Mystery Thriller adventure Audrey Tautou conspiracy theory Mystery Paris Tom Hanks treasure hunt,https://image.tmdb.org/t/p/w300/9ejKfNk0LBhSI9AahH4f9NJNZNM.jpg
45499,X-Men: The Last Stand (2006),"Action,Sci-Fi,Thriller",3,36668.0,3.355769230769231,104,Halle Berry Hugh Jackman,Action Sci-Fi Thriller Halle Berry Hugh Jackman,https://image.tmdb.org/t/p/w300/a2xicU8DpKtRizOHjQLC1JyCSRS.jpg
45730,Lady in the Water (2006),"Drama,Fantasy,Mystery",3,9697.0,2.8333333333333335,63,bad disappointing faerie tale fairy tale far fetched M. Night Shyamalan Paul Giamatti,Drama Fantasy Mystery bad disappointing faerie tale fairy tale far fetched M. Night Shyamalan Paul Giamatti,https://image.tmdb.org/t/p/w300/ddNmoSy1Jd3PBF5XDZvrrBIfrja.jpg
45880,Marie Antoinette (2006),"Drama,Romance",2,1887.0,3.1923076923076925,26,cinematography lyrical,Drama Romance cinematography lyrical,https://image.tmdb.org/t/p/w300/cybXGmv8Rjd5Os8Xml6YxMBQ0Zt.jpg
46723,Babel (2006),"Drama,Thriller",2,1164.0,3.5,124,Brad Pitt cate blanchett multiple storylines social commentary,Drama Thriller Brad Pitt cate blanchett multiple storylines social commentary,https://image.tmdb.org/t/p/w300/bZByZbvU7u14WjoUJERqCRW9saN.jpg
46972,Night at the Museum (2006),"Action,Comedy,Fantasy,IMAX",4,1593.0,3.239130434782609,46,Ben Stiller Robin Williams,Action Comedy Fantasy IMAX Ben Stiller Robin Williams,https://image.tmdb.org/t/p/w300/pDsAAYf6Zn0yiAGJ6lYGs6hoZ4E.jpg
46976,Stranger than Fiction (2006),"Comedy,Drama,Fantasy,Romance",4,1262.0,3.6931818181818183,264,emma thompson Maggie Gyllenhaal modern fantasy romance surreal Will Ferrell,Comedy Drama Fantasy Romance emma thompson Maggie Gyllenhaal modern fantasy romance surreal Will Ferrell,https://image.tmdb.org/t/p/w300/nCzcepubwShvZ4vbCsygQNgF2Z1.jpg
47610,"Illusionist, The (2006)","Drama,Fantasy,Mystery,Romance",4,1491.0,3.7790697674418605,172,costume drama Edward Norton magic Paul Giamatti,Drama Fantasy Mystery Romance costume drama Edward Norton magic Paul Giamatti,https://image.tmdb.org/t/p/w300/1O9jUvqkHaGBMVRyOJz1AlkmALW.jpg
48394,"Pan's Labyrinth (Laberinto del fauno, El) (2006)","Drama,Fantasy,Thriller",3,1417.0,3.814814814814815,243,atmospheric bittersweet visually appealing,Drama Fantasy Thriller atmospheric bittersweet visually appealing,https://image.tmdb.org/t/p/w300/z7xXihu5wHuSMWymq5VAulPVuvg.jpg
48516,"Departed, The (2006)","Crime,Drama,Thriller",3,1422.0,4.252336448598131,1070,way too long Leonardo DiCaprio suspense twist ending undercover cop atmospheric Jack Nicholson Martin Scorsese,Crime Drama Thriller way too long Leonardo DiCaprio suspense twist ending undercover cop atmospheric Jack Nicholson Martin Scorsese,https://image.tmdb.org/t/p/w300/nT97ifVT2J1yMQmeq20Qblg61T.jpg
48698,Deliver Us from Evil (2006),Documentary,1,13364.0,4.5,2,the catholic church is the most corrupt organization in history,Documentary the catholic church is the most corrupt organization in history,https://image.tmdb.org/t/p/w300/4FSBT712p6OwawSqLCkloNSqMaM.jpg
48780,"Prestige, The (2006)","Drama,Mystery,Sci-Fi,Thriller",4,1124.0,4.0055555555555555,270,ummarti2006 atmospheric enigmatic,Drama Mystery Sci-Fi Thriller ummarti2006 atmospheric enigmatic,https://image.tmdb.org/t/p/w300/Ag2B2KHKQPukjH7WutmgnnSNurZ.jpg
49130,"Good Year, A (2006)","Comedy,Drama,Romance",3,9726.0,3.6666666666666665,3,Marion Cotillard,Comedy Drama Romance Marion Cotillard,https://image.tmdb.org/t/p/w300/10ErazhJxfL68rWg2KLfwiRuIou.jpg
49530,Blood Diamond (2006),"Action,Adventure,Crime,Drama,Thriller,War",6,1372.0,3.7641509433962264,265,Africa corruption Jennifer Connelly justice Leonardo DiCaprio,Action Adventure Crime Drama Thriller War Africa corruption Jennifer Connelly justice Leonardo DiCaprio,https://image.tmdb.org/t/p/w300/bqKNoySmI4eOjsSjJEnLj4j2HAp.jpg
50872,Ratatouille (2007),"Animation,Children,Drama",3,2062.0,3.8680555555555554,288,a clever chef rat inspirational clever,Animation Children Drama a clever chef rat inspirational clever,https://image.tmdb.org/t/p/w300/t3vaWRPSf6WjDSamIkKDs1iQWna.jpg
51255,Hot Fuzz (2007),"Action,Comedy,Crime,Mystery",4,4638.0,4.0,61,british comedy,Action Comedy Crime Mystery british comedy,https://image.tmdb.org/t/p/w300/zPib4ukTSdXvHP9pxGkFCe34f3y.jpg
52287,Meet the Robinsons (2007),"Action,Adventure,Animation,Children,Comedy,Sci-Fi",6,1267.0,3.5454545454545454,11,Something for everyone in this one... saw it without and plan on seeing it with kids!,Action Adventure Animation Children Comedy Sci-Fi Something for everyone in this one... saw it without and plan on seeing it with kids!,https://image.tmdb.org/t/p/w300/naya0zF4kT401Sx15AtwB9vpcJr.jpg
52604,Fracture (2007),"Crime,Drama,Mystery,Thriller",4,6145.0,3.6666666666666665,36,Anthony Hopkins courtroom drama twist ending,Crime Drama Mystery Thriller Anthony Hopkins courtroom drama twist ending,https://image.tmdb.org/t/p/w300/qNen8x5gaikjIg9CFihgxYcJwQe.jpg
52712,"Invisible, The (2007)","Crime,Drama,Fantasy,Mystery,Thriller",5,9785.0,2.3333333333333335,6,HORRIBLE ACTING interesting,Crime Drama Fantasy Mystery Thriller HORRIBLE ACTING interesting,https://image.tmdb.org/t/p/w300/vSJloUNJSKWJzQ4RbxBFKOA2p2m.jpg
52885,Paprika (Papurika) (2006),"Animation,Mystery,Sci-Fi",3,4977.0,3.7777777777777777,9,dreamlike,Animation Mystery Sci-Fi dreamlike,https://image.tmdb.org/t/p/w300/bLUUr474Go1DfeN1HLjE3rnZXBq.jpg
53127,Bug (2007),"Drama,Horror,Thriller",3,12526.0,2.875,24,based on a play conspiracy theory creepy Insanity paranoia PTSD,Drama Horror Thriller based on a play conspiracy theory creepy Insanity paranoia PTSD,https://image.tmdb.org/t/p/w300/yjTmmAngldFoyDhHxNM8fHblk3O.jpg
53464,Fantastic Four: Rise of the Silver Surfer (2007),"Action,Adventure,Sci-Fi",3,1979.0,2.575,140,bad acting bad jokes bad plot Chris Evans Jessica Alba Marvel sexy female scientist,Action Adventure Sci-Fi bad acting bad jokes bad plot Chris Evans Jessica Alba Marvel sexy female scientist,https://image.tmdb.org/t/p/w300/1rxTraSO45jbvTrCeSvJ6RmOu1b.jpg
53468,Fido (2006),"Comedy,Horror,Thriller",3,10288.0,3.2857142857142856,7,zombies,Comedy Horror Thriller zombies,https://image.tmdb.org/t/p/w300/hKUUn6f4Hxj5iqQKMlQzRqbg2yT.jpg
54286,"Bourne Ultimatum, The (2007)","Action,Crime,Thriller",3,2503.0,3.697530864197531,324,assassin assassin-in-training (scene) espionage Robert Ludlum,Action Crime Thriller assassin assassin-in-training (scene) espionage Robert Ludlum,https://image.tmdb.org/t/p/w300/15rMz5MRXFp7CP4VxhjYw4y0FUn.jpg
54503,Superbad (2007),Comedy,1,8363.0,3.8636363636363638,385,friendship high school Michael Cera nerds self discovery shenanigans virginity,Comedy friendship high school Michael Cera nerds self discovery shenanigans virginity,https://image.tmdb.org/t/p/w300/ek8e8txUyUwd2BNqj6lFEerJfbq.jpg
54997,3:10 to Yuma (2007),"Action,Crime,Drama,Western",4,5176.0,4.06,25,Christian Bale,Action Crime Drama Western Christian Bale,https://image.tmdb.org/t/p/w300/voMB69AsLnPNmtfbrBl0lbeFKDH.jpg
55167,Tekkonkinkreet (Tekkon kinkurîto) (2006),"Action,Adventure,Animation,Crime,Fantasy",5,13754.0,4.625,4,anime,Action Adventure Animation Crime Fantasy anime,https://image.tmdb.org/t/p/w300/e2x1YDuZPpQiaQS25Ego7xMZYOI.jpg
55290,Gone Baby Gone (2007),"Crime,Drama,Mystery",3,4771.0,3.45,60,Casey Affleck great performances twist,Crime Drama Mystery Casey Affleck great performances twist,https://image.tmdb.org/t/p/w300/rm3Dl8DWYGO3UQ3w2kju62L9rkn.jpg
55721,Elite Squad (Tropa de Elite) (2007),"Action,Crime,Drama,Thriller",4,7347.0,4.3,10,Favelas,Action Crime Drama Thriller Favelas,https://image.tmdb.org/t/p/w300/lwIXz785N2fXi8hsBr1IXciFlkM.jpg
55765,American Gangster (2007),"Crime,Drama,Thriller",3,4982.0,3.9054054054054053,148,corruption Denzel Washington mafia organized crime,Crime Drama Thriller corruption Denzel Washington mafia organized crime,https://image.tmdb.org/t/p/w300/sX9idXDqRUxE5ffww3n3RV5gL55.jpg
56174,I Am Legend (2007),"Action,Horror,IMAX,Sci-Fi,Thriller",5,6479.0,3.4838709677419355,558,alone in the world apocalypse based on a book last man on earth plot holes Post apocalyptic post-apocalyptic religion vampire,Action Horror IMAX Sci-Fi Thriller alone in the world apocalypse based on a book last man on earth plot holes Post apocalyptic post-apocalyptic religion vampire,https://image.tmdb.org/t/p/w300/iPDkaSdKk2jRLTM65UOEoKtsIZ8.jpg
56367,Juno (2007),"Comedy,Drama,Romance",3,7326.0,3.769230769230769,325,Michael Cera notable soundtrack pregnancy teenage pregnancy witty,Comedy Drama Romance Michael Cera notable soundtrack pregnancy teenage pregnancy witty,https://image.tmdb.org/t/p/w300/jNIn2tVhpvFD6P9IojldI3mNYcn.jpg
56782,There Will Be Blood (2007),"Drama,Western",2,7345.0,4.142857142857143,224,atmospheric cerebral character study gritty intense long shots morality visually appealing,Drama Western atmospheric cerebral character study gritty intense long shots morality visually appealing,https://image.tmdb.org/t/p/w300/fa0RDkAlCec0STeMNAhPaF89q6U.jpg
57502,Cat Soup (Nekojiru-so) (2001),"Adventure,Animation,Drama,Horror",4,25078.0,4.0,4,abstract dark psychedelic surreal,Adventure Animation Drama Horror abstract dark psychedelic surreal,https://image.tmdb.org/t/p/w300/85c6VTiUOtizQBoT9ekBBlUz3zc.jpg
57669,In Bruges (2008),"Comedy,Crime,Drama,Thriller",4,8321.0,4.158536585365853,328,black comedy Colin Farrell dark comedy drugs friendship irreverent Ralph Fiennes stylized,Comedy Crime Drama Thriller black comedy Colin Farrell dark comedy drugs friendship irreverent Ralph Fiennes stylized,https://image.tmdb.org/t/p/w300/vz3Vd6nfq9YZrVvyYx5RHFaYKV3.jpg
58047,"Definitely, Maybe (2008)","Comedy,Drama,Romance",3,8390.0,3.4285714285714284,28,Rachel Weisz Ryan Reynolds,Comedy Drama Romance Rachel Weisz Ryan Reynolds,https://image.tmdb.org/t/p/w300/4FuN9nBJ7ttO4BUopJCpT6B0yhH.jpg
58295,"Bank Job, The (2008)","Action,Crime,Thriller",3,8848.0,3.6153846153846154,39,heist robbery small time criminals,Action Crime Thriller heist robbery small time criminals,https://image.tmdb.org/t/p/w300/bfXjFTytfFTdo9WeO7lYqzkHG7g.jpg
58301,Funny Games U.S. (2007),"Drama,Thriller",2,8461.0,4.375,20,dark humor dark intelligent thought-provoking,Drama Thriller dark humor dark intelligent thought-provoking,https://image.tmdb.org/t/p/w300/zs92sAOh3Q0kDIJkgaJFTBzSFka.jpg
58559,"Dark Knight, The (2008)","Action,Crime,Drama,IMAX",4,155.0,4.238255033557047,596,psychology superhero dark gritty,Action Crime Drama IMAX psychology superhero dark gritty,https://image.tmdb.org/t/p/w300/qJ2tW6WMUDux911r6m7haRef0WH.jpg
59103,"Forbidden Kingdom, The (2008)","Action,Adventure,Comedy,Fantasy",4,1729.0,3.8333333333333335,6,jackie chan kung fu,Action Adventure Comedy Fantasy jackie chan kung fu,https://image.tmdb.org/t/p/w300/z8chF1Z7hyuSVqLYTgElkQZh2VB.jpg
59141,Son of Rambow (2007),"Children,Comedy,Drama",3,13258.0,4.666666666666667,3,movies about movies,Children Comedy Drama movies about movies,https://image.tmdb.org/t/p/w300/hOCdlpTs91eDohj5LhCGQF4bxqe.jpg
59501,"Chronicles of Narnia: Prince Caspian, The (2008)","Adventure,Children,Fantasy",3,2454.0,3.5416666666666665,48,fantasy lion narnia Tilda Swinton,Adventure Children Fantasy fantasy lion narnia Tilda Swinton,https://image.tmdb.org/t/p/w300/qxz3WIyjZiSKUhaTIEJ3c1GcC9z.jpg
60069,WALL·E (2008),"Adventure,Animation,Children,Romance,Sci-Fi",5,10681.0,4.0576923076923075,416,last man on earth love story Post apocalyptic social commentary,Adventure Animation Children Romance Sci-Fi last man on earth love story Post apocalyptic social commentary,https://image.tmdb.org/t/p/w300/hbhFnRzzg6ZDmm8YAmxBnQpQIPh.jpg
60074,Hancock (2008),"Action,Adventure,Comedy,Crime,Fantasy",5,8960.0,3.0344827586206895,87,bad script Charlize Theron Will Smith,Action Adventure Comedy Crime Fantasy bad script Charlize Theron Will Smith,https://image.tmdb.org/t/p/w300/7DyuV2G0hLEqHeueDfOqhZ2DVut.jpg
60126,Get Smart (2008),"Action,Comedy",2,11665.0,3.46875,32,Anne Hathaway Steve Carell,Action Comedy Anne Hathaway Steve Carell,https://image.tmdb.org/t/p/w300/sZUjbtUS8qxXp4mj90evnqPJqX7.jpg
60516,Meet Dave (2008),"Adventure,Children,Comedy,Romance,Sci-Fi",5,11260.0,3.5,2,enjoyable,Adventure Children Comedy Romance Sci-Fi enjoyable,https://image.tmdb.org/t/p/w300/3Qfav5aVRcZmq854olMjJ795JJ2.jpg
60756,Step Brothers (2008),Comedy,1,12133.0,3.5535714285714284,224,funny Highly quotable will ferrell comedy,Comedy funny Highly quotable will ferrell comedy,https://image.tmdb.org/t/p/w300/nvggBbEraUTAVR6ffP3AaBUWSHs.jpg
60950,Vicky Cristina Barcelona (2008),"Comedy,Drama,Romance",3,5038.0,3.09375,16,threesome,Comedy Drama Romance threesome,https://image.tmdb.org/t/p/w300/ekAIg0GSbbHTH7y1GPgWj0brLTW.jpg
61024,Pineapple Express (2008),"Action,Comedy,Crime",3,10189.0,3.6774193548387095,124,comedy James Franco Seth Rogen Stoner Movie,Action Comedy Crime comedy James Franco Seth Rogen Stoner Movie,https://image.tmdb.org/t/p/w300/6E50WjeOYjDZg9HXgPjYdGtY2jG.jpg
61323,Burn After Reading (2008),"Comedy,Crime,Drama",3,4944.0,3.4871794871794872,429,dark comedy Brad Pitt Coen Bros Coen Brothers espionage George Clooney John Malkovich satire twists & turns weird,Comedy Crime Drama dark comedy Brad Pitt Coen Bros Coen Brothers espionage George Clooney John Malkovich satire twists & turns weird,https://image.tmdb.org/t/p/w300/jdwSkQu3XirmX18MNj8CqFWsCk.jpg
62336,FLCL (2000),"Animation,Comedy,Fantasy,Sci-Fi",4,225130.0,4.277777777777778,36,2D animation cult film stylish surreal,Animation Comedy Fantasy Sci-Fi 2D animation cult film stylish surreal,
62434,Zack and Miri Make a Porno (2008),"Comedy,Drama,Romance",3,10358.0,3.5238095238095237,42,Seth Rogen Sexual Humor,Comedy Drama Romance Seth Rogen Sexual Humor,https://image.tmdb.org/t/p/w300/ipePhKf87FixwfAVJ8MMWK53caI.jpg
63062,Changeling (2008),"Crime,Drama,Mystery",3,3580.0,3.4375,8,emotional,Crime Drama Mystery emotional,https://image.tmdb.org/t/p/w300/829VqESzooUXRVgrfM7PtNBGySf.jpg
63992,Twilight (2008),"Drama,Fantasy,Romance,Thriller",4,8966.0,2.409090909090909,110,audience intelligence underestimated boring chick flick overrated Teen movie,Drama Fantasy Romance Thriller audience intelligence underestimated boring chick flick overrated Teen movie,https://image.tmdb.org/t/p/w300/3Gkb6jm6962ADUPaCBqzz9CTbn9.jpg
64034,"Boy in the Striped Pajamas, The (Boy in the Striped Pyjamas, The) (2008)","Drama,War",2,14574.0,3.4166666666666665,12,childish naivity friendship,Drama War childish naivity friendship,https://image.tmdb.org/t/p/w300/2C8QCXdMlojTxZjfBlINr4FWcb6.jpg
66097,Coraline (2009),"Animation,Fantasy,Thriller",3,14836.0,3.7,210,claymation creepy dark dark fairy tale Surreal Tim Burton,Animation Fantasy Thriller claymation creepy dark dark fairy tale Surreal Tim Burton,https://image.tmdb.org/t/p/w300/4jeFXQYytChdZYE9JYO7Un87IlW.jpg
66934,Dr. Horrible's Sing-Along Blog (2008),"Comedy,Drama,Musical,Sci-Fi",4,14301.0,3.9166666666666665,96,joss whedon Nathan Fillion Neil Patrick Harris parody,Comedy Drama Musical Sci-Fi joss whedon Nathan Fillion Neil Patrick Harris parody,
67087,"I Love You, Man (2009)",Comedy,1,16538.0,3.5294117647058822,136,Andy Samberg bromance bromantic comedy Jaime Pressly Jason Segel masculinity Paul Rudd,Comedy Andy Samberg bromance bromantic comedy Jaime Pressly Jason Segel masculinity Paul Rudd,https://image.tmdb.org/t/p/w300/xr4zAYsvgTzvMMiWu6qCAP9WBer.jpg
67695,Observe and Report (2009),"Action,Comedy",2,16991.0,2.625,4,Seth Rogen,Action Comedy Seth Rogen,https://image.tmdb.org/t/p/w300/zHuouWUKlRK0SeIjzTlmtoPLrFA.jpg
68157,Inglourious Basterds (2009),"Action,Drama,War",3,16869.0,4.136363636363637,440,black comedy Brad Pitt Christoph Waltz Quentin Tarantino satire,Action Drama War black comedy Brad Pitt Christoph Waltz Quentin Tarantino satire,https://image.tmdb.org/t/p/w300/7sfbEnaARXDDhKm0CZ7D7uc2sbo.jpg
68237,Moon (2009),"Drama,Mystery,Sci-Fi,Thriller",4,17431.0,3.96875,96,2001-like Sci-fi solitude,Drama Mystery Sci-Fi Thriller 2001-like Sci-fi solitude,https://image.tmdb.org/t/p/w300/35IU0Mq0zFsN1mYwDGts5mKc77n.jpg
68319,X-Men Origins: Wolverine (2009),"Action,Sci-Fi,Thriller",3,2080.0,2.8653846153846154,156,comic book bad plot hugh jackman Ryan Reynolds too many characters,Action Sci-Fi Thriller comic book bad plot hugh jackman Ryan Reynolds too many characters,https://image.tmdb.org/t/p/w300/yj8LbTju1p7CUJg7US2unSBk33s.jpg
68358,Star Trek (2009),"Action,Adventure,IMAX,Sci-Fi",4,13475.0,3.864406779661017,531,future lack of development lack of story quick cuts sci-fi Simon Pegg space space travel time travel,Action Adventure IMAX Sci-Fi future lack of development lack of story quick cuts sci-fi Simon Pegg space space travel time travel,https://image.tmdb.org/t/p/w300/hN2ZtF3Uw6mhIHZiqL0SKzELtKn.jpg
68791,Terminator Salvation (2009),"Action,Adventure,Sci-Fi,Thriller",4,534.0,3.25,216,artificial intelligence bad acting bad plot bad script Christian Bale FIGHTING THE SYSTEM franchise new composer post-apocalyptic robots sci-fi sequel,Action Adventure Sci-Fi Thriller artificial intelligence bad acting bad plot bad script Christian Bale FIGHTING THE SYSTEM franchise new composer post-apocalyptic robots sci-fi sequel,https://image.tmdb.org/t/p/w300/gw6JhlekZgtKUFlDTezq3j5JEPK.jpg
68848,"Brothers Bloom, The (2008)","Adventure,Comedy,Crime,Romance",4,21755.0,4.333333333333333,18,Adrien Brody con artists funny interesting characters Mark Ruffalo Rachel Weisz,Adventure Comedy Crime Romance Adrien Brody con artists funny interesting characters Mark Ruffalo Rachel Weisz,https://image.tmdb.org/t/p/w300/xIz8iwzyjgWGzcIwHKpqhBs77ML.jpg
68945,Neon Genesis Evangelion: Death & Rebirth (Shin seiki Evangelion Gekijô-ban: Shito shinsei) (1997),"Action,Animation,Mystery,Sci-Fi",4,21832.0,4.0,2,Recap,Action Animation Mystery Sci-Fi Recap,https://image.tmdb.org/t/p/w300/lXBjqzo6c4NyLuJtqOiH39kswji.jpg
68954,Up (2009),"Adventure,Animation,Children,Drama",4,14160.0,4.004761904761905,1365,adventure Bechdel Test:Fail cartoon children computer animation divorce dogs dreams Pixar bittersweet emotional heartbreaking touching,Adventure Animation Children Drama adventure Bechdel Test:Fail cartoon children computer animation divorce dogs dreams Pixar bittersweet emotional heartbreaking touching,https://image.tmdb.org/t/p/w300/mFvoEwSfLqbcWwFsDjQebn9bzFe.jpg
69122,"Hangover, The (2009)","Comedy,Crime",2,18785.0,3.6315789473684212,380,casino comedy funny hotel Las Vegas,Comedy Crime casino comedy funny hotel Las Vegas,https://image.tmdb.org/t/p/w300/A0uS9rHR56FeBtpjVki16M5xxSW.jpg
69481,"Hurt Locker, The (2008)","Action,Drama,Thriller,War",4,12162.0,4.0588235294117645,34,war,Action Drama Thriller War war,https://image.tmdb.org/t/p/w300/io2dfBJhasvGbgkCX9cCGVOiA99.jpg
69526,Transformers: Revenge of the Fallen (2009),"Action,Adventure,IMAX,Sci-Fi",4,8373.0,2.425,140,bad plot Michael Bay needed more autobots plot holes ridiculous Shia LaBeouf stop using useless characters for filler,Action Adventure IMAX Sci-Fi bad plot Michael Bay needed more autobots plot holes ridiculous Shia LaBeouf stop using useless characters for filler,https://image.tmdb.org/t/p/w300/pLBb0whOzVDtJvyD4DPeQyQNOqp.jpg
69757,(500) Days of Summer (2009),"Comedy,Drama,Romance",3,19913.0,3.6666666666666665,336,artistic Funny humorous inspiring intelligent quirky romance Zooey Deschanel,Comedy Drama Romance artistic Funny humorous inspiring intelligent quirky romance Zooey Deschanel,https://image.tmdb.org/t/p/w300/qXAuQ9hF30sQRsXf40OfRVl0MJZ.jpg
70286,District 9 (2009),"Mystery,Sci-Fi,Thriller",3,17654.0,3.776923076923077,65,intelligent sci-fi,Mystery Sci-Fi Thriller intelligent sci-fi,https://image.tmdb.org/t/p/w300/tuGlQkqLxnodDSk6mp5c2wvxUEd.jpg
71494,"Haunted World of El Superbeasto, The (2009)","Action,Animation,Comedy,Horror,Thriller",5,23127.0,3.5,1,Narrative pisstake,Action Animation Comedy Horror Thriller Narrative pisstake,https://image.tmdb.org/t/p/w300/obOr6ir0UlLGqln6HVMa2My9ENs.jpg
71535,Zombieland (2009),"Action,Comedy,Horror",3,19908.0,3.8773584905660377,318,Bill Murray dark comedy Emma Stone funny Jesse Eisenberg Woody Harrelson,Action Comedy Horror Bill Murray dark comedy Emma Stone funny Jesse Eisenberg Woody Harrelson,https://image.tmdb.org/t/p/w300/dUkAmAyPVqubSBNRjRqCgHggZcK.jpg
71899,Mary and Max (2009),"Animation,Comedy,Drama",3,24238.0,4.2,130,bittersweet black comedy character study dark comedy friendship loneliness mental illness philosophical poignant quirky sad sweet touching,Animation Comedy Drama bittersweet black comedy character study dark comedy friendship loneliness mental illness philosophical poignant quirky sad sweet touching,https://image.tmdb.org/t/p/w300/ebmsM382m9IClLUzKYY2U5biFwM.jpg
72224,Gentlemen Broncos (2009),Comedy,1,22820.0,2.25,2,bad humor,Comedy bad humor,https://image.tmdb.org/t/p/w300/eRnUC60trqoRZuAtM8M3gOFT6ED.jpg
72998,Avatar (2009),"Action,Adventure,IMAX,Sci-Fi",4,19995.0,3.6030927835051547,1746,bad science futuristic graphic design James Cameron military poor dialogue sci-fi superficial plot unoriginal white guilt beautiful scenery music politics romance thought-provoking too long visually stunning,Action Adventure IMAX Sci-Fi bad science futuristic graphic design James Cameron military poor dialogue sci-fi superficial plot unoriginal white guilt beautiful scenery music politics romance thought-provoking too long visually stunning,https://image.tmdb.org/t/p/w300/gKY6q7SjCkAU6FqvqWybDYgUKIF.jpg
74458,Shutter Island (2010),"Drama,Mystery,Thriller",3,11324.0,4.022388059701493,469,insanity Leonardo DiCaprio Martin Scorsese plot twist psychological Psychological Thriller thought-provoking,Drama Mystery Thriller insanity Leonardo DiCaprio Martin Scorsese plot twist psychological Psychological Thriller thought-provoking,https://image.tmdb.org/t/p/w300/nrmXQ0zcZUL8jFLrakWc90IR8z9.jpg
74791,"Town Called Panic, A (Panique au village) (2009)",Animation,1,40623.0,3.75,4,surreal whimsical,Animation surreal whimsical,https://image.tmdb.org/t/p/w300/9Q1jtFU1zutKsAR9lwAl6YMkgZM.jpg
79132,Inception (2010),"Action,Crime,Drama,IMAX,Mystery,Sci-Fi,Thriller",7,27205.0,4.066433566433567,3718,action alternate reality Leonardo DiCaprio sci-fi thought-provoking visually appealing dreamlike surreal big budget clever complicated dead wife great soundtrack heist intellectual mindfuck philosophy psychological psychology suspense cerebral,Action Crime Drama IMAX Mystery Sci-Fi Thriller action alternate reality Leonardo DiCaprio sci-fi thought-provoking visually appealing dreamlike surreal big budget clever complicated dead wife great soundtrack heist intellectual mindfuck philosophy psychological psychology suspense cerebral,https://image.tmdb.org/t/p/w300/xlaY2zyzMfkhk0HSC5VUwzoZPU1.jpg
79702,Scott Pilgrim vs. the World (2010),"Action,Comedy,Fantasy,Musical,Romance",5,22538.0,3.7045454545454546,176,geeky Michael Cera stylized video games,Action Comedy Fantasy Musical Romance geeky Michael Cera stylized video games,https://image.tmdb.org/t/p/w300/g5IoYeudx9XBEfwNL0fHvSckLBz.jpg
80463,"Social Network, The (2010)",Drama,1,37799.0,3.8859649122807016,171,good dialogue loneliness witty,Drama good dialogue loneliness witty,https://image.tmdb.org/t/p/w300/n0ybibhJtQ5icDqTp8eRytcIHJx.jpg
80489,"Town, The (2010)","Crime,Drama,Thriller",3,23168.0,3.9545454545454546,88,crime FBI romance too much love interest,Crime Drama Thriller crime FBI romance too much love interest,https://image.tmdb.org/t/p/w300/3NIzyXkfylsjflRKSz8Fts3lXzm.jpg
80834,Sintel (2010),"Animation,Fantasy",2,45745.0,3.5,3,adventure animation fantasy,Animation Fantasy adventure animation fantasy,https://image.tmdb.org/t/p/w300/4BMG9hk9NvSBeQvC82sVmVRK140.jpg
80906,Inside Job (2010),Documentary,1,44639.0,4.291666666666667,72,business corruption economics investor corruption politics truth,Documentary business corruption economics investor corruption politics truth,https://image.tmdb.org/t/p/w300/7yXXIWec24htucjsZS1sDuPLqw8.jpg
81158,Restrepo (2010),"Documentary,War",2,39312.0,3.1666666666666665,3,american idolatry,Documentary War american idolatry,https://image.tmdb.org/t/p/w300/62DCMBMJU1ZVezVEawyatpFoJwI.jpg
81562,127 Hours (2010),"Adventure,Drama,Thriller",3,44115.0,3.8333333333333335,18,stranded,Adventure Drama Thriller stranded,https://image.tmdb.org/t/p/w300/h0RMdn0rfl9l5hWXz3tUh6QVkhi.jpg
81591,Black Swan (2010),"Drama,Thriller",2,44214.0,3.630952380952381,252,alter ego atmospheric creepy horror obsession surreal,Drama Thriller alter ego atmospheric creepy horror obsession surreal,https://image.tmdb.org/t/p/w300/viWheBd44bouiLCHgNMvahLThqx.jpg
82242,Rare Exports: A Christmas Tale (Rare Exports) (2010),"Action,Comedy",2,48395.0,4.25,2,male nudity,Action Comedy male nudity,https://image.tmdb.org/t/p/w300/jzaweEESl54ejxo3EE5uNL8lgTn.jpg
82459,True Grit (2010),Western,1,44264.0,3.75,140,atmospheric Coen Brothers Jeff Bridges Matt Damon predictable,Western atmospheric Coen Brothers Jeff Bridges Matt Damon predictable,https://image.tmdb.org/t/p/w300/tCrB8pcjadZjsDk7rleGJaIv78k.jpg
82461,Tron: Legacy (2010),"Action,Adventure,IMAX,Sci-Fi",4,20526.0,3.236842105263158,95,action choreography Horrid characterisation Poor plot development sequel soundtrack,Action Adventure IMAX Sci-Fi action choreography Horrid characterisation Poor plot development sequel soundtrack,https://image.tmdb.org/t/p/w300/8Nc6R8k7bG8frSiDJo0oLucF7dN.jpg
83134,Tucker & Dale vs Evil (2010),"Comedy,Horror",2,46838.0,3.9166666666666665,18,black comedy,Comedy Horror black comedy,https://image.tmdb.org/t/p/w300/8shwLEDzajJGSfLgbpac8x8xn1U.jpg
87430,Green Lantern (2011),"Action,Adventure,Sci-Fi",3,44912.0,2.35,90,audience intelligence underestimated CGI cheesy comic book DC DC Comics Ryan Reynolds space superhero,Action Adventure Sci-Fi audience intelligence underestimated CGI cheesy comic book DC DC Comics Ryan Reynolds space superhero,https://image.tmdb.org/t/p/w300/fj21HwUprqjjwTdkKC1XZurRSpV.jpg
88094,Upside Down: The Creation Records Story (2010),Documentary,1,64780.0,3.0,3,britpop indie record label music,Documentary britpop indie record label music,https://image.tmdb.org/t/p/w300/jV4USc1ivMeaaD0vMrfVfWiWmWb.jpg
88405,Friends with Benefits (2011),"Comedy,Romance",2,50544.0,3.05,180,comedy funny happy ending HOT actress Justin Timberlake Mila Kunis New York City romance sex,Comedy Romance comedy funny happy ending HOT actress Justin Timberlake Mila Kunis New York City romance sex,https://image.tmdb.org/t/p/w300/nKhhDFCdzxeJ3GUunQ570LDpUkz.jpg
89745,"Avengers, The (2012)","Action,Adventure,IMAX,Sci-Fi",4,24428.0,3.869565217391304,483,Captain America silly superhero superhero team fun great humor visually appealing,Action Adventure IMAX Sci-Fi Captain America silly superhero superhero team fun great humor visually appealing,https://image.tmdb.org/t/p/w300/RYMX2wcKCBAr24UyPD7xwmjaTn.jpg
89774,Warrior (2011),Drama,1,59440.0,3.727272727272727,33,Boxing story MMA Tom Hardy,Drama Boxing story MMA Tom Hardy,https://image.tmdb.org/t/p/w300/iM8n4nZJPR2abpnyZ36FUgHiRjr.jpg
90439,Margin Call (2011),"Drama,Thriller",2,50839.0,3.7857142857142856,63,bank big corporations business corruption financial crisis Kevin Spacey realistic suspense Wall Street,Drama Thriller bank big corporations business corruption financial crisis Kevin Spacey realistic suspense Wall Street,https://image.tmdb.org/t/p/w300/qtO57obCJuUBS0en3HLgFgZ19Xk.jpg
90769,Starsuckers (2009),Documentary,1,40658.0,4.0,3,celebrity fetishism mediacentralism system holism,Documentary celebrity fetishism mediacentralism system holism,https://image.tmdb.org/t/p/w300/1z05uhHmSdXV8LGM8DPnBkf86DU.jpg
91500,The Hunger Games (2012),"Action,Adventure,Drama,Sci-Fi,Thriller",5,70160.0,3.435185185185185,54,ending,Action Adventure Drama Sci-Fi Thriller ending,https://image.tmdb.org/t/p/w300/yXCbOiVDCxO71zI7cuwBRXdftq8.jpg
91529,"Dark Knight Rises, The (2012)","Action,Adventure,Crime,IMAX",4,49026.0,3.9934210526315788,608,Anne Hathaway Christian Bale Christopher Nolan comic book great ending Morgan Freeman political commentary superhero,Action Adventure Crime IMAX Anne Hathaway Christian Bale Christopher Nolan comic book great ending Morgan Freeman political commentary superhero,https://image.tmdb.org/t/p/w300/hr0L2aueqlP2BYUblTTjmtn0hw4.jpg
92259,Intouchables (2011),"Comedy,Drama",2,77338.0,4.108108108108108,74,emotional sexuality,Comedy Drama emotional sexuality,https://image.tmdb.org/t/p/w300/1QU7HKgsQbGpzsJbJK4pAVQV9F5.jpg
94959,Moonrise Kingdom (2012),"Comedy,Drama,Romance",3,83666.0,3.7758620689655173,29,quirky,Comedy Drama Romance quirky,https://image.tmdb.org/t/p/w300/y4SXcbNl6CEF2t36icuzuBioj7K.jpg
95067,"Thousand Words, A (2012)","Comedy,Drama",2,72358.0,2.8333333333333335,3,interesting scenario,Comedy Drama interesting scenario,https://image.tmdb.org/t/p/w300/hSxVSMHrW3epffELvi2CC5XdFXb.jpg
95441,Ted (2012),"Comedy,Fantasy",2,72105.0,3.2857142857142856,21,crude humor,Comedy Fantasy crude humor,https://image.tmdb.org/t/p/w300/1QVZXQQHCEIj8lyUhdBYd2qOYtq.jpg
95558,Beasts of the Southern Wild (2012),"Drama,Fantasy",2,84175.0,3.357142857142857,21,Beautiful emotional poetic,Drama Fantasy Beautiful emotional poetic,https://image.tmdb.org/t/p/w300/nQJmWekGYlXhezGUb21xFfEfwhH.jpg
96079,Skyfall (2012),"Action,Adventure,IMAX,Thriller",4,37724.0,3.81,150,beautiful cinematography beautifully filmed cinematography,Action Adventure IMAX Thriller beautiful cinematography beautifully filmed cinematography,https://image.tmdb.org/t/p/w300/d0IVecFQvsGdSbnMAHqiYsNYaJT.jpg
96084,Hands Over the City (Le mani sulla città) (1963),Drama,1,58383.0,4.5,3,city politics italy political right versus left,Drama city politics italy political right versus left,https://image.tmdb.org/t/p/w300/zR9uj0dtm5osrrpM7zwO5ndAtbh.jpg
96861,Taken 2 (2012),"Action,Crime,Drama,Thriller",4,82675.0,3.2857142857142856,35,Istanbul Liam Neeson predictable Turkey unnecessary sequel,Action Crime Drama Thriller Istanbul Liam Neeson predictable Turkey unnecessary sequel,https://image.tmdb.org/t/p/w300/yzAlcuJhpnxRPjaj7AHBRbNPQCJ.jpg
97304,Argo (2012),"Drama,Thriller",2,68734.0,3.982142857142857,84,cia politics Thrilling,Drama Thriller cia politics Thrilling,https://image.tmdb.org/t/p/w300/m5gPWFZFIp4UJFABgWyLkbXv8GX.jpg
97938,Life of Pi (2012),"Adventure,Drama,IMAX",3,87827.0,3.629032258064516,93,cinematography India surreal,Adventure Drama IMAX cinematography India surreal,https://image.tmdb.org/t/p/w300/iLgRu4hhSr6V1uManX6ukDriiSc.jpg
98809,"Hobbit: An Unexpected Journey, The (2012)","Adventure,Fantasy,IMAX",3,49051.0,3.8125,80,Action Myth,Adventure Fantasy IMAX Action Myth,https://image.tmdb.org/t/p/w300/yHA9Fc37VmpUA5UncTxxo3rTGVA.jpg
98961,Zero Dark Thirty (2012),"Action,Drama,Thriller",3,97630.0,4.107142857142857,70,Afghanistan American propaganda assassination military terrorism,Action Drama Thriller Afghanistan American propaganda assassination military terrorism,https://image.tmdb.org/t/p/w300/wNSdSSxowM3WIqmPJNg3RagYbwP.jpg
99114,Django Unchained (2012),"Action,Drama,Western",3,68718.0,3.943661971830986,852,action Christoph Waltz funny good soundtrack Great performances Humour Leonardo DiCaprio Quentin Tarantino Samuel L. Jackson Soundtrack western,Action Drama Western action Christoph Waltz funny good soundtrack Great performances Humour Leonardo DiCaprio Quentin Tarantino Samuel L. Jackson Soundtrack western,https://image.tmdb.org/t/p/w300/mhf63wOnaLCnzxeHgngTH98WaVh.jpg
99764,It's Such a Beautiful Day (2012),"Animation,Comedy,Drama,Fantasy,Sci-Fi",5,147538.0,4.25,8,moving philosopical surreal weird,Animation Comedy Drama Fantasy Sci-Fi moving philosopical surreal weird,
99917,Upstream Color (2013),"Romance,Sci-Fi,Thriller",3,145197.0,3.1666666666666665,18,artistic artsy atmospheric Beautiful dreamlike existentialism,Romance Sci-Fi Thriller artistic artsy atmospheric Beautiful dreamlike existentialism,https://image.tmdb.org/t/p/w300/tQ4IWxSYIgZVWnQwLCG8r6sUraU.jpg
100083,Movie 43 (2013),Comedy,1,87818.0,3.5,15,embarassing scenes offensive R language sarcasm satire,Comedy embarassing scenes offensive R language sarcasm satire,https://image.tmdb.org/t/p/w300/uYa06GxHsCsELx9vOQ11vsT0Aa6.jpg
101142,"Croods, The (2013)","Adventure,Animation,Comedy",3,49519.0,3.7777777777777777,27,animation funny stone age,Adventure Animation Comedy animation funny stone age,https://image.tmdb.org/t/p/w300/27zvjVOtOi5ped1HSlJKNsKXkFH.jpg
102007,"Invincible Iron Man, The (2007)",Animation,1,13647.0,3.0,1,animation,Animation animation,https://image.tmdb.org/t/p/w300/eebNTSRa5Hh5skPKGdGJIJpo9Ls.jpg
102903,Now You See Me (2013),"Crime,Mystery,Thriller",3,75656.0,3.409090909090909,88,illusions overcomplicated predictable stupid ending,Crime Mystery Thriller illusions overcomplicated predictable stupid ending,https://image.tmdb.org/t/p/w300/tWsNYbrqy1p1w6K9zRk0mSchztT.jpg
103042,Man of Steel (2013),"Action,Adventure,Fantasy,IMAX,Sci-Fi",5,49521.0,3.2954545454545454,44,Amy Adams superhero,Action Adventure Fantasy IMAX Sci-Fi Amy Adams superhero,https://image.tmdb.org/t/p/w300/cB46TSg3kGjq2eVy5kVUhlpUa1H.jpg
104218,Grown Ups 2 (2013),Comedy,1,109418.0,3.4,5,Adam Sandler,Comedy Adam Sandler,https://image.tmdb.org/t/p/w300/hT6ijOtjtYrnyDhN7VA2QWyGFAm.jpg
104841,Gravity (2013),"Action,IMAX,Sci-Fi",3,49047.0,3.578125,192,cliche characters long shots predictable Simple slow action visually appealing,Action IMAX Sci-Fi cliche characters long shots predictable Simple slow action visually appealing,https://image.tmdb.org/t/p/w300/kZ2nZw8D681aphje8NJi8EfbL1U.jpg
104863,What If (2013),"Comedy,Drama,Romance",3,212716.0,2.6666666666666665,6,daniel radcliffe zoe kazan,Comedy Drama Romance daniel radcliffe zoe kazan,https://image.tmdb.org/t/p/w300/67x9NJyjK4u02NpISnChDMKzCUr.jpg
104875,"History of Future Folk, The (2012)","Adventure,Comedy,Musical,Sci-Fi",4,115199.0,4.0,2,quirky,Adventure Comedy Musical Sci-Fi quirky,https://image.tmdb.org/t/p/w300/cJHq7n8fl6p5tY0Jr6GQ2uoO0rR.jpg
104879,Prisoners (2013),"Drama,Mystery,Thriller",3,146233.0,4.15625,128,absorbing acting atmospheric Hugh Jackman Jake Gyllenhaal morality mystery thriller,Drama Mystery Thriller absorbing acting atmospheric Hugh Jackman Jake Gyllenhaal morality mystery thriller,https://image.tmdb.org/t/p/w300/jsS3a3ep2KyBVmmiwaz3LvK49b1.jpg
104944,Short Term 12 (2013),Drama,1,169813.0,3.75,10,emotional feel-good heartwarming mental illness touching,Drama emotional feel-good heartwarming mental illness touching,https://image.tmdb.org/t/p/w300/iRYip0xx8sxM1TvgDQdK2YKV5pw.jpg
105504,Captain Phillips (2013),"Adventure,Drama,IMAX,Thriller",4,109424.0,4.0476190476190474,105,hostage ocean suspense tense,Adventure Drama IMAX Thriller hostage ocean suspense tense,https://image.tmdb.org/t/p/w300/8Td0kkocW6sD3uRpzwfMfkqMWhx.jpg
106100,Dallas Buyers Club (2013),Drama,1,152532.0,3.9705882352941178,51,Jared Leto social commentary uplifting,Drama Jared Leto social commentary uplifting,https://image.tmdb.org/t/p/w300/7Fdh7gUq3plvQqxRbNYhWvDABXA.jpg
106489,"Hobbit: The Desolation of Smaug, The (2013)","Adventure,Fantasy,IMAX",3,57158.0,3.58,100,adventure fantasy Tolkien too long,Adventure Fantasy IMAX adventure fantasy Tolkien too long,https://image.tmdb.org/t/p/w300/xQYiXsheRCDBA39DOrmaw1aSpbk.jpg
106766,Inside Llewyn Davis (2013),Drama,1,86829.0,3.642857142857143,28,atmospheric cinematography depressing funny,Drama atmospheric cinematography depressing funny,https://image.tmdb.org/t/p/w300/nNxK3pC3DMpPpWKMvo2p3liREVT.jpg
106782,"Wolf of Wall Street, The (2013)","Comedy,Crime,Drama",3,106646.0,3.9166666666666665,270,drugs Leonardo DiCaprio Martin Scorsese Stock Market Wall Street,Comedy Crime Drama drugs Leonardo DiCaprio Martin Scorsese Stock Market Wall Street,https://image.tmdb.org/t/p/w300/kW9LmvYHAaS9iA0tHmZVq8hQYoq.jpg
107348,Anchorman 2: The Legend Continues (2013),Comedy,1,109443.0,3.3636363636363638,44,comedy Steve Carell stupid but funny will ferrell,Comedy comedy Steve Carell stupid but funny will ferrell,https://image.tmdb.org/t/p/w300/BAdmxMdCqzjs6hx3KuEtnoWP8d.jpg
107406,Snowpiercer (2013),"Action,Drama,Sci-Fi",3,110415.0,3.4285714285714284,21,fatalistic,Action Drama Sci-Fi fatalistic,https://image.tmdb.org/t/p/w300/kw6YQudA0TMcNmGUGy5XIw7zbnV.jpg
108190,Divergent (2014),"Adventure,IMAX,Romance,Sci-Fi",4,157350.0,3.0,144,anti-intellectual bad writing dystopia new society plot holes predictable scifi unintelligent,Adventure IMAX Romance Sci-Fi anti-intellectual bad writing dystopia new society plot holes predictable scifi unintelligent,https://image.tmdb.org/t/p/w300/aNh4Q3iuPKDMPi2SL7GgOpiLukX.jpg
108932,The Lego Movie (2014),"Action,Adventure,Animation,Children,Comedy,Fantasy",6,137106.0,3.870967741935484,217,cheeky clever colorful feel-good fun imaginative quirky,Action Adventure Animation Children Comedy Fantasy cheeky clever colorful feel-good fun imaginative quirky,https://image.tmdb.org/t/p/w300/lbctonEnewCYZ4FYoTZhs8cidAl.jpg
109487,Interstellar (2014),"IMAX,Sci-Fi",2,157336.0,3.993150684931507,730,black hole sci-fi time-travel Christopher Nolan bad dialogue philosophical issues thought-provoking visually appealing,IMAX Sci-Fi black hole sci-fi time-travel Christopher Nolan bad dialogue philosophical issues thought-provoking visually appealing,https://image.tmdb.org/t/p/w300/yQvGrMoipbRoddT0ZR8tPoR7NfX.jpg
111364,Godzilla (2014),"Action,Adventure,IMAX,Sci-Fi",4,124905.0,2.6153846153846154,13,Creature Feature,Action Adventure IMAX Sci-Fi Creature Feature,https://image.tmdb.org/t/p/w300/tphkjmQq8WebuVwNXelmjLUXuPJ.jpg
111743,A Million Ways to Die in the West (2014),"Comedy,Western",2,188161.0,2.9583333333333335,48,Charlize Theron Liam Neeson Seth MacFarlane witty,Comedy Western Charlize Theron Liam Neeson Seth MacFarlane witty,https://image.tmdb.org/t/p/w300/n9SicwnoNGWBwE75le27sUhCLMm.jpg
112421,Frank (2014),"Comedy,Drama,Mystery",3,171372.0,4.333333333333333,18,adorable black comedy Eccentric introspection mental illness quirky,Comedy Drama Mystery adorable black comedy Eccentric introspection mental illness quirky,https://image.tmdb.org/t/p/w300/mGzqs4CHW8LomreoPATnyrTXk7j.jpg
112515,"Babadook, The (2014)","Drama,Horror,Thriller",3,242224.0,4.5,12,atmospheric dark Metaphorical psychological,Drama Horror Thriller atmospheric dark Metaphorical psychological,https://image.tmdb.org/t/p/w300/qt3fqapeo94TfvMyld8P7gkpXLz.jpg
112552,Whiplash (2014),Drama,1,244786.0,4.0394736842105265,342,passion psychological suspense jazz music tense inspirational inspiring intense,Drama passion psychological suspense jazz music tense inspirational inspiring intense,https://image.tmdb.org/t/p/w300/7fn624j5lj3xTme2SgiLCeuedmO.jpg
112556,Gone Girl (2014),"Drama,Thriller",2,210577.0,3.7162162162162162,74,annoying Stupid ending,Drama Thriller annoying Stupid ending,https://image.tmdb.org/t/p/w300/ts996lKsxvjkO2yiYG0ht4qAicO.jpg
112852,Guardians of the Galaxy (2014),"Action,Adventure,Sci-Fi",3,118340.0,4.0508474576271185,236,funny Great Visuals humorous unlikely hero,Action Adventure Sci-Fi funny Great Visuals humorous unlikely hero,https://image.tmdb.org/t/p/w300/r7vmZjiyZw9rpJMQJdXpjgiCOk9.jpg
113705,"Two Days, One Night (Deux jours, une nuit) (2014)",Drama,1,221902.0,3.5,1,bittersweet,Drama bittersweet,https://image.tmdb.org/t/p/w300/2qpZZ5a5Axpk8OeCtrvNTQfJiB2.jpg
114180,"Maze Runner, The (2014)","Action,Mystery,Sci-Fi",3,198663.0,2.9375,128,action dystopia plot holes post-apocalyptic survival thriller unexplained weak plot,Action Mystery Sci-Fi action dystopia plot holes post-apocalyptic survival thriller unexplained weak plot,https://image.tmdb.org/t/p/w300/ode14q7WtDugFDp78fo9lCsmay9.jpg
114627,Angel's Egg (Tenshi no tamago) (1985),"Animation,Drama,Fantasy",3,15916.0,3.25,8,atmospheric bizzare eerie symbolism,Animation Drama Fantasy atmospheric bizzare eerie symbolism,https://image.tmdb.org/t/p/w300/dcEUGvckbePFzPKhGXnS9T3kZMG.jpg
115149,John Wick (2014),"Action,Thriller",2,245891.0,3.8448275862068964,261,dark hero gun-fu Keanu Reeves Revenge secret society stylish action killer widows/widowers,Action Thriller dark hero gun-fu Keanu Reeves Revenge secret society stylish action killer widows/widowers,https://image.tmdb.org/t/p/w300/wXqWR7dHncNRbxoEGybEy7QTe9h.jpg
115617,Big Hero 6 (2014),"Action,Animation,Comedy",3,177572.0,3.8536585365853657,246,animation kids robots feel-good fun family movie very funny,Action Animation Comedy animation kids robots feel-good fun family movie very funny,https://image.tmdb.org/t/p/w300/2mxS4wUimwlLmI1xp6QW6NSU361.jpg
116797,The Imitation Game (2014),"Drama,Thriller,War",3,205596.0,4.02,100,inspirational intelligent,Drama Thriller War inspirational intelligent,https://image.tmdb.org/t/p/w300/zSqJ1qFq8NXFfi7JeIYMlzyR0dx.jpg
116897,Wild Tales (2014),"Comedy,Drama,Thriller",3,265195.0,4.25,60,black comedy dark comedy dark humor ironic multiple short stories short stories,Comedy Drama Thriller black comedy dark comedy dark humor ironic multiple short stories short stories,https://image.tmdb.org/t/p/w300/bU7IUeTdYFOgeUPtwpWKQNhORMC.jpg
117877,The Rabbi's Cat (Le chat du rabbin) (2011),"Adventure,Animation",2,75491.0,3.0,2,philosophical trippy,Adventure Animation philosophical trippy,https://image.tmdb.org/t/p/w300/pcjwhq6hF3z2Wir0ZcKHTxmtRsH.jpg
117887,Paddington (2014),"Children,Comedy",2,116149.0,4.0,4,heartwarming,Children Comedy heartwarming,https://image.tmdb.org/t/p/w300/wpchRGhRhvhtU083PfX2yixXtiw.jpg
118696,The Hobbit: The Battle of the Five Armies (2014),"Adventure,Fantasy",2,122917.0,3.4166666666666665,18,hope,Adventure Fantasy hope,https://image.tmdb.org/t/p/w300/xT98tLqatZPQApyRmlPL12LtiWp.jpg
118784,Good Copy Bad Copy (2007),Documentary,1,22285.0,3.5,3,documentary music industry remix culture,Documentary documentary music industry remix culture,https://image.tmdb.org/t/p/w300/njFt25F9as6CPhsK8diNsF8An4d.jpg
118985,Big Eyes (2014),Drama,1,87093.0,3.75,2,painter,Drama painter,https://image.tmdb.org/t/p/w300/203HAjJcLMl7xThcTqZx4zmEGcV.jpg
119141,The Interview (2014),"Action,Comedy",2,228967.0,3.4583333333333335,72,bloody bromance comedy funny James Franco Seth Rogen,Action Comedy bloody bromance comedy funny James Franco Seth Rogen,https://image.tmdb.org/t/p/w300/tIDC4xT65l7a8qbgg8GvwD5g8c5.jpg
119145,Kingsman: The Secret Service (2015),"Action,Adventure,Comedy,Crime",4,207703.0,3.986111111111111,36,slick,Action Adventure Comedy Crime slick,https://image.tmdb.org/t/p/w300/r6q9wZK5a2K51KFj4LWVID6Ja1r.jpg
120635,Taken 3 (2015),"Action,Crime,Thriller",3,260346.0,2.7,15,action murder police,Action Crime Thriller action murder police,https://image.tmdb.org/t/p/w300/vzvMXMypMq7ieDofKThsxjHj9hn.jpg
122882,Mad Max: Fury Road (2015),"Action,Adventure,Sci-Fi,Thriller",4,76341.0,3.8191489361702127,141,beautiful cinematography visually appealing,Action Adventure Sci-Fi Thriller beautiful cinematography visually appealing,https://image.tmdb.org/t/p/w300/hA2ple9q4qnwxp3hKVNhroipsir.jpg
122912,Avengers: Infinity War - Part I (2018),"Action,Adventure,Sci-Fi",3,299536.0,4.0,195,comic book Dr. Strange Great villain Guardians of the Galaxy Marvel MCU Robert Downey Jr. Thanos Thor Visually stunning Dark emotional Sad Visually appealing,Action Adventure Sci-Fi comic book Dr. Strange Great villain Guardians of the Galaxy Marvel MCU Robert Downey Jr. Thanos Thor Visually stunning Dark emotional Sad Visually appealing,https://image.tmdb.org/t/p/w300/7WsyChQLEftFiDOVTGkv3hFpyyt.jpg
122916,Thor: Ragnarok (2017),"Action,Adventure,Sci-Fi",3,284053.0,4.025,100,awesome humor quirky unconventional white guilt,Action Adventure Sci-Fi awesome humor quirky unconventional white guilt,https://image.tmdb.org/t/p/w300/rzRwTcFvttcN1ZpX2xv4j3tSdJu.jpg
122918,Guardians of the Galaxy 2 (2017),"Action,Adventure,Sci-Fi",3,283995.0,3.925925925925926,27,fun,Action Adventure Sci-Fi fun,https://image.tmdb.org/t/p/w300/y4MBh0EjBlMuOzv9axM4qJlmhzz.jpg
122922,Doctor Strange (2016),"Action,Adventure,Sci-Fi",3,284052.0,3.7045454545454546,22,visually appealing,Action Adventure Sci-Fi visually appealing,https://image.tmdb.org/t/p/w300/xf8PbyQcR5ucXErmZNzdKR0s8ya.jpg
126548,The DUFF (2015),Comedy,1,272693.0,3.25,12,funny high school,Comedy funny high school,https://image.tmdb.org/t/p/w300/A6ScveWmIPL9vSYyULD8ObqyHDQ.jpg
127172,A Story of Children and Film (2013),Documentary,1,194537.0,3.5,3,film history poetic representation of children,Documentary film history poetic representation of children,https://image.tmdb.org/t/p/w300/61lbpT6ucASzSuXS9887wEao688.jpg
127298,A Pigeon Sat on a Branch Reflecting on Existence (2014),"Comedy,Drama",2,110390.0,4.0,4,depressing understated,Comedy Drama depressing understated,https://image.tmdb.org/t/p/w300/h2uRIr0fNpZbTGH5youi7MDRL2T.jpg
128360,The Hateful Eight (2015),Western,1,273248.0,3.75,162,characters Dialogue humor Kurt Russell Quentin Tarantino Samuel L. Jackson tension building violent Western,Western characters Dialogue humor Kurt Russell Quentin Tarantino Samuel L. Jackson tension building violent Western,https://image.tmdb.org/t/p/w300/jIywvdPjia2t3eKYbjVTcwBQlG8.jpg
134130,The Martian (2015),"Adventure,Drama,Sci-Fi",3,286217.0,4.0,48,smart,Adventure Drama Sci-Fi smart,https://image.tmdb.org/t/p/w300/3ndAx3weG6KDkJIRMCi5vXX6Dyb.jpg
134170,Kung Fury (2015),"Action,Comedy,Fantasy,Sci-Fi",4,251516.0,3.7142857142857144,21,funny ridiculous silly,Action Comedy Fantasy Sci-Fi funny ridiculous silly,https://image.tmdb.org/t/p/w300/f1QpIlCqlFXp1hjnLplXb5irxip.jpg
135133,The Hunger Games: Mockingjay - Part 2 (2015),"Adventure,Sci-Fi",2,131634.0,3.7,70,dystopia Jennifer Lawrence love story nonsense politics rebellion revolution,Adventure Sci-Fi dystopia Jennifer Lawrence love story nonsense politics rebellion revolution,https://image.tmdb.org/t/p/w300/lImKHDfExAulp16grYm8zD5eONE.jpg
135518,Self/less (2015),"Action,Mystery,Sci-Fi,Thriller",4,238615.0,2.75,8,Ben Kingsley ethics immortality ryan reynolds,Action Mystery Sci-Fi Thriller Ben Kingsley ethics immortality ryan reynolds,https://image.tmdb.org/t/p/w300/6ri3y5n3BXahy6lu2i0ndrqA4CA.jpg
135536,Suicide Squad (2016),"Action,Crime,Sci-Fi",3,297761.0,2.9166666666666665,228,Bad story Bad writing Batman Ben Affleck comic book dc comics good soundtrack Harley Quinn Harley Quinn's ass Horrible directing Jared Leto Joker lack of plot Margot Robbie Poor story poorly paced superhero visually appealing Will Smith,Action Crime Sci-Fi Bad story Bad writing Batman Ben Affleck comic book dc comics good soundtrack Harley Quinn Harley Quinn's ass Horrible directing Jared Leto Joker lack of plot Margot Robbie Poor story poorly paced superhero visually appealing Will Smith,https://image.tmdb.org/t/p/w300/sk3FZgh3sRrmr8vyhaitNobMcfh.jpg
136864,Batman v Superman: Dawn of Justice (2016),"Action,Adventure,Fantasy,Sci-Fi",4,209112.0,2.34375,144,action batman ben affleck dark dc comics Gal Gadot superhero superman wonderwoman,Action Adventure Fantasy Sci-Fi action batman ben affleck dark dc comics Gal Gadot superhero superman wonderwoman,https://image.tmdb.org/t/p/w300/5UsK3grJvtQrtzEgqNlDljJW96w.jpg
138036,The Man from U.N.C.L.E. (2015),"Action,Adventure,Comedy",3,203801.0,3.4722222222222223,36,slick stylish,Action Adventure Comedy slick stylish,https://image.tmdb.org/t/p/w300/y5yZaForGSJbPD66Cvq9AT5WMAD.jpg
139385,The Revenant (2015),"Adventure,Drama",2,281957.0,3.903225806451613,217,leonardo DiCarpio survival tom hardy visually appealing cinematography Visually Striking,Adventure Drama leonardo DiCarpio survival tom hardy visually appealing cinematography Visually Striking,https://image.tmdb.org/t/p/w300/ji3ecJphATlVgWNY0B0RVXZizdf.jpg
139644,Sicario (2015),"Crime,Drama,Mystery",3,273481.0,3.5454545454545454,22,atmospheric tension,Crime Drama Mystery atmospheric tension,https://image.tmdb.org/t/p/w300/lz8vNyXeidqqOdJW9ZjnDAMb5Vr.jpg
140174,Room (2015),Drama,1,264644.0,3.5625,16,moving touching,Drama moving touching,https://image.tmdb.org/t/p/w300/2hHDMeYyZjbGWn0BeNH1cTMxuM7.jpg
141890,Beasts of No Nation (2015),"Drama,War",2,283587.0,3.0,2,Moving,Drama War Moving,https://image.tmdb.org/t/p/w300/1D4vcJmJc58WXarpRtwgd2do9Rg.jpg
143367,Silence (2016),"Drama,Thriller",2,68730.0,3.75,8,contemplative philosophical thought-provoking tragic,Drama Thriller contemplative philosophical thought-provoking tragic,https://image.tmdb.org/t/p/w300/x5T0cQDYws0xRBVG4Q3wpcrcmax.jpg
144210,Just Eat It: A Food Waste Story (2014),Documentary,1,259985.0,4.0,2,dumpster diving Sustainability,Documentary dumpster diving Sustainability,https://image.tmdb.org/t/p/w300/eVQ3XX6MJELZOLIuWuCv1lpM1MW.jpg
148626,"Big Short, The (2015)",Drama,1,318846.0,3.9615384615384617,78,funny interesting Witty,Drama funny interesting Witty,https://image.tmdb.org/t/p/w300/scVEaJEwP8zUix8vgmMoJJ9Nq0w.jpg
148881,World of Tomorrow (2015),"Animation,Comedy",2,303867.0,4.5,4,Existential surreal,Animation Comedy Existential surreal,https://image.tmdb.org/t/p/w300/5s7DSOek7Bk2CvcG1zX01bJzJ0x.jpg
152077,10 Cloverfield Lane (2016),Thriller,1,333371.0,3.6785714285714284,28,creepy suspense,Thriller creepy suspense,https://image.tmdb.org/t/p/w300/q8A39vcBDruhvoDTJd6L8a4lnTi.jpg
152711,Who Killed Chea Vichea? (2010),Documentary,1,148184.0,5.0,5,Cambodia crime human rights murder procedural,Documentary Cambodia crime human rights murder procedural,
153070,Rabbits (2002),"Comedy,Drama,Fantasy",3,44351.0,3.5,1,nightmare,Comedy Drama Fantasy nightmare,https://image.tmdb.org/t/p/w300/8LHeas839avkylUmw1Q4uutZeR4.jpg
155288,Eye in the Sky (2016),"Drama,Thriller,War",3,333352.0,2.8333333333333335,6,suspense thought-provoking,Drama Thriller War suspense thought-provoking,https://image.tmdb.org/t/p/w300/faRGb9SuyGuZpsNRoIxoVSLLCId.jpg
156371,Everybody Wants Some (2016),Comedy,1,295699.0,4.166666666666667,3,80's,Comedy 80's,https://image.tmdb.org/t/p/w300/vAIFZ8bw0spSvcIYgfuX99B3H2w.jpg
156605,Paterson,(no genres listed),1,370755.0,4.5,3,quirky sweet understated,(no genres listed) quirky sweet understated,https://image.tmdb.org/t/p/w300/AuJ1ZlfqwuAr9H5Qr1U9KILylse.jpg
158872,Sausage Party (2016),"Animation,Comedy",2,223702.0,3.642857142857143,35,Crude humor mindfuck sarcasm satire Vulgar,Animation Comedy Crude humor mindfuck sarcasm satire Vulgar,https://image.tmdb.org/t/p/w300/vNgdPJQ5CI60oEiiHLKRNrsDhMy.jpg
158966,Captain Fantastic (2016),Drama,1,334533.0,4.5,30,building a family creative freedom good writing individualism Viggo Mortensen,Drama building a family creative freedom good writing individualism Viggo Mortensen,https://image.tmdb.org/t/p/w300/2sFME73GaD8UsUxPUKe60cPdLif.jpg
161634,Don't Breathe (2016),Thriller,1,300669.0,3.3,5,intense,Thriller intense,https://image.tmdb.org/t/p/w300/dSxHyPZ2nipSfvdft4IhQKjk5eZ.jpg
164179,Arrival (2016),Sci-Fi,1,329865.0,3.980769230769231,182,beautiful visuals Cerebral cinematography good cinematography smart thought-provoking visually appealing,Sci-Fi beautiful visuals Cerebral cinematography good cinematography smart thought-provoking visually appealing,https://image.tmdb.org/t/p/w300/pEzNVQfdzYDzVK0XqxERIw2x2se.jpg
164909,La La Land (2016),"Comedy,Drama,Romance",3,313369.0,3.388888888888889,18,Bittersweet visually appealing,Comedy Drama Romance Bittersweet visually appealing,https://image.tmdb.org/t/p/w300/uDO8zWDhfWwoFdKS4fzkUJt0Rf0.jpg
167746,The Lego Batman Movie (2017),"Action,Animation,Comedy",3,324849.0,3.7142857142857144,14,funny heartwarming,Action Animation Comedy funny heartwarming,https://image.tmdb.org/t/p/w300/e1TliRWOdXQ73pRunbpFiGst6Kd.jpg
168248,John Wick: Chapter Two (2017),"Action,Crime,Thriller",3,324552.0,4.142857142857143,56,action dark hero gun tactics hitman Keanu Reeves organized crime secret society Heroic Bloodshed,Action Crime Thriller action dark hero gun tactics hitman Keanu Reeves organized crime secret society Heroic Bloodshed,https://image.tmdb.org/t/p/w300/hXWBc0ioZP3cN4zCu6SN3YHXZVO.jpg
168252,Logan (2017),"Action,Sci-Fi",2,263115.0,4.28,125,dark emotional gritty heartbreaking predictible plot,Action Sci-Fi dark emotional gritty heartbreaking predictible plot,https://image.tmdb.org/t/p/w300/fnbjcRDYn6YviCcePDnGdyAkYsB.jpg
170945,It Comes at Night (2017),"Horror,Mystery,Thriller",3,418078.0,3.5,2,paranoia Suspenseful,Horror Mystery Thriller paranoia Suspenseful,https://image.tmdb.org/t/p/w300/rNKJpFMlOZn5zkzBPZxEJrQn5Km.jpg
174053,Black Mirror: White Christmas (2014),"Drama,Horror,Mystery,Sci-Fi,Thriller",5,374430.0,4.75,20,Dystopia future interesting jon hamm thought provoking,Drama Horror Mystery Sci-Fi Thriller Dystopia future interesting jon hamm thought provoking,
174055,Dunkirk (2017),"Action,Drama,Thriller,War",4,374720.0,3.423076923076923,39,brilliant inspiring tense,Action Drama Thriller War brilliant inspiring tense,https://image.tmdb.org/t/p/w300/b4Oe15CGLL61Ped0RAS9JpqdmCt.jpg
176371,Blade Runner 2049 (2017),Sci-Fi,1,335984.0,3.8055555555555554,144,atmospheric beautiful cinematography dark dreamlike existentialism moody philosophical,Sci-Fi atmospheric beautiful cinematography dark dreamlike existentialism moody philosophical,https://image.tmdb.org/t/p/w300/gajva2L0rPYkEWjzgFlBXCAVBE5.jpg
176419,Mother! (2017),"Drama,Horror,Mystery,Thriller",4,381283.0,3.25,6,allegorical uncomfortable unsettling,Drama Horror Mystery Thriller allegorical uncomfortable unsettling,https://image.tmdb.org/t/p/w300/fjny9chXPx69ln1LMJxbwi5yHMt.jpg
179401,Jumanji: Welcome to the Jungle (2017),"Action,Adventure,Children",3,353486.0,3.6666666666666665,24,Action Comedy Dwayne Johnson funny,Action Adventure Children Action Comedy Dwayne Johnson funny,https://image.tmdb.org/t/p/w300/pSgXKPU5h6U89ipF7HBYajvYt7j.jpg
180031,The Shape of Water (2017),"Adventure,Drama,Fantasy",3,399055.0,3.6875,16,atmospheric dreamlike,Adventure Drama Fantasy atmospheric dreamlike,https://image.tmdb.org/t/p/w300/9zfwPffUXpBrEP26yp0q1ckXDcj.jpg
180985,The Greatest Showman (2017),Drama,1,316029.0,3.0,5,bad music,Drama bad music,https://image.tmdb.org/t/p/w300/b9CeobiihCx1uG1tpw8hXmpi7nm.jpg
183611,Game Night (2018),"Action,Comedy,Crime,Horror",4,445571.0,4.0,3,Comedy funny Rachel McAdams,Action Comedy Crime Horror Comedy funny Rachel McAdams,https://image.tmdb.org/t/p/w300/85R8LMyn9f2Lev2YPBF8Nughrkv.jpg
184471,Tomb Raider (2018),"Action,Adventure,Fantasy",3,338970.0,2.5,12,adventure Alicia Vikander video game adaptation,Action Adventure Fantasy adventure Alicia Vikander video game adaptation,https://image.tmdb.org/t/p/w300/s4Qn5LF6OwK4rIifmthIDtbqDSs.jpg
187593,Deadpool 2 (2018),"Action,Comedy,Sci-Fi",3,383498.0,3.875,36,Josh Brolin Ryan Reynolds sarcasm,Action Comedy Sci-Fi Josh Brolin Ryan Reynolds sarcasm,https://image.tmdb.org/t/p/w300/to0spRl1CMDvyUbOnbb4fTk3VAd.jpg
187595,Solo: A Star Wars Story (2018),"Action,Adventure,Children,Sci-Fi",4,348350.0,3.9,10,Emilia Clarke star wars,Action Adventure Children Sci-Fi Emilia Clarke star wars,https://image.tmdb.org/t/p/w300/4oD6VEccFkorEBTEDXtpLAaz0Rl.jpg
193565,Gintama: The Movie (2010),"Action,Animation,Comedy,Sci-Fi",4,71172.0,3.5,4,anime comedy gintama remaster,Action Animation Comedy Sci-Fi anime comedy gintama remaster,https://image.tmdb.org/t/p/w300/E3RT3f8oOuPS2pMhgH47TKBPgu.jpg
